model;difficulty_score;difficulty_score_article;difficulty_score_article_capped_100
Model_1000000001;67,557349;31,632653;31,632653
Model_1000000002;56,338431;11,928571;11,928571
Model_1000000003;72,135796;28,938776;28,938776
model_1;25,701766;6,642857;6,642857
model_10;25,730780;7,459184;7,459184
model_100;82,065485;195,744898;100,000000
model_1000;15,248823;2,938776;2,938776
model_10000;28,778900;7,102041;7,102041
model_100000;38,689101;36,275510;36,275510
model_10000000;16,152387;4,591837;4,591837
model_10000001;25,087291;7,112245;7,112245
model_10000002;45,096383;12,571429;12,571429
model_10000003;21,525899;4,897959;4,897959
model_10000004;16,152387;4,591837;4,591837
model_10000005;15,687275;2,377551;2,377551
model_10000006;45,096383;12,571429;12,571429
model_10000007;26,716179;21,193878;21,193878
model_10000008;15,687275;2,377551;2,377551
model_10000009;39,358800;23,326531;23,326531
model_10000010;45,096383;12,571429;12,571429
model_10000011;20,479752;6,591837;6,591837
model_10000012;22,136163;11,428571;11,428571
model_10000013;27,873028;11,744898;11,744898
model_10000014;31,076585;14,897959;14,897959
model_10000015;28,361118;19,051020;19,051020
model_10000016;27,873028;11,744898;11,744898
model_10000017;22,136163;11,428571;11,428571
model_10000018;16,743895;5,306122;5,306122
model_10000019;31,703411;12,653061;12,653061
model_10000020;41,360874;12,295918;12,295918
model_10000021;39,358800;23,326531;23,326531
model_10000022;25,884500;11,173469;11,173469
model_10000023;38,335231;13,234694;13,234694
model_10000024;32,127577;12,173469;12,173469
model_10000025;44,460686;11,867347;11,867347
model_10000026;15,687275;2,377551;2,377551
model_10000027;34,409334;12,591837;12,591837
model_10000028;31,703411;12,653061;12,653061
model_10000029;40,679039;10,193878;10,193878
model_10000030;32,108707;16,530612;16,530612
model_10000031;18,578480;3,214286;3,214286
model_10000032;27,873028;11,744898;11,744898
model_10000033;39,358800;23,326531;23,326531
model_10000034;45,075828;33,346939;33,346939
model_10000035;22,136163;11,428571;11,428571
model_10000036;49,056443;21,346939;21,346939
model_10000037;27,873028;11,744898;11,744898
model_10000038;40,679039;10,193878;10,193878
model_10000039;22,136163;11,428571;11,428571
model_10000040;45,096383;12,571429;12,571429
model_10000041;35,889619;25,183673;25,183673
model_10000042;27,873028;11,744898;11,744898
model_10000043;43,913635;18,163265;18,163265
model_10000044;22,136163;11,428571;11,428571
model_10000045;43,913635;18,163265;18,163265
model_10000046;15,687275;2,377551;2,377551
model_10000047;36,248308;27,224490;27,224490
model_10000048;15,687275;2,377551;2,377551
model_10000049;40,679039;10,193878;10,193878
model_10000050;16,152387;4,591837;4,591837
model_10000051;45,096383;12,571429;12,571429
model_10000052;38,189900;8,530612;8,530612
model_10000053;32,127577;12,173469;12,173469
model_10000054;22,136163;11,428571;11,428571
model_10000055;16,152387;4,591837;4,591837
model_10000056;22,136163;11,428571;11,428571
model_10000057;37,461534;12,826531;12,826531
model_10000058;16,152387;4,591837;4,591837
model_10000059;28,195760;10,224490;10,224490
model_10000060;16,622676;7,704082;7,704082
model_10000061;31,076585;14,897959;14,897959
model_10000062;15,687275;2,377551;2,377551
model_10000063;32,367444;13,357143;13,357143
model_10000064;17,486799;14,561224;14,561224
model_10000065;16,152387;4,591837;4,591837
model_10000066;40,679039;10,193878;10,193878
model_10000067;28,007002;12,102041;12,102041
model_10000068;34,966809;7,510204;7,510204
model_10000069;22,136163;11,428571;11,428571
model_10000070;29,886638;23,020408;23,020408
model_10000071;33,666378;17,510204;17,510204
model_10000072;15,687275;2,377551;2,377551
model_10000073;45,659951;13,275510;13,275510
model_10000074;31,076585;14,897959;14,897959
model_10000075;27,873028;11,744898;11,744898
model_10000076;16,152387;4,591837;4,591837
model_10000077;30,288438;16,285714;16,285714
model_10000078;31,314807;18,428571;18,428571
model_10000079;39,819037;9,132653;9,132653
model_10000080;40,679039;10,193878;10,193878
model_10000081;40,467396;9,959184;9,959184
model_10000082;39,358800;23,326531;23,326531
model_10000083;20,888760;9,000000;9,000000
model_10000084;24,600682;10,500000;10,500000
model_10000085;22,136163;11,428571;11,428571
model_10000087;39,358800;23,326531;23,326531
model_10000088;16,053943;2,734694;2,734694
model_10000089;45,096383;12,571429;12,571429
model_10000090;45,096383;12,571429;12,571429
model_10000091;33,156846;15,040816;15,040816
model_10000092;16,152387;4,591837;4,591837
model_10000093;39,358800;23,326531;23,326531
model_10000094;27,873028;11,744898;11,744898
model_10000095;45,096383;12,571429;12,571429
model_10000096;45,096383;12,571429;12,571429
model_10000097;18,578480;3,214286;3,214286
model_10000098;27,868594;17,520408;17,520408
model_10000099;39,358800;23,326531;23,326531
model_100001;38,140274;26,530612;26,530612
model_10000100;28,361118;19,051020;19,051020
model_10000101;40,467396;9,959184;9,959184
model_10000102;20,075850;9,438776;9,438776
model_10000103;26,349385;12,367347;12,367347
model_10000104;6,289214;1,061224;1,061224
model_10000105;15,687275;2,377551;2,377551
model_10000106;28,361118;19,051020;19,051020
model_10000107;20,297251;8,285714;8,285714
model_10000108;40,679039;10,193878;10,193878
model_10000109;45,096383;12,571429;12,571429
model_10000110;45,096383;12,571429;12,571429
model_10000111;45,506181;12,571429;12,571429
model_10000112;40,679039;10,193878;10,193878
model_10000113;49,056443;21,346939;21,346939
model_10000114;27,873028;11,744898;11,744898
model_10000115;27,873028;11,744898;11,744898
model_10000116;17,330293;3,826531;3,826531
model_10000117;15,687275;2,377551;2,377551
model_10000118;45,291423;12,806122;12,806122
model_10000119;21,202475;4,540816;4,540816
model_10000120;45,096383;12,571429;12,571429
model_10000121;34,875232;10,122449;10,122449
model_10000122;37,999743;17,948980;17,948980
model_10000123;45,096383;12,571429;12,571429
model_10000124;22,910456;6,275510;6,275510
model_10000125;33,110738;9,357143;9,357143
model_10000126;45,096383;12,571429;12,571429
model_10000127;44,528935;19,459184;19,459184
model_10000128;16,152387;4,591837;4,591837
model_10000129;22,136163;11,428571;11,428571
model_10000130;22,910456;6,275510;6,275510
model_10000131;16,152387;4,591837;4,591837
model_10000132;20,888760;9,000000;9,000000
model_10000133;27,873028;11,744898;11,744898
model_10000134;28,007002;12,102041;12,102041
model_10000135;18,578480;3,214286;3,214286
model_10000136;45,096383;12,571429;12,571429
model_10000137;22,136163;11,428571;11,428571
model_10000138;42,929152;29,653061;29,653061
model_10000139;26,066668;9,989796;9,989796
model_10000140;15,687275;2,377551;2,377551
model_10000141;22,136163;11,428571;11,428571
model_10000142;47,208101;14,408163;14,408163
model_10000143;17,965743;2,500000;2,500000
model_10000144;40,679039;10,193878;10,193878
model_10000145;15,687275;2,377551;2,377551
model_10000146;43,913635;18,163265;18,163265
model_10000147;45,096383;12,571429;12,571429
model_10000148;22,548939;6,734694;6,734694
model_10000149;22,136163;11,428571;11,428571
model_10000150;16,152387;4,591837;4,591837
model_10000151;20,308660;5,255102;5,255102
model_10000152;28,361118;19,051020;19,051020
model_10000153;44,893381;12,336735;12,336735
model_10000154;41,665305;15,561224;15,561224
model_10000155;45,096383;12,571429;12,571429
model_10000156;28,792732;5,938776;5,938776
model_10000157;35,637333;14,755102;14,755102
model_10000158;28,361118;19,051020;19,051020
model_10000159;22,136163;11,428571;11,428571
model_10000160;30,485077;23,734694;23,734694
model_10000161;40,679039;10,193878;10,193878
model_10000162;39,358800;23,326531;23,326531
model_10000163;45,096383;12,571429;12,571429
model_10000164;22,910456;6,275510;6,275510
model_10000165;43,323123;14,857143;14,857143
model_10000166;35,974124;13,520408;13,520408
model_10000167;45,096383;12,571429;12,571429
model_10000168;27,020557;16,377551;16,377551
model_10000169;22,379001;8,397959;8,397959
model_10000170;40,679039;10,193878;10,193878
model_10000171;15,687275;2,377551;2,377551
model_10000172;45,096383;12,571429;12,571429
model_10000173;45,096383;12,571429;12,571429
model_10000174;16,053943;2,734694;2,734694
model_10000175;30,087705;10,163265;10,163265
model_10000176;25,087291;7,112245;7,112245
model_10000177;15,687275;2,377551;2,377551
model_10000178;15,687275;2,377551;2,377551
model_10000179;24,117654;8,867347;8,867347
model_10000180;34,875232;10,122449;10,122449
model_10000181;28,761469;5,204082;5,204082
model_10000182;27,873028;11,744898;11,744898
model_10000183;24,786441;10,244898;10,244898
model_10000184;22,136163;11,428571;11,428571
model_10000185;13,327407;5,540816;5,540816
model_10000186;22,136163;11,428571;11,428571
model_10000187;32,108707;16,530612;16,530612
model_10000188;32,598454;19,663265;19,663265
model_10000189;15,687275;2,377551;2,377551
model_10000190;37,461534;12,826531;12,826531
model_10000191;15,687275;2,377551;2,377551
model_10000192;39,358800;23,326531;23,326531
model_10000193;37,999743;17,948980;17,948980
model_10000194;19,941099;11,938776;11,938776
model_10000195;39,358800;23,326531;23,326531
model_10000196;40,679039;10,193878;10,193878
model_10000197;34,875232;10,122449;10,122449
model_10000198;44,033468;18,397959;18,397959
model_10000199;40,679039;10,193878;10,193878
model_100002;42,195280;49,846939;49,846939
model_10000200;40,679039;10,193878;10,193878
model_10000201;40,679039;10,193878;10,193878
model_10000202;25,087291;7,112245;7,112245
model_10000203;26,476859;18,112245;18,112245
model_10000204;31,076585;14,897959;14,897959
model_10000205;15,687275;2,377551;2,377551
model_10000206;15,687275;2,377551;2,377551
model_10000207;15,687275;2,377551;2,377551
model_10000208;18,578480;3,214286;3,214286
model_10000209;37,461534;12,826531;12,826531
model_10000210;16,258161;2,734694;2,734694
model_10000211;28,361118;19,051020;19,051020
model_10000212;32,598454;19,663265;19,663265
model_10000213;45,096383;12,571429;12,571429
model_10000214;26,716179;21,193878;21,193878
model_10000215;27,873028;11,744898;11,744898
model_10000216;16,152387;4,591837;4,591837
model_10000217;22,136163;11,428571;11,428571
model_10000218;26,662983;6,071429;6,071429
model_10000219;34,966809;7,510204;7,510204
model_10000220;34,875232;10,122449;10,122449
model_10000221;28,361118;19,051020;19,051020
model_10000222;40,679039;10,193878;10,193878
model_10000223;25,087291;7,112245;7,112245
model_10000224;37,999743;17,948980;17,948980
model_10000225;45,096383;12,571429;12,571429
model_10000226;41,665305;15,561224;15,561224
model_10000227;12,444160;9,551020;9,551020
model_10000228;45,096383;12,571429;12,571429
model_10000229;40,467396;9,959184;9,959184
model_10000230;13,857714;2,377551;2,377551
model_10000231;15,687275;2,377551;2,377551
model_10000232;34,875232;10,122449;10,122449
model_10000233;22,136163;11,428571;11,428571
model_10000234;39,358800;23,326531;23,326531
model_10000235;15,687275;2,377551;2,377551
model_10000236;34,213031;11,581633;11,581633
model_10000237;26,476859;18,112245;18,112245
model_10000238;47,324617;20,244898;20,244898
model_10000239;26,716179;21,193878;21,193878
model_10000240;40,679039;10,193878;10,193878
model_10000241;16,152387;4,591837;4,591837
model_10000242;28,361118;19,051020;19,051020
model_10000243;21,202475;4,540816;4,540816
model_10000244;22,136163;11,428571;11,428571
model_10000245;15,687275;2,377551;2,377551
model_10000246;34,966809;7,510204;7,510204
model_10000247;27,873028;11,744898;11,744898
model_10000248;32,127577;12,173469;12,173469
model_10000249;19,297227;14,591837;14,591837
model_10000250;29,470509;11,051020;11,051020
model_10000251;31,076585;14,897959;14,897959
model_10000252;34,925200;9,183673;9,183673
model_10000253;27,873028;11,744898;11,744898
model_10000254;11,669158;2,612245;2,612245
model_10000255;27,873028;11,744898;11,744898
model_10000256;32,108707;16,530612;16,530612
model_10000257;29,886638;23,020408;23,020408
model_10000258;15,687275;2,377551;2,377551
model_10000259;37,844251;13,295918;13,295918
model_10000260;26,271550;8,959184;8,959184
model_10000261;21,202475;4,540816;4,540816
model_10000262;15,687275;2,377551;2,377551
model_10000263;34,875232;10,122449;10,122449
model_10000264;28,361118;19,051020;19,051020
model_10000265;16,152387;4,591837;4,591837
model_10000266;39,856122;11,224490;11,224490
model_10000267;43,169356;18,336735;18,336735
model_10000268;37,999743;17,948980;17,948980
model_10000269;53,156856;24,346939;24,346939
model_10000270;27,873028;11,744898;11,744898
model_10000271;32,127577;12,173469;12,173469
model_10000272;20,922163;26,224490;26,224490
model_10000273;27,020557;16,377551;16,377551
model_10000274;15,687275;2,377551;2,377551
model_10000275;27,181426;56,040816;56,040816
model_10000276;43,913635;18,163265;18,163265
model_10000277;28,361118;19,051020;19,051020
model_10000278;17,857726;15,938776;15,938776
model_10000279;35,395369;14,244898;14,244898
model_10000280;46,165610;16,265306;16,265306
model_10000281;27,873028;11,744898;11,744898
model_10000282;25,795090;10,081633;10,081633
model_10000283;18,578480;3,214286;3,214286
model_10000284;26,918392;8,408163;8,408163
model_10000285;31,341206;15,367347;15,367347
model_10000286;34,809549;13,244898;13,244898
model_10000287;15,687275;2,377551;2,377551
model_10000288;45,096383;12,571429;12,571429
model_10000289;26,476859;18,112245;18,112245
model_10000290;35,889619;25,183673;25,183673
model_10000291;40,679039;10,193878;10,193878
model_10000292;37,724879;13,081633;13,081633
model_10000293;27,873028;11,744898;11,744898
model_10000294;27,873028;11,744898;11,744898
model_10000295;22,036334;12,295918;12,295918
model_10000296;29,886638;23,020408;23,020408
model_10000297;22,136163;11,428571;11,428571
model_10000298;32,947047;11,397959;11,397959
model_10000299;22,136163;11,428571;11,428571
model_100003;12,303638;3,183673;3,183673
model_10000300;23,987856;14,132653;14,132653
model_10000301;21,202475;4,540816;4,540816
model_10000302;27,873028;11,744898;11,744898
model_10000303;16,152387;4,591837;4,591837
model_10000304;22,136163;11,428571;11,428571
model_10000305;15,687275;2,377551;2,377551
model_10000306;45,096383;12,571429;12,571429
model_10000307;16,152387;4,591837;4,591837
model_10000308;27,873028;11,744898;11,744898
model_10000309;15,687275;2,377551;2,377551
model_10000310;26,416334;10,418367;10,418367
model_10000311;21,202475;4,540816;4,540816
model_10000312;37,999743;17,948980;17,948980
model_10000313;27,873028;11,744898;11,744898
model_10000314;16,152387;4,591837;4,591837
model_10000315;31,313803;11,214286;11,214286
model_10000316;32,127577;12,173469;12,173469
model_10000317;27,873028;11,744898;11,744898
model_10000318;22,910456;6,275510;6,275510
model_10000319;43,026875;10,693878;10,693878
model_10000320;29,886638;23,020408;23,020408
model_10000321;39,819037;9,132653;9,132653
model_10000322;27,873028;11,744898;11,744898
model_10000323;22,136163;11,428571;11,428571
model_10000324;15,687275;2,377551;2,377551
model_10000325;32,598454;19,663265;19,663265
model_10000326;22,136163;11,428571;11,428571
model_10000327;27,873028;11,744898;11,744898
model_10000328;25,282795;19,112245;19,112245
model_10000329;32,437201;10,959184;10,959184
model_10000330;35,753367;24,948980;24,948980
model_10000331;28,361118;19,051020;19,051020
model_10000332;15,687275;2,377551;2,377551
model_10000333;27,873028;11,744898;11,744898
model_10000334;28,361118;19,051020;19,051020
model_10000335;27,873028;11,744898;11,744898
model_10000336;36,880535;14,928571;14,928571
model_10000337;34,438760;9,530612;9,530612
model_10000338;43,711488;21,306122;21,306122
model_10000339;20,735331;8,367347;8,367347
model_10000340;15,687275;2,377551;2,377551
model_10000341;27,873028;11,744898;11,744898
model_10000342;36,450193;15,642857;15,642857
model_10000343;40,804704;13,612245;13,612245
model_10000344;36,238964;12,571429;12,571429
model_10000345;45,096383;12,571429;12,571429
model_10000346;22,136163;11,428571;11,428571
model_10000347;39,401774;11,591837;11,591837
model_10000348;22,910456;6,275510;6,275510
model_10000349;39,358800;23,326531;23,326531
model_10000350;15,687275;2,377551;2,377551
model_10000351;37,461534;12,826531;12,826531
model_10000352;27,873028;11,744898;11,744898
model_10000353;44,216660;16,081633;16,081633
model_10000354;28,361118;19,051020;19,051020
model_10000355;32,598454;19,663265;19,663265
model_10000356;25,600424;14,397959;14,397959
model_10000357;22,136163;11,428571;11,428571
model_10000358;20,888760;9,000000;9,000000
model_10000359;30,485077;23,734694;23,734694
model_10000360;34,875232;10,122449;10,122449
model_10000361;32,108707;16,530612;16,530612
model_10000362;21,202475;4,540816;4,540816
model_10000363;22,910456;6,275510;6,275510
model_10000364;22,136163;11,428571;11,428571
model_10000365;35,637333;14,755102;14,755102
model_10000366;40,679039;10,193878;10,193878
model_10000367;21,202475;4,540816;4,540816
model_10000368;37,461534;12,826531;12,826531
model_10000369;27,873028;11,744898;11,744898
model_10000370;49,056443;21,346939;21,346939
model_10000371;20,888760;9,000000;9,000000
model_10000372;20,922163;26,224490;26,224490
model_10000373;45,096383;12,571429;12,571429
model_10000374;15,687275;2,377551;2,377551
model_10000375;20,297251;8,285714;8,285714
model_10000376;22,136163;11,428571;11,428571
model_10000377;21,534036;14,765306;14,765306
model_10000378;27,873028;11,744898;11,744898
model_10000379;32,598454;19,663265;19,663265
model_10000380;45,096383;12,571429;12,571429
model_10000381;10,252928;3,785714;3,785714
model_10000382;16,152387;4,591837;4,591837
model_10000383;22,136163;11,428571;11,428571
model_10000384;34,966809;7,510204;7,510204
model_10000385;16,152387;4,591837;4,591837
model_10000386;40,467396;9,959184;9,959184
model_10000387;15,687275;2,377551;2,377551
model_10000388;22,586023;7,836735;7,836735
model_10000389;22,136163;11,428571;11,428571
model_10000390;27,059367;6,418367;6,418367
model_10000391;15,687275;2,377551;2,377551
model_10000392;22,136163;11,428571;11,428571
model_10000393;18,578480;3,214286;3,214286
model_10000394;27,269416;12,571429;12,571429
model_10000395;35,426448;8,285714;8,285714
model_10000396;26,006293;12,132653;12,132653
model_10000397;45,096383;12,571429;12,571429
model_10000398;45,096383;12,571429;12,571429
model_10000399;22,136163;11,428571;11,428571
model_100004;56,980786;58,071429;58,071429
model_10000400;22,136163;11,428571;11,428571
model_10000401;16,152387;4,591837;4,591837
model_10000403;22,136163;11,428571;11,428571
model_10000404;27,873028;11,744898;11,744898
model_10000405;29,886638;23,020408;23,020408
model_10000406;23,383913;10,061224;10,061224
model_10000407;15,687275;2,377551;2,377551
model_10000408;40,679039;10,193878;10,193878
model_10000409;31,838903;15,112245;15,112245
model_10000410;49,056443;21,346939;21,346939
model_10000411;26,716179;21,193878;21,193878
model_10000412;45,096383;12,571429;12,571429
model_10000413;46,576646;14,132653;14,132653
model_10000414;44,658872;26,295918;26,295918
model_10000415;60,808619;80,683673;80,683673
model_10000416;34,875232;10,122449;10,122449
model_10000417;34,966809;7,510204;7,510204
model_10000418;15,687275;2,377551;2,377551
model_10000419;40,646302;10,316327;10,316327
model_10000420;45,096383;12,571429;12,571429
model_10000421;46,902181;17,408163;17,408163
model_10000422;15,687275;2,377551;2,377551
model_10000423;27,873028;11,744898;11,744898
model_10000424;16,152387;4,591837;4,591837
model_10000425;15,687275;2,377551;2,377551
model_10000426;25,087291;7,112245;7,112245
model_10000427;45,096383;12,571429;12,571429
model_10000428;37,229121;15,775510;15,775510
model_10000429;49,297812;52,908163;52,908163
model_10000430;38,344834;22,734694;22,734694
model_10000431;28,361118;19,051020;19,051020
model_10000432;37,999743;17,948980;17,948980
model_10000433;32,108707;16,530612;16,530612
model_10000434;36,574222;33,622449;33,622449
model_10000435;27,873028;11,744898;11,744898
model_10000436;43,192315;11,989796;11,989796
model_10000437;25,795090;10,081633;10,081633
model_10000438;34,129137;24,132653;24,132653
model_10000439;32,127577;12,173469;12,173469
model_10000440;40,679039;10,193878;10,193878
model_10000441;15,687275;2,377551;2,377551
model_10000442;20,922163;26,224490;26,224490
model_10000443;45,096383;12,571429;12,571429
model_10000444;16,469339;4,948980;4,948980
model_10000445;15,687275;2,377551;2,377551
model_10000446;39,856122;11,224490;11,224490
model_10000447;25,910818;8,653061;8,653061
model_10000448;15,687275;2,377551;2,377551
model_10000449;10,227984;4,765306;4,765306
model_10000450;27,475498;7,530612;7,530612
model_10000451;22,136163;11,428571;11,428571
model_10000452;27,873028;11,744898;11,744898
model_10000453;16,152387;4,591837;4,591837
model_10000454;26,032494;12,938776;12,938776
model_10000455;15,687275;2,377551;2,377551
model_10000456;19,259953;3,479592;3,479592
model_10000457;28,361118;19,051020;19,051020
model_10000458;26,716179;21,193878;21,193878
model_10000459;20,922163;26,224490;26,224490
model_10000460;37,461534;12,826531;12,826531
model_10000461;26,716179;21,193878;21,193878
model_10000462;34,409334;12,591837;12,591837
model_10000463;15,687275;2,377551;2,377551
model_10000464;36,132005;13,755102;13,755102
model_10000465;22,136163;11,428571;11,428571
model_10000466;28,361118;19,051020;19,051020
model_10000467;45,096383;12,571429;12,571429
model_10000468;16,152387;4,591837;4,591837
model_10000469;16,152387;4,591837;4,591837
model_10000470;27,873028;11,744898;11,744898
model_10000471;39,401774;11,591837;11,591837
model_10000472;21,202475;4,540816;4,540816
model_10000473;32,598454;19,663265;19,663265
model_10000474;21,662199;11,193878;11,193878
model_10000475;21,202475;4,540816;4,540816
model_10000476;16,152387;4,591837;4,591837
model_10000477;15,687275;2,377551;2,377551
model_10000478;32,108707;16,530612;16,530612
model_10000479;30,893065;9,173469;9,173469
model_10000480;43,913635;18,163265;18,163265
model_10000481;22,548939;6,734694;6,734694
model_10000482;34,966809;7,510204;7,510204
model_10000483;15,430234;8,612245;8,612245
model_10000484;22,136163;11,428571;11,428571
model_10000485;22,136163;11,428571;11,428571
model_10000486;21,202475;4,540816;4,540816
model_10000487;37,461534;12,826531;12,826531
model_10000488;22,136163;11,428571;11,428571
model_10000489;18,709533;17,622449;17,622449
model_10000490;44,893381;12,336735;12,336735
model_10000491;46,627949;14,500000;14,500000
model_10000492;20,710524;7,959184;7,959184
model_10000493;45,096383;12,571429;12,571429
model_10000494;32,127577;12,173469;12,173469
model_10000495;45,096383;12,571429;12,571429
model_10000496;16,152387;4,591837;4,591837
model_10000497;39,856122;11,224490;11,224490
model_10000498;40,679039;10,193878;10,193878
model_10000499;14,333458;4,775510;4,775510
model_100005;6,289214;1,061224;1,061224
model_10000500;21,202475;4,540816;4,540816
model_10000501;45,096383;12,571429;12,571429
model_10000502;26,654702;10,979592;10,979592
model_10000503;37,999743;17,948980;17,948980
model_10000504;39,358800;23,326531;23,326531
model_10000505;20,888760;9,000000;9,000000
model_10000506;34,364390;22,551020;22,551020
model_10000507;53,353442;39,479592;39,479592
model_10000508;25,087291;7,112245;7,112245
model_10000509;45,096383;12,571429;12,571429
model_10000510;28,701726;6,469388;6,469388
model_10000511;16,152387;4,591837;4,591837
model_10000512;45,096383;12,571429;12,571429
model_10000513;22,136163;11,428571;11,428571
model_10000514;43,913635;18,163265;18,163265
model_10000515;22,910456;6,275510;6,275510
model_10000516;32,127577;12,173469;12,173469
model_10000517;25,795090;10,081633;10,081633
model_10000518;33,917637;18,540816;18,540816
model_10000519;22,136163;11,428571;11,428571
model_10000520;16,152387;4,591837;4,591837
model_10000521;21,202475;4,540816;4,540816
model_10000522;21,202475;4,540816;4,540816
model_10000523;23,990172;9,581633;9,581633
model_10000524;27,873028;11,744898;11,744898
model_10000525;45,096383;12,571429;12,571429
model_10000526;40,679039;10,193878;10,193878
model_10000527;45,096383;12,571429;12,571429
model_10000528;16,152387;4,591837;4,591837
model_10000529;27,475498;7,530612;7,530612
model_10000530;16,152387;4,591837;4,591837
model_10000531;32,127577;12,173469;12,173469
model_10000532;22,379001;8,397959;8,397959
model_10000533;19,217107;20,122449;20,122449
model_10000534;21,202475;4,540816;4,540816
model_10000535;56,012140;41,693878;41,693878
model_10000536;27,873028;11,744898;11,744898
model_10000537;19,230097;19,153061;19,153061
model_10000538;28,361118;19,051020;19,051020
model_10000539;39,358800;23,326531;23,326531
model_10000540;15,687275;2,377551;2,377551
model_10000541;16,152387;4,591837;4,591837
model_10000542;45,096383;12,571429;12,571429
model_10000543;34,875232;10,122449;10,122449
model_10000544;24,061093;9,489796;9,489796
model_10000545;28,361118;19,051020;19,051020
model_10000546;18,578480;3,214286;3,214286
model_10000547;45,096383;12,571429;12,571429
model_10000548;40,754565;14,132653;14,132653
model_10000549;15,687275;2,377551;2,377551
model_10000550;45,096383;12,571429;12,571429
model_10000551;15,687275;2,377551;2,377551
model_10000552;33,841778;44,989796;44,989796
model_10000553;37,461534;12,826531;12,826531
model_10000554;41,665305;15,561224;15,561224
model_10000555;45,096383;12,571429;12,571429
model_10000556;15,687275;2,377551;2,377551
model_10000557;31,314807;18,428571;18,428571
model_10000558;16,152387;4,591837;4,591837
model_10000559;26,774522;7,877551;7,877551
model_10000560;31,076585;14,897959;14,897959
model_10000561;20,688587;10,867347;10,867347
model_10000562;21,202475;4,540816;4,540816
model_10000563;22,136163;11,428571;11,428571
model_10000564;31,718659;19,724490;19,724490
model_10000565;22,136163;11,428571;11,428571
model_10000566;45,096383;12,571429;12,571429
model_10000567;49,056443;21,346939;21,346939
model_10000568;15,687275;2,377551;2,377551
model_10000569;22,136163;11,428571;11,428571
model_10000570;21,202475;4,540816;4,540816
model_10000571;22,136163;11,428571;11,428571
model_10000572;33,922549;6,081633;6,081633
model_10000573;38,140398;22,510204;22,510204
model_10000574;47,555515;15,000000;15,000000
model_10000575;32,108707;16,530612;16,530612
model_10000576;16,152387;4,591837;4,591837
model_10000577;49,056443;21,346939;21,346939
model_10000578;45,096383;12,571429;12,571429
model_10000579;32,598454;19,663265;19,663265
model_10000580;15,687275;2,377551;2,377551
model_10000581;27,873028;11,744898;11,744898
model_10000582;19,030536;9,897959;9,897959
model_10000583;16,152387;4,591837;4,591837
model_10000584;22,136163;11,428571;11,428571
model_10000585;30,650890;8,816327;8,816327
model_10000586;21,202475;4,540816;4,540816
model_10000587;22,529513;5,408163;5,408163
model_10000588;15,378297;5,683673;5,683673
model_10000589;34,875232;10,122449;10,122449
model_10000590;27,873028;11,744898;11,744898
model_10000591;28,361118;19,051020;19,051020
model_10000592;39,358800;23,326531;23,326531
model_10000593;27,680670;4,591837;4,591837
model_10000594;27,873028;11,744898;11,744898
model_10000595;15,687275;2,377551;2,377551
model_10000596;37,999743;17,948980;17,948980
model_10000597;15,687275;2,377551;2,377551
model_10000598;16,152387;4,591837;4,591837
model_10000599;39,146601;19,836735;19,836735
model_100006;44,712051;94,275510;94,275510
model_10000600;19,030536;9,897959;9,897959
model_10000601;36,437731;16,479592;16,479592
model_10000602;41,665305;15,561224;15,561224
model_10000603;55,575168;29,928571;29,928571
model_10000604;40,467396;9,959184;9,959184
model_10000605;15,687275;2,377551;2,377551
model_10000606;45,096383;12,571429;12,571429
model_10000607;13,878397;3,551020;3,551020
model_10000608;49,297812;52,908163;52,908163
model_10000609;22,136163;11,428571;11,428571
model_10000610;34,409334;12,591837;12,591837
model_10000611;35,039809;10,479592;10,479592
model_10000612;28,361118;19,051020;19,051020
model_10000613;27,873028;11,744898;11,744898
model_10000614;23,560529;10,153061;10,153061
model_10000615;31,433249;42,346939;42,346939
model_10000616;18,976106;18,387755;18,387755
model_10000617;34,875232;10,122449;10,122449
model_10000618;32,127577;12,173469;12,173469
model_10000619;22,136163;11,428571;11,428571
model_10000620;27,873028;11,744898;11,744898
model_10000621;45,096383;12,571429;12,571429
model_10000622;27,873028;11,744898;11,744898
model_10000623;21,202475;4,540816;4,540816
model_10000624;45,096383;12,571429;12,571429
model_10000625;22,910456;6,275510;6,275510
model_10000626;31,076585;14,897959;14,897959
model_10000627;27,475498;7,530612;7,530612
model_10000628;34,721179;9,989796;9,989796
model_10000629;45,096383;12,571429;12,571429
model_10000630;15,687275;2,377551;2,377551
model_10000631;20,500371;6,602041;6,602041
model_10000632;28,361118;19,051020;19,051020
model_10000633;32,250564;16,887755;16,887755
model_10000634;22,910456;6,275510;6,275510
model_10000635;15,687275;2,377551;2,377551
model_10000636;40,679039;10,193878;10,193878
model_10000637;37,999743;17,948980;17,948980
model_10000638;27,873028;11,744898;11,744898
model_10000639;40,679039;10,193878;10,193878
model_10000640;26,716179;21,193878;21,193878
model_10000641;43,192315;11,989796;11,989796
model_10000642;16,743895;5,306122;5,306122
model_10000643;43,934838;28,224490;28,224490
model_10000644;35,544751;10,316327;10,316327
model_10000645;43,913635;18,163265;18,163265
model_10000646;15,687275;2,377551;2,377551
model_10000647;6,289214;1,061224;1,061224
model_10000648;34,875232;10,122449;10,122449
model_10000649;45,096383;12,571429;12,571429
model_10000650;21,202475;4,540816;4,540816
model_10000651;45,096383;12,571429;12,571429
model_10000652;16,152387;4,591837;4,591837
model_10000653;24,333063;11,193878;11,193878
model_10000654;16,152387;4,591837;4,591837
model_10000655;27,873028;11,744898;11,744898
model_10000656;22,910456;6,275510;6,275510
model_10000657;19,259953;3,479592;3,479592
model_10000658;33,666378;17,510204;17,510204
model_10000659;27,873028;11,744898;11,744898
model_10000660;15,687275;2,377551;2,377551
model_10000661;16,152387;4,591837;4,591837
model_10000662;22,910456;6,275510;6,275510
model_10000663;18,578480;3,214286;3,214286
model_10000664;27,873028;11,744898;11,744898
model_10000665;20,688943;8,469388;8,469388
model_10000666;27,873028;11,744898;11,744898
model_10000667;35,642477;13,051020;13,051020
model_10000668;35,753367;24,948980;24,948980
model_10000669;28,361118;19,051020;19,051020
model_10000670;28,361118;19,051020;19,051020
model_10000671;21,202475;4,540816;4,540816
model_10000672;39,358800;23,326531;23,326531
model_10000673;42,871994;19,357143;19,357143
model_10000674;25,795090;10,081633;10,081633
model_10000675;15,207910;5,846939;5,846939
model_10000676;15,687275;2,377551;2,377551
model_10000677;32,108707;16,530612;16,530612
model_10000678;18,578480;3,214286;3,214286
model_10000679;27,873028;11,744898;11,744898
model_10000680;15,687275;2,377551;2,377551
model_10000681;27,873028;11,744898;11,744898
model_10000682;39,860591;22,204082;22,204082
model_10000683;45,096383;12,571429;12,571429
model_10000684;22,136163;11,428571;11,428571
model_10000685;31,669126;12,459184;12,459184
model_10000686;21,303853;10,591837;10,591837
model_10000687;20,885442;14,173469;14,173469
model_10000688;15,687275;2,377551;2,377551
model_10000689;28,333533;5,530612;5,530612
model_10000690;25,087291;7,112245;7,112245
model_10000691;15,687275;2,377551;2,377551
model_10000692;15,687275;2,377551;2,377551
model_10000693;39,856122;11,224490;11,224490
model_10000694;27,873028;11,744898;11,744898
model_10000695;28,361118;19,051020;19,051020
model_10000696;45,096383;12,571429;12,571429
model_10000697;27,873028;11,744898;11,744898
model_10000698;16,152387;4,591837;4,591837
model_10000699;21,946167;8,683673;8,683673
model_100007;38,140274;26,530612;26,530612
model_10000700;22,136163;11,428571;11,428571
model_10000701;45,096383;12,571429;12,571429
model_10000702;45,096383;12,571429;12,571429
model_10000703;27,873028;11,744898;11,744898
model_10000704;22,184379;5,642857;5,642857
model_10000705;38,189900;8,530612;8,530612
model_10000706;28,361118;19,051020;19,051020
model_10000707;45,096383;12,571429;12,571429
model_10000708;28,361118;19,051020;19,051020
model_10000709;21,097247;5,255102;5,255102
model_10000710;64,716319;72,551020;72,551020
model_10000711;45,096383;12,571429;12,571429
model_10000712;57,382013;40,928571;40,928571
model_10000713;33,831717;16,336735;16,336735
model_10000714;25,282795;19,112245;19,112245
model_10000715;22,136163;11,428571;11,428571
model_10000716;16,152387;4,591837;4,591837
model_10000717;40,679039;10,193878;10,193878
model_10000718;40,679039;10,193878;10,193878
model_10000719;34,966809;7,510204;7,510204
model_10000720;27,873028;11,744898;11,744898
model_10000721;25,087291;7,112245;7,112245
model_10000722;18,578480;3,214286;3,214286
model_10000723;28,361118;19,051020;19,051020
model_10000724;16,152387;4,591837;4,591837
model_10000725;28,561403;8,816327;8,816327
model_10000726;15,687275;2,377551;2,377551
model_10000727;27,873028;11,744898;11,744898
model_10000728;22,136163;11,428571;11,428571
model_10000729;30,288438;16,285714;16,285714
model_10000730;15,687275;2,377551;2,377551
model_10000731;27,873028;11,744898;11,744898
model_10000732;16,152387;4,591837;4,591837
model_10000733;22,136163;11,428571;11,428571
model_10000734;22,136163;11,428571;11,428571
model_10000735;27,873028;11,744898;11,744898
model_10000736;26,716179;21,193878;21,193878
model_10000737;32,108707;16,530612;16,530612
model_10000738;30,650890;8,816327;8,816327
model_10000739;27,873028;11,744898;11,744898
model_10000740;25,087291;7,112245;7,112245
model_10000741;31,669126;12,459184;12,459184
model_10000742;16,152387;4,591837;4,591837
model_10000743;16,152387;4,591837;4,591837
model_10000744;15,687275;2,377551;2,377551
model_10000745;45,096383;12,571429;12,571429
model_10000746;32,202297;25,724490;25,724490
model_10000747;28,007002;12,102041;12,102041
model_10000748;27,873028;11,744898;11,744898
model_10000749;40,679039;10,193878;10,193878
model_10000750;27,873028;11,744898;11,744898
model_10000751;45,096383;12,571429;12,571429
model_10000752;45,096383;12,571429;12,571429
model_10000753;40,679039;10,193878;10,193878
model_10000754;35,034243;45,642857;45,642857
model_10000755;19,079123;3,928571;3,928571
model_10000756;45,096383;12,571429;12,571429
model_10000757;39,358800;23,326531;23,326531
model_10000758;34,101213;7,591837;7,591837
model_10000759;22,910456;6,275510;6,275510
model_10000760;22,136163;11,428571;11,428571
model_10000761;32,127577;12,173469;12,173469
model_10000762;35,606813;10,887755;10,887755
model_10000763;28,361118;19,051020;19,051020
model_10000764;15,687275;2,377551;2,377551
model_10000765;25,282795;19,112245;19,112245
model_10000766;27,873028;11,744898;11,744898
model_10000767;15,687275;2,377551;2,377551
model_10000768;22,910456;6,275510;6,275510
model_10000769;27,873028;11,744898;11,744898
model_10000770;25,282795;19,112245;19,112245
model_10000771;49,056443;21,346939;21,346939
model_10000772;45,096383;12,571429;12,571429
model_10000773;33,229222;13,785714;13,785714
model_10000774;32,127577;12,173469;12,173469
model_10000775;48,706689;16,448980;16,448980
model_10000776;37,461534;12,826531;12,826531
model_10000777;22,136163;11,428571;11,428571
model_10000778;16,152387;4,591837;4,591837
model_10000779;45,096383;12,571429;12,571429
model_10000780;16,152387;4,591837;4,591837
model_10000781;45,075828;33,346939;33,346939
model_10000782;27,873028;11,744898;11,744898
model_10000783;34,875232;10,122449;10,122449
model_10000784;28,361118;19,051020;19,051020
model_10000785;28,007002;12,102041;12,102041
model_10000786;22,136163;11,428571;11,428571
model_10000787;32,598454;19,663265;19,663265
model_10000788;22,503652;8,755102;8,755102
model_10000789;22,136163;11,428571;11,428571
model_10000790;31,934748;12,887755;12,887755
model_10000791;16,152387;4,591837;4,591837
model_10000792;16,583230;4,785714;4,785714
model_10000793;16,152387;4,591837;4,591837
model_10000794;20,479752;6,591837;6,591837
model_10000795;22,966900;11,897959;11,897959
model_10000796;28,361118;19,051020;19,051020
model_10000797;32,108707;16,530612;16,530612
model_10000798;45,096383;12,571429;12,571429
model_10000799;40,679039;10,193878;10,193878
model_100008;10,394158;3,234694;3,234694
model_10000800;30,485077;23,734694;23,734694
model_10000801;15,132606;0,357143;0,357143
model_10000802;38,789978;50,755102;50,755102
model_10000803;20,898891;8,928571;8,928571
model_10000804;27,121949;5,714286;5,714286
model_10000805;27,873028;11,744898;11,744898
model_10000806;22,136163;11,428571;11,428571
model_10000807;45,096383;12,571429;12,571429
model_10000808;15,687275;2,377551;2,377551
model_10000809;16,152387;4,591837;4,591837
model_10000810;22,136163;11,428571;11,428571
model_10000811;32,127577;12,173469;12,173469
model_10000812;40,679039;10,193878;10,193878
model_10000813;15,687275;2,377551;2,377551
model_10000814;45,096383;12,571429;12,571429
model_10000815;15,687275;2,377551;2,377551
model_10000816;36,535338;16,183673;16,183673
model_10000817;19,797106;10,132653;10,132653
model_10000818;15,687275;2,377551;2,377551
model_10000819;15,687275;2,377551;2,377551
model_10000820;27,873028;11,744898;11,744898
model_10000821;40,070312;13,224490;13,224490
model_10000822;22,136163;11,428571;11,428571
model_10000823;41,413347;29,979592;29,979592
model_10000824;23,757390;21,979592;21,979592
model_10000825;16,152387;4,591837;4,591837
model_10000826;18,578480;3,214286;3,214286
model_10000827;28,361118;19,051020;19,051020
model_10000828;31,076585;14,897959;14,897959
model_10000829;22,529513;5,408163;5,408163
model_10000830;15,687275;2,377551;2,377551
model_10000831;22,136163;11,428571;11,428571
model_10000832;18,289167;2,857143;2,857143
model_10000833;22,910456;6,275510;6,275510
model_10000834;22,136163;11,428571;11,428571
model_10000835;15,687275;2,377551;2,377551
model_10000836;23,335429;12,132653;12,132653
model_10000837;25,087291;7,112245;7,112245
model_10000838;19,930942;11,122449;11,122449
model_10000839;39,856122;11,224490;11,224490
model_10000840;16,152387;4,591837;4,591837
model_10000841;33,922394;12,775510;12,775510
model_10000842;36,486224;21,632653;21,632653
model_10000843;34,409334;12,591837;12,591837
model_10000844;17,346199;2,765306;2,765306
model_10000845;16,152387;4,591837;4,591837
model_10000846;34,129137;24,132653;24,132653
model_10000847;15,687275;2,377551;2,377551
model_10000848;27,873028;11,744898;11,744898
model_10000849;22,136163;11,428571;11,428571
model_10000850;22,910456;6,275510;6,275510
model_10000851;39,358800;23,326531;23,326531
model_10000852;9,524607;6,969388;6,969388
model_10000853;18,578480;3,214286;3,214286
model_10000854;32,127577;12,173469;12,173469
model_10000855;40,679039;10,193878;10,193878
model_10000856;41,255986;11,020408;11,020408
model_10000857;40,804704;13,612245;13,612245
model_10000858;39,358800;23,326531;23,326531
model_10000859;43,913635;18,163265;18,163265
model_10000860;40,467396;9,959184;9,959184
model_10000861;43,913635;18,163265;18,163265
model_10000862;31,669126;12,459184;12,459184
model_10000863;43,913635;18,163265;18,163265
model_10000864;42,673713;11,020408;11,020408
model_10000865;22,582039;11,489796;11,489796
model_10000866;14,333458;4,775510;4,775510
model_10000867;32,127577;12,173469;12,173469
model_10000868;45,664282;18,520408;18,520408
model_10000869;45,096383;12,571429;12,571429
model_10000870;35,439641;10,877551;10,877551
model_10000871;32,170071;11,693878;11,693878
model_10000872;16,152387;4,591837;4,591837
model_10000873;15,687275;2,377551;2,377551
model_10000874;29,886638;23,020408;23,020408
model_10000875;32,404505;11,000000;11,000000
model_10000876;25,872571;7,336735;7,336735
model_10000877;32,127577;12,173469;12,173469
model_10000878;34,875232;10,122449;10,122449
model_10000879;40,857945;10,551020;10,551020
model_10000880;28,361118;19,051020;19,051020
model_10000881;49,056443;21,346939;21,346939
model_10000882;26,716179;21,193878;21,193878
model_10000883;32,598454;19,663265;19,663265
model_10000884;15,687275;2,377551;2,377551
model_10000885;40,679039;10,193878;10,193878
model_10000886;37,424591;13,806122;13,806122
model_10000887;28,361118;19,051020;19,051020
model_10000888;22,136163;11,428571;11,428571
model_10000889;21,202475;4,540816;4,540816
model_10000890;31,703411;12,653061;12,653061
model_10000891;31,076585;14,897959;14,897959
model_10000892;27,873028;11,744898;11,744898
model_10000893;15,687275;2,377551;2,377551
model_10000894;22,910456;6,275510;6,275510
model_10000895;16,152387;4,591837;4,591837
model_10000896;27,873028;11,744898;11,744898
model_10000897;26,723067;11,112245;11,112245
model_10000898;20,731054;13,724490;13,724490
model_10000899;37,953769;17,000000;17,000000
model_100009;32,413304;56,255102;56,255102
model_10000900;40,679039;10,193878;10,193878
model_10000901;26,476859;18,112245;18,112245
model_10000902;45,096383;12,571429;12,571429
model_10000903;15,687275;2,377551;2,377551
model_10000904;45,096383;12,571429;12,571429
model_10000905;18,578480;3,214286;3,214286
model_10000906;40,679039;10,193878;10,193878
model_10000907;40,679039;10,193878;10,193878
model_10000908;27,873028;11,744898;11,744898
model_10000909;22,910456;6,275510;6,275510
model_10000910;21,202475;4,540816;4,540816
model_10000911;26,716179;21,193878;21,193878
model_10000912;42,557709;21,438776;21,438776
model_10000913;31,669126;12,459184;12,459184
model_10000914;45,962104;20,316327;20,316327
model_10000915;21,202475;4,540816;4,540816
model_10000916;27,873028;11,744898;11,744898
model_10000917;19,259953;3,479592;3,479592
model_10000918;25,282795;19,112245;19,112245
model_10000919;45,096383;12,571429;12,571429
model_10000920;45,096383;12,571429;12,571429
model_10000921;50,327673;33,520408;33,520408
model_10000922;45,096383;12,571429;12,571429
model_10000923;27,873028;11,744898;11,744898
model_10000924;32,202297;25,724490;25,724490
model_10000925;19,898632;9,081633;9,081633
model_10000926;45,096383;12,571429;12,571429
model_10000927;15,687275;2,377551;2,377551
model_10000928;27,873028;11,744898;11,744898
model_10000929;34,409334;12,591837;12,591837
model_10000930;30,122882;11,122449;11,122449
model_10000931;16,152387;4,591837;4,591837
model_10000932;27,873028;11,744898;11,744898
model_10000933;25,795090;10,081633;10,081633
model_10000934;31,076585;14,897959;14,897959
model_10000935;22,910456;6,275510;6,275510
model_10000936;45,096383;12,571429;12,571429
model_10000937;45,096383;12,571429;12,571429
model_10000938;15,687275;2,377551;2,377551
model_10000939;27,873028;11,744898;11,744898
model_10000940;15,687275;2,377551;2,377551
model_10000941;31,076585;14,897959;14,897959
model_10000942;35,974124;13,520408;13,520408
model_10000943;17,398674;6,377551;6,377551
model_10000944;43,192315;11,989796;11,989796
model_10000945;43,192315;11,989796;11,989796
model_10000946;32,127577;12,173469;12,173469
model_10000947;37,999743;17,948980;17,948980
model_10000948;27,100773;4,295918;4,295918
model_10000949;33,917637;18,540816;18,540816
model_10000950;27,475498;7,530612;7,530612
model_10000951;27,873028;11,744898;11,744898
model_10000952;15,687275;2,377551;2,377551
model_10000953;21,202475;4,540816;4,540816
model_10000954;45,096383;12,571429;12,571429
model_10000955;22,136163;11,428571;11,428571
model_10000956;34,953251;9,948980;9,948980
model_10000957;26,716179;21,193878;21,193878
model_10000958;18,578480;3,214286;3,214286
model_10000959;27,737145;8,642857;8,642857
model_10000960;22,910456;6,275510;6,275510
model_10000961;49,056443;21,346939;21,346939
model_10000962;27,873028;11,744898;11,744898
model_10000963;16,152387;4,591837;4,591837
model_10000964;38,189900;8,530612;8,530612
model_10000965;27,879930;12,153061;12,153061
model_10000966;32,598454;19,663265;19,663265
model_10000967;26,716179;21,193878;21,193878
model_10000968;15,687275;2,377551;2,377551
model_10000969;49,297812;52,908163;52,908163
model_10000970;31,076585;14,897959;14,897959
model_10000971;36,588263;16,255102;16,255102
model_10000972;31,703411;12,653061;12,653061
model_10000973;22,136163;11,428571;11,428571
model_10000974;35,878901;24,204082;24,204082
model_10000975;40,679039;10,193878;10,193878
model_10000976;16,152387;4,591837;4,591837
model_10000977;22,136163;11,428571;11,428571
model_10000978;28,701726;6,469388;6,469388
model_10000979;39,856122;11,224490;11,224490
model_10000980;27,475498;7,530612;7,530612
model_10000981;16,798998;4,591837;4,591837
model_10000982;45,096383;12,571429;12,571429
model_10000983;28,361118;19,051020;19,051020
model_10000984;20,922163;26,224490;26,224490
model_10000985;15,687275;2,377551;2,377551
model_10000986;32,598454;19,663265;19,663265
model_10000987;28,361118;19,051020;19,051020
model_10000988;22,136163;11,428571;11,428571
model_10000989;24,607536;9,887755;9,887755
model_10000990;37,086659;12,112245;12,112245
model_10000991;22,136163;11,428571;11,428571
model_10000992;40,679039;10,193878;10,193878
model_10000993;45,096383;12,571429;12,571429
model_10000994;45,096383;12,571429;12,571429
model_10000995;45,096383;12,571429;12,571429
model_10000996;27,873028;11,744898;11,744898
model_10000997;21,345227;4,591837;4,591837
model_10000998;25,623370;8,081633;8,081633
model_10000999;20,479752;6,591837;6,591837
model_10001;45,053945;12,448980;12,448980
model_100010;28,849161;24,663265;24,663265
model_10001000;45,096383;12,571429;12,571429
model_10001001;45,096383;12,571429;12,571429
model_10001002;45,096383;12,571429;12,571429
model_10001003;12,704989;5,071429;5,071429
model_10001004;38,189900;8,530612;8,530612
model_10001005;16,152387;4,591837;4,591837
model_10001006;16,152387;4,591837;4,591837
model_10001007;34,409334;12,591837;12,591837
model_10001008;27,873028;11,744898;11,744898
model_10001009;27,680670;4,591837;4,591837
model_10001010;20,062961;6,969388;6,969388
model_10001011;40,679039;10,193878;10,193878
model_10001012;21,202475;4,540816;4,540816
model_10001013;42,383414;21,540816;21,540816
model_10001014;16,062408;1,071429;1,071429
model_10001015;35,650790;17,724490;17,724490
model_10001016;33,156846;15,040816;15,040816
model_10001017;40,742201;10,795918;10,795918
model_10001018;16,152387;4,591837;4,591837
model_10001019;28,333533;5,530612;5,530612
model_10001020;32,598454;19,663265;19,663265
model_10001021;22,136163;11,428571;11,428571
model_10001022;27,475498;7,530612;7,530612
model_10001023;26,509434;14,306122;14,306122
model_10001024;16,152387;4,591837;4,591837
model_10001025;45,096383;12,571429;12,571429
model_10001026;16,152387;4,591837;4,591837
model_10001027;40,467396;9,959184;9,959184
model_10001028;41,624515;11,489796;11,489796
model_10001029;32,108707;16,530612;16,530612
model_10001030;22,136163;11,428571;11,428571
model_10001031;22,910456;6,275510;6,275510
model_10001032;24,851021;10,887755;10,887755
model_10001033;31,703411;12,653061;12,653061
model_10001034;22,136163;11,428571;11,428571
model_10001035;45,096383;12,571429;12,571429
model_10001036;32,598454;19,663265;19,663265
model_10001037;16,152387;4,591837;4,591837
model_10001038;37,461534;12,826531;12,826531
model_10001039;45,096383;12,571429;12,571429
model_10001040;45,096383;12,571429;12,571429
model_10001041;15,687275;2,377551;2,377551
model_10001042;27,873028;11,744898;11,744898
model_10001043;39,856122;11,224490;11,224490
model_10001044;22,136163;11,428571;11,428571
model_10001045;17,398674;6,377551;6,377551
model_10001046;23,949137;8,010204;8,010204
model_10001047;14,713769;5,122449;5,122449
model_10001048;18,578480;3,214286;3,214286
model_10001049;45,325385;45,948980;45,948980
model_10001050;45,096383;12,571429;12,571429
model_10001051;15,687275;2,377551;2,377551
model_10001052;15,687275;2,377551;2,377551
model_10001053;22,117261;4,948980;4,948980
model_10001054;40,857945;10,551020;10,551020
model_10001055;29,886638;23,020408;23,020408
model_10001056;27,873028;11,744898;11,744898
model_10001057;20,243095;7,051020;7,051020
model_10001058;40,931474;38,857143;38,857143
model_10001059;18,400108;0,714286;0,714286
model_10001060;16,152387;4,591837;4,591837
model_10001061;27,873028;11,744898;11,744898
model_10001062;37,999743;17,948980;17,948980
model_10001063;32,613649;58,387755;58,387755
model_10001064;30,650890;8,816327;8,816327
model_10001065;18,578480;3,214286;3,214286
model_10001066;28,361118;19,051020;19,051020
model_10001067;43,192315;11,989796;11,989796
model_10001068;21,202475;4,540816;4,540816
model_10001069;37,999743;17,948980;17,948980
model_10001070;31,838903;15,112245;15,112245
model_10001071;21,202475;4,540816;4,540816
model_10001072;16,152387;4,591837;4,591837
model_10001073;20,922163;26,224490;26,224490
model_10001074;21,303853;10,591837;10,591837
model_10001075;27,680670;4,591837;4,591837
model_10001076;45,096383;12,571429;12,571429
model_10001077;15,687275;2,377551;2,377551
model_10001078;22,136163;11,428571;11,428571
model_10001079;15,687275;2,377551;2,377551
model_10001080;40,679039;10,193878;10,193878
model_10001081;22,136163;11,428571;11,428571
model_10001082;29,886638;23,020408;23,020408
model_10001083;15,687275;2,377551;2,377551
model_10001084;32,598454;19,663265;19,663265
model_10001085;22,136163;11,428571;11,428571
model_10001086;16,152387;4,591837;4,591837
model_10001087;32,598454;19,663265;19,663265
model_10001088;45,479100;13,040816;13,040816
model_10001089;32,598454;19,663265;19,663265
model_10001090;22,136163;11,428571;11,428571
model_10001091;16,152387;4,591837;4,591837
model_10001092;29,886638;23,020408;23,020408
model_10001093;34,875232;10,122449;10,122449
model_10001094;45,096383;12,571429;12,571429
model_10001095;27,873028;11,744898;11,744898
model_10001096;49,297812;52,908163;52,908163
model_10001097;27,873028;11,744898;11,744898
model_10001098;43,913635;18,163265;18,163265
model_10001099;40,679039;10,193878;10,193878
model_100011;27,229554;12,877551;12,877551
model_10001100;21,202475;4,540816;4,540816
model_10001101;20,479752;6,591837;6,591837
model_10001102;45,695734;13,397959;13,397959
model_10001103;16,152387;4,591837;4,591837
model_10001104;22,136163;11,428571;11,428571
model_10001105;32,598454;19,663265;19,663265
model_10001106;24,034805;5,591837;5,591837
model_10001107;22,910456;6,275510;6,275510
model_10001108;22,136163;11,428571;11,428571
model_10001109;50,427752;26,734694;26,734694
model_10001110;18,729280;9,183673;9,183673
model_10001111;22,136163;11,428571;11,428571
model_10001112;22,136163;11,428571;11,428571
model_10001113;47,447740;15,295918;15,295918
model_10001114;28,361118;19,051020;19,051020
model_10001115;45,096383;12,571429;12,571429
model_10001116;22,352031;10,285714;10,285714
model_10001117;43,192315;11,989796;11,989796
model_10001118;20,624083;9,091837;9,091837
model_10001119;29,886638;23,020408;23,020408
model_10001120;45,096383;12,571429;12,571429
model_10001121;34,966809;7,510204;7,510204
model_10001122;27,873028;11,744898;11,744898
model_10001123;15,687275;2,377551;2,377551
model_10001124;34,875232;10,122449;10,122449
model_10001125;28,361118;19,051020;19,051020
model_10001126;34,265210;27,244898;27,244898
model_10001127;40,467396;9,959184;9,959184
model_10001128;15,679922;6,969388;6,969388
model_10001129;18,155212;5,765306;5,765306
model_10001130;37,461534;12,826531;12,826531
model_10001131;21,202475;4,540816;4,540816
model_10001132;22,136163;11,428571;11,428571
model_10001133;33,230953;10,244898;10,244898
model_10001134;41,945291;18,489796;18,489796
model_10001135;39,856122;11,224490;11,224490
model_10001136;16,152387;4,591837;4,591837
model_10001137;22,841968;3,785714;3,785714
model_10001138;15,687275;2,377551;2,377551
model_10001139;32,202297;25,724490;25,724490
model_10001140;45,096383;12,571429;12,571429
model_10001141;38,789978;50,755102;50,755102
model_10001142;22,910456;6,275510;6,275510
model_10001143;15,687275;2,377551;2,377551
model_10001144;45,096383;12,571429;12,571429
model_10001145;27,873028;11,744898;11,744898
model_10001146;22,510707;11,785714;11,785714
model_10001147;28,007002;12,102041;12,102041
model_10001148;32,127577;12,173469;12,173469
model_10001149;24,343906;13,908163;13,908163
model_10001150;15,687275;2,377551;2,377551
model_10001151;15,687275;2,377551;2,377551
model_10001152;20,479752;6,591837;6,591837
model_10001153;40,679039;10,193878;10,193878
model_10001154;29,886638;23,020408;23,020408
model_10001155;16,152387;4,591837;4,591837
model_10001156;18,578480;3,214286;3,214286
model_10001158;24,173665;13,836735;13,836735
model_10001159;22,136163;11,428571;11,428571
model_10001160;15,687275;2,377551;2,377551
model_10001161;27,873028;11,744898;11,744898
model_10001162;15,687275;2,377551;2,377551
model_10001163;27,873028;11,744898;11,744898
model_10001164;39,358800;23,326531;23,326531
model_10001165;22,136163;11,428571;11,428571
model_10001166;22,136163;11,428571;11,428571
model_10001167;29,682236;14,081633;14,081633
model_10001168;16,152387;4,591837;4,591837
model_10001169;39,860591;22,204082;22,204082
model_10001170;22,136163;11,428571;11,428571
model_10001171;27,873028;11,744898;11,744898
model_10001172;27,873028;11,744898;11,744898
model_10001173;32,598454;19,663265;19,663265
model_10001174;18,578480;3,214286;3,214286
model_10001175;22,136163;11,428571;11,428571
model_10001176;16,152387;4,591837;4,591837
model_10001177;22,136163;11,428571;11,428571
model_10001178;43,913635;18,163265;18,163265
model_10001179;42,092411;45,448980;45,448980
model_10001180;36,425561;14,520408;14,520408
model_10001181;35,963351;22,581633;22,581633
model_10001182;45,096383;12,571429;12,571429
model_10001183;22,136163;11,428571;11,428571
model_10001184;17,183605;11,112245;11,112245
model_10001185;16,152387;4,591837;4,591837
model_10001186;26,790076;9,326531;9,326531
model_10001187;24,415841;14,551020;14,551020
model_10001188;26,476859;18,112245;18,112245
model_10001189;49,056443;21,346939;21,346939
model_10001190;15,687275;2,377551;2,377551
model_10001191;15,687275;2,377551;2,377551
model_10001192;20,547739;10,510204;10,510204
model_10001193;32,404505;11,000000;11,000000
model_10001194;22,910456;6,275510;6,275510
model_10001195;22,136163;11,428571;11,428571
model_10001196;40,394596;21,908163;21,908163
model_10001197;45,096383;12,571429;12,571429
model_10001198;23,450432;6,734694;6,734694
model_10001199;22,136163;11,428571;11,428571
model_100012;38,689101;36,275510;36,275510
model_10001200;44,893381;12,336735;12,336735
model_10001201;31,398770;8,704082;8,704082
model_10001202;45,096383;12,571429;12,571429
model_10001203;15,687275;2,377551;2,377551
model_10001204;15,687275;2,377551;2,377551
model_10001205;28,361118;19,051020;19,051020
model_10001206;15,687275;2,377551;2,377551
model_10001207;40,467396;9,959184;9,959184
model_10001208;27,873028;11,744898;11,744898
model_10001209;18,578480;3,214286;3,214286
model_10001210;22,910456;6,275510;6,275510
model_10001211;22,850172;6,010204;6,010204
model_10001212;37,999743;17,948980;17,948980
model_10001213;36,450193;15,642857;15,642857
model_10001214;22,910456;6,275510;6,275510
model_10001215;42,383414;21,540816;21,540816
model_10001216;45,096383;12,571429;12,571429
model_10001217;22,136163;11,428571;11,428571
model_10001218;32,202297;25,724490;25,724490
model_10001219;15,687275;2,377551;2,377551
model_10001220;29,711288;16,663265;16,663265
model_10001221;16,152387;4,591837;4,591837
model_10001222;27,873028;11,744898;11,744898
model_10001223;22,379001;8,397959;8,397959
model_10001224;45,096383;12,571429;12,571429
model_10001225;29,345806;10,173469;10,173469
model_10001226;22,136163;11,428571;11,428571
model_10001227;26,701289;20,928571;20,928571
model_10001228;28,361118;19,051020;19,051020
model_10001229;40,857945;10,551020;10,551020
model_10001230;37,461534;12,826531;12,826531
model_10001231;32,598454;19,663265;19,663265
model_10001232;28,361118;19,051020;19,051020
model_10001233;31,703411;12,653061;12,653061
model_10001234;31,005973;10,948980;10,948980
model_10001235;15,687275;2,377551;2,377551
model_10001236;31,848105;10,459184;10,459184
model_10001237;45,096383;12,571429;12,571429
model_10001238;44,858560;16,173469;16,173469
model_10001239;45,096383;12,571429;12,571429
model_10001240;32,127577;12,173469;12,173469
model_10001241;22,136163;11,428571;11,428571
model_10001242;33,636572;14,948980;14,948980
model_10001243;37,999743;17,948980;17,948980
model_10001244;40,679039;10,193878;10,193878
model_10001245;40,467396;9,959184;9,959184
model_10001246;27,873028;11,744898;11,744898
model_10001247;39,856122;11,224490;11,224490
model_10001248;32,206453;10,285714;10,285714
model_10001249;37,012788;12,479592;12,479592
model_10001250;22,136163;11,428571;11,428571
model_10001251;34,409334;12,591837;12,591837
model_10001252;32,598454;19,663265;19,663265
model_10001253;45,096383;12,571429;12,571429
model_10001254;40,679039;10,193878;10,193878
model_10001255;16,469339;4,948980;4,948980
model_10001256;22,136163;11,428571;11,428571
model_10001257;37,270224;5,816327;5,816327
model_10001258;19,259953;3,479592;3,479592
model_10001259;40,467396;9,959184;9,959184
model_10001260;45,096383;12,571429;12,571429
model_10001261;40,679039;10,193878;10,193878
model_10001262;16,152387;4,591837;4,591837
model_10001263;21,202475;4,540816;4,540816
model_10001264;17,965743;2,500000;2,500000
model_10001265;25,087291;7,112245;7,112245
model_10001266;13,327407;5,540816;5,540816
model_10001267;28,375387;10,316327;10,316327
model_10001268;45,096383;12,571429;12,571429
model_10001269;16,152387;4,591837;4,591837
model_10001270;40,679039;10,193878;10,193878
model_10001271;40,679039;10,193878;10,193878
model_10001272;27,873028;11,744898;11,744898
model_10001273;40,285975;11,816327;11,816327
model_10001274;40,679039;10,193878;10,193878
model_10001275;31,703411;12,653061;12,653061
model_10001276;32,127577;12,173469;12,173469
model_10001277;37,010824;9,306122;9,306122
model_10001278;21,348453;15,918367;15,918367
model_10001279;21,202475;4,540816;4,540816
model_10001280;22,136163;11,428571;11,428571
model_10001281;45,096383;12,571429;12,571429
model_10001282;28,361118;19,051020;19,051020
model_10001283;33,831717;16,336735;16,336735
model_10001284;16,152387;4,591837;4,591837
model_10001285;22,136163;11,428571;11,428571
model_10001286;15,687275;2,377551;2,377551
model_10001287;41,665305;15,561224;15,561224
model_10001288;22,136163;11,428571;11,428571
model_10001289;16,152387;4,591837;4,591837
model_10001290;34,875232;10,122449;10,122449
model_10001291;28,361118;19,051020;19,051020
model_10001292;34,649857;6,795918;6,795918
model_10001293;25,282795;19,112245;19,112245
model_10001294;16,152387;4,591837;4,591837
model_10001295;18,578480;3,214286;3,214286
model_10001296;19,230097;19,153061;19,153061
model_10001297;37,999743;17,948980;17,948980
model_10001298;37,455879;17,122449;17,122449
model_10001299;23,949137;8,010204;8,010204
model_100013;34,617574;26,173469;26,173469
model_10001300;16,152387;4,591837;4,591837
model_10001301;38,105208;18,306122;18,306122
model_10001302;34,314878;12,367347;12,367347
model_10001303;44,861690;14,663265;14,663265
model_10001304;34,875232;10,122449;10,122449
model_10001305;34,247591;17,632653;17,632653
model_10001306;40,804704;13,612245;13,612245
model_10001307;37,999743;17,948980;17,948980
model_10001308;20,595696;5,255102;5,255102
model_10001309;31,076585;14,897959;14,897959
model_10001310;20,595696;5,255102;5,255102
model_10001311;23,561162;6,357143;6,357143
model_10001312;45,096383;12,571429;12,571429
model_10001313;20,308660;5,255102;5,255102
model_10001314;22,136163;11,428571;11,428571
model_10001315;45,096383;12,571429;12,571429
model_10001316;26,391992;8,520408;8,520408
model_10001317;22,379001;8,397959;8,397959
model_10001318;31,602324;7,918367;7,918367
model_10001319;16,152387;4,591837;4,591837
model_10001320;39,073832;14,877551;14,877551
model_10001321;14,627952;16,540816;16,540816
model_10001322;13,161317;7,612245;7,612245
model_10001323;25,746131;8,081633;8,081633
model_10001324;32,786724;17,163265;17,163265
model_10001325;33,265432;23,918367;23,918367
model_10001326;28,361118;19,051020;19,051020
model_10001327;17,111894;6,632653;6,632653
model_10001328;16,152387;4,591837;4,591837
model_10001329;20,308660;5,255102;5,255102
model_10001330;21,990770;20,397959;20,397959
model_10001331;32,108707;16,530612;16,530612
model_10001332;14,108167;2,295918;2,295918
model_10001333;21,367197;14,142857;14,142857
model_10001334;29,739733;13,581633;13,581633
model_10001335;12,991877;6,591837;6,591837
model_10001336;16,152387;4,591837;4,591837
model_10001337;25,746131;8,081633;8,081633
model_10001338;25,222188;7,846939;7,846939
model_10001339;7,682051;2,183673;2,183673
model_10001340;22,136163;11,428571;11,428571
model_10001341;45,096383;12,571429;12,571429
model_10001342;18,985676;11,428571;11,428571
model_10001343;8,831512;5,224490;5,224490
model_10001344;40,682816;9,887755;9,887755
model_10001345;33,372045;10,622449;10,622449
model_10001346;45,096383;12,571429;12,571429
model_10001347;27,544597;7,183673;7,183673
model_10001348;41,360874;12,295918;12,295918
model_10001349;60,808619;80,683673;80,683673
model_10001350;7,217899;1,591837;1,591837
model_10001351;21,097247;5,255102;5,255102
model_10001352;21,539192;5,306122;5,306122
model_10001353;49,056443;21,346939;21,346939
model_10001354;23,930606;13,438776;13,438776
model_10001355;16,062408;1,071429;1,071429
model_10001356;28,286501;11,816327;11,816327
model_10001357;12,377903;6,612245;6,612245
model_10001358;13,746773;7,377551;7,377551
model_10001359;20,035549;5,714286;5,714286
model_10001360;30,385215;10,091837;10,091837
model_10001361;36,527378;47,632653;47,632653
model_10001362;16,098713;2,826531;2,826531
model_10001363;32,404505;11,000000;11,000000
model_10001364;27,006337;8,948980;8,948980
model_10001365;40,112450;17,816327;17,816327
model_10001366;20,679252;5,183673;5,183673
model_10001367;36,588438;16,163265;16,163265
model_10001368;25,746131;8,081633;8,081633
model_10001369;27,604561;16,755102;16,755102
model_10001370;22,136163;11,428571;11,428571
model_10001371;41,615399;12,836735;12,836735
model_10001372;15,381879;8,030612;8,030612
model_10001373;19,187589;7,346939;7,346939
model_10001374;8,403436;0,948980;0,948980
model_10001375;20,682834;6,826531;6,826531
model_10001376;21,526690;9,500000;9,500000
model_10001377;45,508986;13,285714;13,285714
model_10001378;18,408709;4,081633;4,081633
model_10001379;31,711478;12,163265;12,163265
model_10001380;36,503176;7,663265;7,663265
model_10001381;33,489338;10,816327;10,816327
model_10001383;48,243339;34,642857;34,642857
model_10001384;46,452015;12,979592;12,979592
model_10001385;29,432523;12,642857;12,642857
model_10001386;13,125577;13,020408;13,020408
model_10001387;32,127577;12,173469;12,173469
model_10001388;19,221245;8,602041;8,602041
model_10001389;19,144379;14,173469;14,173469
model_10001390;40,887073;23,663265;23,663265
model_10001391;17,599075;2,142857;2,142857
model_10001392;15,272453;0,714286;0,714286
model_10001393;28,160462;19,040816;19,040816
model_10001394;18,898368;5,765306;5,765306
model_10001395;22,768662;11,183673;11,183673
model_10001396;21,202475;4,540816;4,540816
model_10001397;22,136163;11,428571;11,428571
model_10001398;31,092126;14,163265;14,163265
model_10001399;18,740883;8,663265;8,663265
model_100014;38,140274;26,530612;26,530612
model_10001400;7,008251;3,561224;3,561224
model_10001401;28,798211;10,510204;10,510204
model_10001402;34,875232;10,122449;10,122449
model_10001403;23,415090;7,918367;7,918367
model_10001404;16,152387;4,591837;4,591837
model_10001405;15,664293;8,020408;8,020408
model_10001406;45,096383;12,571429;12,571429
model_10001407;28,243685;9,551020;9,551020
model_10001408;28,361118;19,051020;19,051020
model_10001409;55,575168;29,928571;29,928571
model_10001410;21,718862;8,081633;8,081633
model_10001411;20,308660;5,255102;5,255102
model_10001412;10,115413;5,724490;5,724490
model_10001413;32,786724;17,163265;17,163265
model_10001414;17,599075;2,142857;2,142857
model_10001415;31,257685;14,897959;14,897959
model_10001416;21,503756;21,989796;21,989796
model_10001417;16,152387;4,591837;4,591837
model_10001418;31,005973;10,948980;10,948980
model_10001419;25,490769;10,102041;10,102041
model_10001420;33,748887;13,724490;13,724490
model_10001421;12,886495;6,897959;6,897959
model_10001422;34,875232;10,122449;10,122449
model_10001423;20,888760;9,000000;9,000000
model_10001424;26,716179;21,193878;21,193878
model_10001425;27,873028;11,744898;11,744898
model_10001426;41,799019;11,724490;11,724490
model_10001427;37,231511;15,928571;15,928571
model_10001428;16,062408;1,071429;1,071429
model_10001429;40,797062;32,367347;32,367347
model_10001430;37,149297;10,581633;10,581633
model_10001431;27,754564;12,693878;12,693878
model_10001432;29,065738;14,336735;14,336735
model_10001433;22,136163;11,428571;11,428571
model_10001434;12,655370;2,826531;2,826531
model_10001435;25,148983;15,387755;15,387755
model_10001436;16,098713;2,826531;2,826531
model_10001437;9,418865;1,591837;1,591837
model_10001438;20,595696;5,255102;5,255102
model_10001439;19,461582;13,163265;13,163265
model_10001440;27,698227;13,877551;13,877551
model_10001441;45,856047;26,755102;26,755102
model_10001442;39,438192;12,928571;12,928571
model_10001443;35,039809;10,479592;10,479592
model_10001444;16,469339;4,948980;4,948980
model_10001445;20,595696;5,255102;5,255102
model_10001446;40,706823;15,857143;15,857143
model_10001447;28,369107;10,653061;10,653061
model_10001448;46,099466;12,102041;12,102041
model_10001449;35,918359;16,448980;16,448980
model_10001450;36,799461;19,571429;19,571429
model_10001451;20,289830;4,602041;4,602041
model_10001452;20,308660;5,255102;5,255102
model_10001453;26,033167;8,081633;8,081633
model_10001454;20,489760;5,255102;5,255102
model_10001455;20,615790;7,142857;7,142857
model_10001456;29,710737;13,693878;13,693878
model_10001457;22,136163;11,428571;11,428571
model_10001458;32,786724;17,163265;17,163265
model_10001459;20,898891;8,928571;8,928571
model_10001460;36,920317;6,326531;6,326531
model_10001461;14,713769;5,122449;5,122449
model_10001462;16,152387;4,591837;4,591837
model_10001463;20,599291;14,183673;14,183673
model_10001464;16,062408;1,071429;1,071429
model_10001465;16,986071;5,663265;5,663265
model_10001466;29,679639;16,346939;16,346939
model_10001467;13,897001;17,632653;17,632653
model_10001468;18,400108;0,714286;0,714286
model_10001469;25,567225;7,724490;7,724490
model_10001470;34,697764;16,408163;16,408163
model_10001471;51,550494;52,908163;52,908163
model_10001472;20,624083;9,091837;9,091837
model_10001473;27,772800;11,408163;11,408163
model_10001474;18,256093;5,020408;5,020408
model_10001475;38,894489;29,826531;29,826531
model_10001476;25,440820;10,602041;10,602041
model_10001477;11,518769;3,795918;3,795918
model_10001478;18,102778;7,897959;7,897959
model_10001479;20,308660;5,255102;5,255102
model_10001480;27,418950;8,479592;8,479592
model_10001481;20,252273;6,479592;6,479592
model_10001482;25,843745;7,408163;7,408163
model_10001483;21,082140;26,632653;26,632653
model_10001484;24,874424;6,010204;6,010204
model_10001485;30,069537;22,795918;22,795918
model_10001486;25,742864;7,469388;7,469388
model_10001487;29,041792;10,500000;10,500000
model_10001488;22,486536;7,642857;7,642857
model_10001489;16,098713;2,826531;2,826531
model_10001490;20,308660;5,255102;5,255102
model_10001491;18,104526;4,132653;4,132653
model_10001492;32,767069;22,979592;22,979592
model_10001493;15,132606;0,357143;0,357143
model_10001494;27,873028;11,744898;11,744898
model_10001495;27,434036;11,948980;11,948980
model_10001496;25,428159;20,520408;20,520408
model_10001497;15,687275;2,377551;2,377551
model_10001498;25,746131;8,081633;8,081633
model_10001499;43,126550;10,306122;10,306122
model_100015;12,951830;3,938776;3,938776
model_10001500;22,136163;11,428571;11,428571
model_10001501;15,761444;3,653061;3,653061
model_10001502;17,345581;1,071429;1,071429
model_10001504;25,578468;8,142857;8,142857
model_10001505;43,445475;29,418367;29,418367
model_10001506;28,361118;19,051020;19,051020
model_10001507;21,120005;6,642857;6,642857
model_10001508;39,102695;9,000000;9,000000
model_10001509;13,484366;3,775510;3,775510
model_10001510;27,873028;11,744898;11,744898
model_10001511;45,096383;12,571429;12,571429
model_10001512;21,855013;7,122449;7,122449
model_10001513;16,641637;4,806122;4,806122
model_10001514;20,595696;5,255102;5,255102
model_10001515;16,152387;4,591837;4,591837
model_10001516;30,834503;12,061224;12,061224
model_10001517;17,192740;5,255102;5,255102
model_10001518;21,035837;6,173469;6,173469
model_10001519;25,004409;9,285714;9,285714
model_10001520;40,679039;10,193878;10,193878
model_10001521;37,591240;16,438776;16,438776
model_10001522;30,953100;13,765306;13,765306
model_10001523;23,856246;9,285714;9,285714
model_10001524;20,489760;5,255102;5,255102
model_10001525;20,297251;8,285714;8,285714
model_10001526;32,598454;19,663265;19,663265
model_10001528;15,132606;0,357143;0,357143
model_10001529;28,160462;19,040816;19,040816
model_10001530;10,758060;2,244898;2,244898
model_10001531;53,905540;25,132653;25,132653
model_10001532;19,662048;5,255102;5,255102
model_10001533;16,152387;4,591837;4,591837
model_10001534;33,489338;10,816327;10,816327
model_10001535;32,006700;9,938776;9,938776
model_10001536;45,096383;12,571429;12,571429
model_10001537;13,028527;4,408163;4,408163
model_10001538;18,062093;10,806122;10,806122
model_10001539;25,996626;11,795918;11,795918
model_10001540;26,358444;11,234694;11,234694
model_10001541;15,687275;2,377551;2,377551
model_10001542;16,098713;2,826531;2,826531
model_10001543;18,026486;4,724490;4,724490
model_10001544;19,248135;7,183673;7,183673
model_10001545;47,663751;25,346939;25,346939
model_10001546;27,714351;10,091837;10,091837
model_10001547;20,359129;8,408163;8,408163
model_10001548;20,595696;5,255102;5,255102
model_10001549;23,075033;6,632653;6,632653
model_10001550;12,728127;5,693878;5,693878
model_10001551;37,493494;18,765306;18,765306
model_10001552;40,679039;10,193878;10,193878
model_10001553;32,598454;19,663265;19,663265
model_10001554;30,038314;10,704082;10,704082
model_10001555;31,076585;14,897959;14,897959
model_10001556;23,808628;8,581633;8,581633
model_10001557;25,490769;10,102041;10,102041
model_10001558;12,128577;2,489796;2,489796
model_10001559;16,469339;4,948980;4,948980
model_10001560;36,491839;33,989796;33,989796
model_10001561;26,391992;8,520408;8,520408
model_10001562;40,804704;13,612245;13,612245
model_10001563;25,336334;8,081633;8,081633
model_10001564;21,202475;4,540816;4,540816
model_10001565;22,136163;11,428571;11,428571
model_10001566;47,324617;20,244898;20,244898
model_10001567;26,033167;8,081633;8,081633
model_10001568;30,090808;8,408163;8,408163
model_10001569;40,491083;21,061224;21,061224
model_10001570;33,156846;15,040816;15,040816
model_10001571;21,877956;2,418367;2,418367
model_10001572;20,595696;5,255102;5,255102
model_10001573;50,306279;20,979592;20,979592
model_10001574;14,643637;13,602041;13,602041
model_10001575;20,888760;9,000000;9,000000
model_10001576;20,595696;5,255102;5,255102
model_10001577;16,152387;4,591837;4,591837
model_10001578;25,802035;17,285714;17,285714
model_10001579;16,098713;2,826531;2,826531
model_10001580;40,679039;10,193878;10,193878
model_10001581;20,308660;5,255102;5,255102
model_10001582;16,152387;4,591837;4,591837
model_10001583;14,658385;5,091837;5,091837
model_10001584;33,666378;17,510204;17,510204
model_10001585;18,755388;5,020408;5,020408
model_10001586;23,355745;8,602041;8,602041
model_10001587;20,784464;14,326531;14,326531
model_10001588;20,595696;5,255102;5,255102
model_10001589;25,509224;7,846939;7,846939
model_10001590;22,005898;8,081633;8,081633
model_10001591;26,899483;10,459184;10,459184
model_10001592;18,717263;4,846939;4,846939
model_10001593;38,189900;8,530612;8,530612
model_10001594;37,999743;17,948980;17,948980
model_10001595;22,379001;8,397959;8,397959
model_10001596;28,160462;19,040816;19,040816
model_10001597;15,187365;2,826531;2,826531
model_10001598;18,578480;3,214286;3,214286
model_10001599;20,481815;6,785714;6,785714
model_100016;15,105577;4,459184;4,459184
model_10001600;21,131387;9,234694;9,234694
model_10001601;40,521515;9,224490;9,224490
model_10001602;40,679039;10,193878;10,193878
model_10001603;18,632835;12,367347;12,367347
model_10001604;40,679039;10,193878;10,193878
model_10001605;13,271653;13,785714;13,785714
model_10001606;31,305416;19,387755;19,387755
model_10001607;25,415044;8,051020;8,051020
model_10001608;19,662048;5,255102;5,255102
model_10001609;39,400979;11,479592;11,479592
model_10001610;32,375184;14,275510;14,275510
model_10001611;20,595696;5,255102;5,255102
model_10001612;21,471395;7,408163;7,408163
model_10001613;19,911886;4,775510;4,775510
model_10001614;15,500610;16,765306;16,765306
model_10001615;29,951377;13,816327;13,816327
model_10001616;15,272453;0,714286;0,714286
model_10001617;20,909077;18,979592;18,979592
model_10001618;20,742262;6,877551;6,877551
model_10001619;22,136163;11,428571;11,428571
model_10001620;8,479481;3,071429;3,071429
model_10001621;16,273977;8,724490;8,724490
model_10001622;28,361118;19,051020;19,051020
model_10001623;46,152792;12,571429;12,571429
model_10001624;23,166885;14,367347;14,367347
model_10001625;37,999743;17,948980;17,948980
model_10001626;6,289214;1,061224;1,061224
model_10001627;18,131076;5,020408;5,020408
model_10001628;30,426500;19,418367;19,418367
model_10001629;15,333457;8,244898;8,244898
model_10001630;19,517270;5,489796;5,489796
model_10001631;16,203433;4,846939;4,846939
model_10001632;22,136163;11,428571;11,428571
model_10001633;60,187839;72,183673;72,183673
model_10001634;52,170630;23,030612;23,030612
model_10001635;25,490769;10,102041;10,102041
model_10001636;7,290057;0,591837;0,591837
model_10001637;24,899511;13,387755;13,387755
model_10001638;20,120185;5,377551;5,377551
model_10001639;15,187365;2,826531;2,826531
model_10001640;17,965743;2,500000;2,500000
model_10001641;19,275228;8,244898;8,244898
model_10001642;20,308660;5,255102;5,255102
model_10001643;24,035786;10,000000;10,000000
model_10001644;13,403402;4,765306;4,765306
model_10001645;6,408057;2,010204;2,010204
model_10001646;32,658830;12,928571;12,928571
model_10001647;22,910456;6,275510;6,275510
model_10001648;9,758164;2,061224;2,061224
model_10001649;26,379645;8,081633;8,081633
model_10001650;20,595696;5,255102;5,255102
model_10001651;29,004845;12,602041;12,602041
model_10001652;32,071059;8,040816;8,040816
model_10001653;20,520279;9,285714;9,285714
model_10001654;37,999743;17,948980;17,948980
model_10001655;31,039458;12,510204;12,510204
model_10001656;20,525294;5,612245;5,612245
model_10001657;33,489338;10,816327;10,816327
model_10001658;20,234103;9,387755;9,387755
model_10001659;21,608587;6,612245;6,612245
model_10001660;8,924973;4,377551;4,377551
model_10001661;16,152387;4,591837;4,591837
model_10001662;25,119148;7,673469;7,673469
model_10001663;13,414291;3,306122;3,306122
model_10001664;12,210106;4,163265;4,163265
model_10001665;16,062408;1,071429;1,071429
model_10001666;34,651677;20,571429;20,571429
model_10001667;35,683432;16,795918;16,795918
model_10001668;27,635615;8,163265;8,163265
model_10001669;23,076395;4,540816;4,540816
model_10001670;31,380500;15,683673;15,683673
model_10001671;16,241720;3,928571;3,928571
model_10001672;49,102916;44,928571;44,928571
model_10001673;24,753340;5,530612;5,530612
model_10001674;20,308660;5,255102;5,255102
model_10001675;14,600473;7,887755;7,887755
model_10001676;31,460784;12,418367;12,418367
model_10001677;28,643337;10,734694;10,734694
model_10001678;12,314160;6,295918;6,295918
model_10001679;21,131387;9,234694;9,234694
model_10001680;11,220452;4,010204;4,010204
model_10001681;47,742564;40,397959;40,397959
model_10001682;22,246302;8,040816;8,040816
model_10001683;18,036389;7,806122;7,806122
model_10001684;21,187205;6,326531;6,326531
model_10001685;31,114745;12,918367;12,918367
model_10001686;19,654795;7,204082;7,204082
model_10001687;26,928690;16,316327;16,316327
model_10001688;7,290057;0,591837;0,591837
model_10001689;8,403436;0,948980;0,948980
model_10001690;19,321766;8,612245;8,612245
model_10001691;20,810211;5,255102;5,255102
model_10001692;21,159870;4,846939;4,846939
model_10001693;20,308660;5,255102;5,255102
model_10001694;43,658093;12,010204;12,010204
model_10001695;43,711488;21,306122;21,306122
model_10001696;17,577580;6,734694;6,734694
model_10001697;39,578469;15,102041;15,102041
model_10001698;15,187365;2,826531;2,826531
model_10001699;41,380961;12,744898;12,744898
model_100017;50,575598;49,520408;49,520408
model_10001700;11,744022;2,826531;2,826531
model_10001701;20,308660;5,255102;5,255102
model_10001702;22,136163;11,428571;11,428571
model_10001703;37,657991;16,234694;16,234694
model_10001704;24,158404;12,551020;12,551020
model_10001705;39,143929;10,795918;10,795918
model_10001706;23,385173;7,204082;7,204082
model_10001707;45,096383;12,571429;12,571429
model_10001708;15,272453;0,714286;0,714286
model_10001709;13,044020;10,132653;10,132653
model_10001710;29,629207;15,153061;15,153061
model_10001711;36,450193;15,642857;15,642857
model_10001712;12,704989;5,071429;5,071429
model_10001713;37,373856;20,867347;20,867347
model_10001714;26,454791;7,071429;7,071429
model_10001715;31,076585;14,897959;14,897959
model_10001716;16,152387;4,591837;4,591837
model_10001717;19,987962;14,846939;14,846939
model_10001718;33,799203;10,112245;10,112245
model_10001719;26,391992;8,520408;8,520408
model_10001720;38,189900;8,530612;8,530612
model_10001721;20,974559;7,714286;7,714286
model_10001722;20,615790;7,142857;7,142857
model_10001723;20,308660;5,255102;5,255102
model_10001724;46,452015;12,979592;12,979592
model_10001725;6,289214;1,061224;1,061224
model_10001726;22,136163;11,428571;11,428571
model_10001727;25,998728;12,663265;12,663265
model_10001728;27,873028;11,744898;11,744898
model_10001729;27,873028;11,744898;11,744898
model_10001730;40,679039;10,193878;10,193878
model_10001731;41,903563;33,295918;33,295918
model_10001732;30,834503;12,061224;12,061224
model_10001733;19,689036;5,020408;5,020408
model_10001734;14,169667;6,897959;6,897959
model_10001735;46,452015;12,979592;12,979592
model_10001736;25,156418;15,734694;15,734694
model_10001737;16,098713;2,826531;2,826531
model_10001738;30,539034;13,204082;13,204082
model_10001739;24,203677;7,918367;7,918367
model_10001740;11,270573;4,724490;4,724490
model_10001741;14,199575;4,377551;4,377551
model_10001742;16,152387;4,591837;4,591837
model_10001743;17,321090;7,306122;7,306122
model_10001744;40,679039;10,193878;10,193878
model_10001745;21,940388;10,153061;10,153061
model_10001746;30,752991;8,234694;8,234694
model_10001747;9,865899;2,071429;2,071429
model_10001748;22,903529;11,836735;11,836735
model_10001749;15,132606;0,357143;0,357143
model_10001750;14,605974;4,132653;4,132653
model_10001751;26,358444;11,234694;11,234694
model_10001752;36,248308;27,224490;27,224490
model_10001753;16,062408;1,071429;1,071429
model_10001754;40,066031;14,663265;14,663265
model_10001755;21,525899;4,897959;4,897959
model_10001756;13,471951;6,663265;6,663265
model_10001757;16,246894;5,714286;5,714286
model_10001758;24,137157;7,765306;7,765306
model_10001759;27,914051;10,581633;10,581633
model_10001760;38,202745;18,183673;18,183673
model_10001761;16,743895;5,306122;5,306122
model_10001762;10,226329;1,775510;1,775510
model_10001763;41,801422;21,918367;21,918367
model_10001764;15,687275;2,377551;2,377551
model_10001765;20,595696;5,255102;5,255102
model_10001766;21,139147;10,367347;10,367347
model_10001767;31,092126;14,163265;14,163265
model_10001768;45,096383;12,571429;12,571429
model_10001769;19,662048;5,255102;5,255102
model_10001770;11,370122;5,989796;5,989796
model_10001771;16,098713;2,826531;2,826531
model_10001772;17,693809;2,959184;2,959184
model_10001773;21,602089;10,306122;10,306122
model_10001774;45,096383;12,571429;12,571429
model_10001775;17,089486;11,234694;11,234694
model_10001776;16,530660;11,030612;11,030612
model_10001777;27,873028;11,744898;11,744898
model_10001778;27,921513;17,826531;17,826531
model_10001779;12,582581;7,408163;7,408163
model_10001780;24,388213;10,051020;10,051020
model_10001781;17,435357;6,285714;6,285714
model_10001782;15,050080;3,591837;3,591837
model_10001783;32,108707;16,530612;16,530612
model_10001784;12,712465;4,030612;4,030612
model_10001785;26,392743;8,081633;8,081633
model_10001786;20,308660;5,255102;5,255102
model_10001787;25,746131;8,081633;8,081633
model_10001788;24,476376;54,183673;54,183673
model_10001789;26,197744;8,438776;8,438776
model_10001790;21,194551;9,775510;9,775510
model_10001791;22,379001;8,397959;8,397959
model_10001792;14,626700;3,132653;3,132653
model_10001793;22,841968;3,785714;3,785714
model_10001794;28,270460;14,928571;14,928571
model_10001795;19,393891;10,979592;10,979592
model_10001796;19,689036;5,020408;5,020408
model_10001797;5,175275;1,540816;1,540816
model_10001798;25,746131;8,081633;8,081633
model_10001799;18,556617;7,061224;7,061224
model_100018;38,140274;26,530612;26,530612
model_10001800;19,662048;5,255102;5,255102
model_10001801;12,686936;3,122449;3,122449
model_10001802;31,934748;12,887755;12,887755
model_10001803;24,596873;11,173469;11,173469
model_10001804;23,228496;4,887755;4,887755
model_10001805;21,653316;5,469388;5,469388
model_10001806;30,296753;12,795918;12,795918
model_10001807;26,055303;9,989796;9,989796
model_10001808;41,544520;21,081633;21,081633
model_10001809;46,152792;12,571429;12,571429
model_10001810;36,235492;21,102041;21,102041
model_10001811;44,368666;23,193878;23,193878
model_10001812;42,108838;54,714286;54,714286
model_10001813;14,975212;3,295918;3,295918
model_10001814;28,608089;5,887755;5,887755
model_10001815;28,674903;10,918367;10,918367
model_10001816;22,136163;11,428571;11,428571
model_10001817;34,966809;7,510204;7,510204
model_10001818;31,703411;12,653061;12,653061
model_10001819;15,272453;0,714286;0,714286
model_10001820;15,783236;10,469388;10,469388
model_10001821;27,309732;9,857143;9,857143
model_10001822;41,360874;12,295918;12,295918
model_10001823;21,120005;6,642857;6,642857
model_10001824;19,037736;5,255102;5,255102
model_10001825;34,875232;10,122449;10,122449
model_10001826;20,308660;5,255102;5,255102
model_10001827;27,533701;13,071429;13,071429
model_10001828;20,830685;4,295918;4,295918
model_10001829;46,794581;14,928571;14,928571
model_10001830;25,592881;6,010204;6,010204
model_10001831;36,172729;12,418367;12,418367
model_10001832;43,666492;35,989796;35,989796
model_10001833;27,873028;11,744898;11,744898
model_10001834;11,971179;3,806122;3,806122
model_10001835;16,152387;4,591837;4,591837
model_10001836;27,873028;11,744898;11,744898
model_10001837;20,595696;5,255102;5,255102
model_10001838;25,746131;8,081633;8,081633
model_10001839;44,368666;23,193878;23,193878
model_10001840;36,180140;23,255102;23,255102
model_10001841;42,457138;19,051020;19,051020
model_10001842;45,096383;12,571429;12,571429
model_10001843;26,033167;8,081633;8,081633
model_10001844;27,460260;8,153061;8,153061
model_10001845;21,995360;7,000000;7,000000
model_10001846;27,993940;10,510204;10,510204
model_10001847;44,782254;12,285714;12,285714
model_10001848;23,947899;13,653061;13,653061
model_10001849;47,442549;12,632653;12,632653
model_10001850;37,867479;15,397959;15,397959
model_10001851;21,577577;5,663265;5,663265
model_10001852;25,210995;9,459184;9,459184
model_10001853;26,085713;6,653061;6,653061
model_10001854;39,812617;8,887755;8,887755
model_10001855;17,355210;4,530612;4,530612
model_10001856;17,888676;6,846939;6,846939
model_10001857;16,152387;4,591837;4,591837
model_10001858;21,419917;8,153061;8,153061
model_10001859;20,595696;5,255102;5,255102
model_10001860;20,884595;10,173469;10,173469
model_10001861;27,899058;10,744898;10,744898
model_10001862;12,212949;5,561224;5,561224
model_10001863;45,559963;29,857143;29,857143
model_10001864;21,097247;5,255102;5,255102
model_10001865;22,910456;6,275510;6,275510
model_10001866;30,090800;10,122449;10,122449
model_10001867;10,954236;4,551020;4,551020
model_10001868;27,775752;13,204082;13,204082
model_10001869;19,461582;13,163265;13,163265
model_10001870;34,964270;19,806122;19,806122
model_10001871;20,810211;5,255102;5,255102
model_10001872;30,167128;13,224490;13,224490
model_10001873;20,595696;5,255102;5,255102
model_10001874;20,595696;5,255102;5,255102
model_10001875;20,812330;5,612245;5,612245
model_10001876;22,136163;11,428571;11,428571
model_10001877;28,706933;16,704082;16,704082
model_10001878;13,693128;11,561224;11,561224
model_10001879;6,866867;2,367347;2,367347
model_10001880;4,982864;1,295918;1,295918
model_10001881;42,986562;10,693878;10,693878
model_10001882;36,574222;33,622449;33,622449
model_10001883;17,774890;4,489796;4,489796
model_10001884;34,249721;8,989796;8,989796
model_10001885;23,593899;6,367347;6,367347
model_10001887;15,132606;0,357143;0,357143
model_10001888;13,612798;7,020408;7,020408
model_10001889;22,307606;12,142857;12,142857
model_10001890;17,345581;1,071429;1,071429
model_10001891;27,858491;12,816327;12,816327
model_10001892;36,784654;23,489796;23,489796
model_10001893;16,152387;4,591837;4,591837
model_10001894;13,613856;4,142857;4,142857
model_10001895;16,152387;4,591837;4,591837
model_10001896;37,571224;20,622449;20,622449
model_10001897;44,523164;36,918367;36,918367
model_10001898;39,952413;33,867347;33,867347
model_10001899;26,922298;20,112245;20,112245
model_100019;38,140274;26,530612;26,530612
model_10001900;25,813696;9,275510;9,275510
model_10001901;21,097247;5,255102;5,255102
model_10001902;46,452015;12,979592;12,979592
model_10001903;49,278243;28,724490;28,724490
model_10001904;22,136163;11,428571;11,428571
model_10001905;19,306691;9,234694;9,234694
model_10001906;11,643547;2,061224;2,061224
model_10001907;7,290057;0,591837;0,591837
model_10001908;41,511347;20,806122;20,806122
model_10001909;39,245743;33,734694;33,734694
model_10001910;15,272453;0,714286;0,714286
model_10001911;27,135441;12,214286;12,214286
model_10001912;45,096383;12,571429;12,571429
model_10001914;26,033167;8,081633;8,081633
model_10001915;43,288823;35,897959;35,897959
model_10001916;53,949032;33,867347;33,867347
model_10001917;15,687275;2,377551;2,377551
model_10001918;22,621177;9,112245;9,112245
model_10001919;37,461534;12,826531;12,826531
model_10001920;15,132606;0,357143;0,357143
model_10001921;15,272453;0,714286;0,714286
model_10001922;27,128632;9,857143;9,857143
model_10001923;25,746131;8,081633;8,081633
model_10001924;16,152387;4,591837;4,591837
model_10001925;36,050687;16,346939;16,346939
model_10001926;28,816194;19,244898;19,244898
model_10001927;25,923465;10,336735;10,336735
model_10001928;13,291035;4,785714;4,785714
model_10001929;20,525294;5,612245;5,612245
model_10001930;27,042415;11,581633;11,581633
model_10001931;40,808438;6,500000;6,500000
model_10001932;13,678723;10,744898;10,744898
model_10001933;17,152353;5,255102;5,255102
model_10001934;8,714297;1,775510;1,775510
model_10001935;20,812330;5,612245;5,612245
model_10001936;20,308660;5,255102;5,255102
model_10001937;28,456769;19,408163;19,408163
model_10001938;22,136163;11,428571;11,428571
model_10001939;43,169356;18,336735;18,336735
model_10001940;22,136163;11,428571;11,428571
model_10001941;27,182821;21,285714;21,285714
model_10001942;35,704134;18,969388;18,969388
model_10001943;10,701948;5,000000;5,000000
model_10001944;28,295127;12,591837;12,591837
model_10001945;27,721910;9,520408;9,520408
model_10001946;15,272453;0,714286;0,714286
model_10001947;22,208099;9,132653;9,132653
model_10001948;23,385173;7,204082;7,204082
model_10001949;15,272453;0,714286;0,714286
model_10001950;22,136163;11,428571;11,428571
model_10001951;27,021182;19,091837;19,091837
model_10001952;19,497468;7,959184;7,959184
model_10001953;38,177000;7,234694;7,234694
model_10001954;25,536376;10,051020;10,051020
model_10001955;17,175788;1,785714;1,785714
model_10001956;32,689852;20,020408;20,020408
model_10001958;20,885442;14,173469;14,173469
model_10001959;19,662048;5,255102;5,255102
model_10001960;27,519706;7,326531;7,326531
model_10001961;55,105675;38,622449;38,622449
model_10001962;20,308660;5,255102;5,255102
model_10001963;45,096383;12,571429;12,571429
model_10001964;29,193176;15,714286;15,714286
model_10001965;41,919702;10,744898;10,744898
model_10001966;20,595696;5,255102;5,255102
model_10001967;25,342132;10,183673;10,183673
model_10001968;31,788544;28,734694;28,734694
model_10001969;42,986562;10,693878;10,693878
model_10001970;21,115821;4,030612;4,030612
model_10001971;15,187365;2,826531;2,826531
model_10001972;27,140900;7,908163;7,908163
model_10001973;32,256424;11,775510;11,775510
model_10001974;22,979351;6,887755;6,887755
model_10001975;22,616103;7,561224;7,561224
model_10001976;35,439641;10,877551;10,877551
model_10001977;27,873028;11,744898;11,744898
model_10001978;19,949084;5,255102;5,255102
model_10001979;21,828712;16,071429;16,071429
model_10001980;16,152387;4,591837;4,591837
model_10001981;39,028162;25,214286;25,214286
model_10001982;20,308660;5,255102;5,255102
model_10001983;45,638695;16,581633;16,581633
model_10001984;16,152387;4,591837;4,591837
model_10001985;44,381565;36,102041;36,102041
model_10001986;19,264250;5,918367;5,918367
model_10001987;27,446681;12,091837;12,091837
model_10001988;16,062408;1,071429;1,071429
model_10001989;25,490769;10,102041;10,102041
model_10001990;13,472492;10,918367;10,918367
model_10001991;47,208101;14,408163;14,408163
model_10001992;9,418865;1,591837;1,591837
model_10001993;23,158693;67,112245;67,112245
model_10001994;23,033780;10,540816;10,540816
model_10001995;14,914496;6,020408;6,020408
model_10001996;20,308660;5,255102;5,255102
model_10001997;21,097247;5,255102;5,255102
model_10001998;26,716179;21,193878;21,193878
model_10001999;13,629405;2,826531;2,826531
model_10002;42,271943;15,602041;15,602041
model_100020;42,195280;49,846939;49,846939
model_10002000;25,002041;19,469388;19,469388
model_10002001;20,066484;4,897959;4,897959
model_10002002;22,136163;11,428571;11,428571
model_10002004;26,350119;8,795918;8,795918
model_10002005;9,359456;3,530612;3,530612
model_10002006;49,104611;62,397959;62,397959
model_10002007;15,987763;5,234694;5,234694
model_10002008;26,409269;11,459184;11,459184
model_10002009;17,734631;3,234694;3,234694
model_10002010;7,290057;0,591837;0,591837
model_10002011;24,188171;8,081633;8,081633
model_10002012;36,183031;20,836735;20,836735
model_10002013;27,843653;9,367347;9,367347
model_10002014;27,873028;11,744898;11,744898
model_10002015;29,689023;17,734694;17,734694
model_10002016;30,485077;23,734694;23,734694
model_10002017;60,808619;80,683673;80,683673
model_10002018;26,983851;19,806122;19,806122
model_10002019;27,574186;12,336735;12,336735
model_10002020;42,953633;14,775510;14,775510
model_10002021;37,999743;17,948980;17,948980
model_10002022;10,460999;5,744898;5,744898
model_10002023;16,152387;4,591837;4,591837
model_10002024;28,361118;19,051020;19,051020
model_10002025;24,579399;5,377551;5,377551
model_10002026;22,910456;6,275510;6,275510
model_10002027;36,313903;12,418367;12,418367
model_10002028;24,467933;5,367347;5,367347
model_10002029;39,379553;19,448980;19,448980
model_10002030;17,150423;10,581633;10,581633
model_10002031;27,680690;11,357143;11,357143
model_10002032;20,595696;5,255102;5,255102
model_10002033;32,598454;19,663265;19,663265
model_10002034;33,528400;18,744898;18,744898
model_10002035;22,165077;8,244898;8,244898
model_10002036;23,987856;14,132653;14,132653
model_10002037;16,583230;4,785714;4,785714
model_10002038;20,598279;7,285714;7,285714
model_10002039;20,308660;5,255102;5,255102
model_10002040;38,410693;30,765306;30,765306
model_10002041;20,810211;5,255102;5,255102
model_10002042;51,471531;49,795918;49,795918
model_10002043;13,961791;7,602041;7,602041
model_10002044;37,550733;15,153061;15,153061
model_10002045;31,341206;15,367347;15,367347
model_10002046;27,899058;10,744898;10,744898
model_10002047;40,112450;17,816327;17,816327
model_10002048;26,048002;12,775510;12,775510
model_10002049;24,255922;15,377551;15,377551
model_10002050;16,152387;4,591837;4,591837
model_10002051;25,521036;6,010204;6,010204
model_10002052;26,551115;12,489796;12,489796
model_10002053;20,595696;5,255102;5,255102
model_10002054;34,875232;10,122449;10,122449
model_10002055;26,716179;21,193878;21,193878
model_10002056;16,062408;1,071429;1,071429
model_10002057;17,987019;5,765306;5,765306
model_10002058;16,098713;2,826531;2,826531
model_10002059;20,058546;8,622449;8,622449
model_10002060;21,929543;17,244898;17,244898
model_10002061;27,873028;11,744898;11,744898
model_10002062;8,192549;1,775510;1,775510
model_10002063;27,063666;8,826531;8,826531
model_10002064;17,894532;7,448980;7,448980
model_10002065;27,323440;19,918367;19,918367
model_10002066;43,658093;12,010204;12,010204
model_10002067;36,695479;8,714286;8,714286
model_10002068;23,757390;21,979592;21,979592
model_10002069;20,308660;5,255102;5,255102
model_10002070;30,908320;9,244898;9,244898
model_10002071;31,170496;17,571429;17,571429
model_10002072;15,272453;0,714286;0,714286
model_10002073;12,683354;2,183673;2,183673
model_10002074;16,098713;2,826531;2,826531
model_10002075;32,598454;19,663265;19,663265
model_10002076;28,361118;19,051020;19,051020
model_10002077;21,369035;3,938776;3,938776
model_10002078;40,679039;10,193878;10,193878
model_10002079;26,032494;12,938776;12,938776
model_10002080;19,859657;7,448980;7,448980
model_10002081;38,271017;7,234694;7,234694
model_10002082;27,898365;8,724490;8,724490
model_10002083;25,469298;14,653061;14,653061
model_10002084;21,301652;6,581633;6,581633
model_10002086;39,683094;36,918367;36,918367
model_10002087;27,873028;11,744898;11,744898
model_10002088;24,767939;6,387755;6,387755
model_10002089;16,152387;4,591837;4,591837
model_10002090;40,467396;9,959184;9,959184
model_10002091;20,438007;7,765306;7,765306
model_10002092;27,049078;8,234694;8,234694
model_10002093;19,689036;5,020408;5,020408
model_10002094;30,017555;23,734694;23,734694
model_10002095;19,662048;5,255102;5,255102
model_10002096;31,703411;12,653061;12,653061
model_10002097;17,599075;2,142857;2,142857
model_10002098;45,789724;31,030612;31,030612
model_10002099;22,503652;8,755102;8,755102
model_100021;42,195280;49,846939;49,846939
model_10002100;47,308085;39,938776;39,938776
model_10002101;40,679039;10,193878;10,193878
model_10002102;24,307111;9,000000;9,000000
model_10002103;28,303741;13,683673;13,683673
model_10002104;16,152387;4,591837;4,591837
model_10002105;16,152387;4,591837;4,591837
model_10002106;27,873028;11,744898;11,744898
model_10002107;31,703411;12,653061;12,653061
model_10002108;43,132491;13,561224;13,561224
model_10002109;10,708621;3,918367;3,918367
model_10002110;24,594076;6,602041;6,602041
model_10002111;33,489338;10,816327;10,816327
model_10002112;40,408147;22,581633;22,581633
model_10002113;21,644827;15,765306;15,765306
model_10002114;32,009436;11,479592;11,479592
model_10002115;47,324617;20,244898;20,244898
model_10002116;31,567674;15,316327;15,316327
model_10002117;23,395674;12,306122;12,306122
model_10002118;31,124900;8,408163;8,408163
model_10002119;24,400136;9,295918;9,295918
model_10002120;14,776412;5,551020;5,551020
model_10002121;26,857068;6,938776;6,938776
model_10002122;30,543442;10,826531;10,826531
model_10002123;30,426500;19,418367;19,418367
model_10002124;22,452876;9,704082;9,704082
model_10002125;8,483087;2,367347;2,367347
model_10002126;24,178015;7,010204;7,010204
model_10002127;20,679252;5,183673;5,183673
model_10002128;34,721179;9,989796;9,989796
model_10002129;5,816295;3,295918;3,295918
model_10002130;21,525899;4,897959;4,897959
model_10002131;22,621109;10,846939;10,846939
model_10002132;35,799394;11,306122;11,306122
model_10002133;44,029156;14,469388;14,469388
model_10002135;19,558462;4,530612;4,530612
model_10002136;19,402000;5,020408;5,020408
model_10002137;26,741664;6,204082;6,204082
model_10002138;43,765884;22,775510;22,775510
model_10002139;19,846364;7,040816;7,040816
model_10002140;45,096383;12,571429;12,571429
model_10002142;11,128976;3,122449;3,122449
model_10002143;15,132606;0,357143;0,357143
model_10002144;38,002248;10,030612;10,030612
model_10002145;23,018069;8,673469;8,673469
model_10002146;20,481815;6,785714;6,785714
model_10002147;45,096383;12,571429;12,571429
model_10002148;23,986351;13,377551;13,377551
model_10002149;38,600838;13,346939;13,346939
model_10002150;24,343906;13,908163;13,908163
model_10002151;32,598454;19,663265;19,663265
model_10002152;18,672742;4,846939;4,846939
model_10002153;25,439674;10,591837;10,591837
model_10002154;28,022262;10,316327;10,316327
model_10002155;11,431394;2,530612;2,530612
model_10002156;5,858501;0,826531;0,826531
model_10002157;26,563458;21,183673;21,183673
model_10002158;31,538968;13,336735;13,336735
model_10002159;43,913635;18,163265;18,163265
model_10002160;20,595696;5,255102;5,255102
model_10002161;16,152387;4,591837;4,591837
model_10002162;22,922959;2,500000;2,500000
model_10002163;24,343906;13,908163;13,908163
model_10002164;30,968516;12,551020;12,551020
model_10002165;32,786724;17,163265;17,163265
model_10002166;36,310863;20,102041;20,102041
model_10002167;13,615964;4,112245;4,112245
model_10002168;34,958245;11,102041;11,102041
model_10002169;29,183210;9,295918;9,295918
model_10002170;33,187527;11,255102;11,255102
model_10002171;13,239861;2,010204;2,010204
model_10002172;24,363480;14,357143;14,357143
model_10002173;20,243095;7,051020;7,051020
model_10002174;38,971067;11,989796;11,989796
model_10002175;32,999068;14,408163;14,408163
model_10002176;21,993479;7,295918;7,295918
model_10002177;20,888760;9,000000;9,000000
model_10002178;24,186901;13,979592;13,979592
model_10002179;29,711288;16,663265;16,663265
model_10002180;27,873028;11,744898;11,744898
model_10002181;61,040372;116,714286;100,000000
model_10002182;20,595696;5,255102;5,255102
model_10002183;22,910456;6,275510;6,275510
model_10002184;31,250244;16,979592;16,979592
model_10002185;16,062408;1,071429;1,071429
model_10002186;37,999743;17,948980;17,948980
model_10002187;51,277223;27,071429;27,071429
model_10002188;35,980047;23,040816;23,040816
model_10002189;40,112450;17,816327;17,816327
model_10002190;20,693801;4,000000;4,000000
model_10002191;40,521515;9,224490;9,224490
model_10002192;31,711478;12,163265;12,163265
model_10002193;20,406778;10,561224;10,561224
model_10002194;21,075230;5,489796;5,489796
model_10002195;20,595696;5,255102;5,255102
model_10002196;26,666884;13,846939;13,846939
model_10002197;23,383913;10,061224;10,061224
model_10002198;24,316250;6,408163;6,408163
model_10002199;17,470927;9,469388;9,469388
model_100022;30,194666;8,183673;8,183673
model_10002200;25,411308;12,816327;12,816327
model_10002201;23,370445;11,459184;11,459184
model_10002202;26,563458;21,183673;21,183673
model_10002203;31,170496;17,571429;17,571429
model_10002204;27,956527;10,806122;10,806122
model_10002205;25,490769;10,102041;10,102041
model_10002206;45,075828;33,346939;33,346939
model_10002207;35,264258;15,479592;15,479592
model_10002208;24,709351;7,673469;7,673469
model_10002209;22,136163;11,428571;11,428571
model_10002211;33,759412;20,081633;20,081633
model_10002212;22,910335;8,275510;8,275510
model_10002213;40,679039;10,193878;10,193878
model_10002214;13,612798;7,020408;7,020408
model_10002215;25,865504;8,142857;8,142857
model_10002216;20,888760;9,000000;9,000000
model_10002217;15,803411;8,622449;8,622449
model_10002218;43,913635;18,163265;18,163265
model_10002219;16,152387;4,591837;4,591837
model_10002220;16,152387;4,591837;4,591837
model_10002221;31,170496;17,571429;17,571429
model_10002223;24,529835;7,928571;7,928571
model_10002224;30,288438;16,285714;16,285714
model_10002225;16,152387;4,591837;4,591837
model_10002226;22,136163;11,428571;11,428571
model_10002227;24,709351;7,673469;7,673469
model_10002228;22,910456;6,275510;6,275510
model_10002229;16,152387;4,591837;4,591837
model_10002230;29,517720;13,408163;13,408163
model_10002231;47,442549;12,632653;12,632653
model_10002232;16,152387;4,591837;4,591837
model_10002233;25,623370;8,081633;8,081633
model_10002234;11,814119;7,663265;7,663265
model_10002235;16,152387;4,591837;4,591837
model_10002236;45,096383;12,571429;12,571429
model_10002237;16,557523;3,183673;3,183673
model_10002238;32,598454;19,663265;19,663265
model_10002239;28,701726;6,469388;6,469388
model_10002240;13,928600;6,132653;6,132653
model_10002241;16,675145;1,428571;1,428571
model_10002242;22,498338;12,969388;12,969388
model_10002243;13,021397;8,908163;8,908163
model_10002244;43,934838;28,224490;28,224490
model_10002245;10,501593;4,020408;4,020408
model_10002246;39,083096;14,653061;14,653061
model_10002247;39,561011;18,112245;18,112245
model_10002248;32,598454;19,663265;19,663265
model_10002249;41,463024;12,479592;12,479592
model_10002250;16,097607;4,469388;4,469388
model_10002251;21,097247;5,255102;5,255102
model_10002252;22,136163;11,428571;11,428571
model_10002253;46,152792;12,571429;12,571429
model_10002254;16,258161;2,734694;2,734694
model_10002255;25,746131;8,081633;8,081633
model_10002256;45,096383;12,571429;12,571429
model_10002257;21,827754;3,653061;3,653061
model_10002258;33,366514;25,234694;25,234694
model_10002259;16,152387;4,591837;4,591837
model_10002260;25,795090;10,081633;10,081633
model_10002261;32,127577;12,173469;12,173469
model_10002262;27,873028;11,744898;11,744898
model_10002263;32,060264;13,051020;13,051020
model_10002264;39,856122;11,224490;11,224490
model_10002265;35,548946;12,520408;12,520408
model_10002266;27,100408;15,530612;15,530612
model_10002267;40,467396;9,959184;9,959184
model_10002268;22,136163;11,428571;11,428571
model_10002269;20,888760;9,000000;9,000000
model_10002270;40,679039;10,193878;10,193878
model_10002271;46,561489;14,408163;14,408163
model_10002272;23,378347;11,887755;11,887755
model_10002273;22,136163;11,428571;11,428571
model_10002274;27,873028;11,744898;11,744898
model_10002275;15,687275;2,377551;2,377551
model_10002276;17,577580;6,734694;6,734694
model_10002277;45,096383;12,571429;12,571429
model_10002278;22,910456;6,275510;6,275510
model_10002279;41,665305;15,561224;15,561224
model_10002280;30,650890;8,816327;8,816327
model_10002281;40,467396;9,959184;9,959184
model_10002282;22,910456;6,275510;6,275510
model_10002283;27,873028;11,744898;11,744898
model_10002284;45,096383;12,571429;12,571429
model_10002285;31,007797;12,397959;12,397959
model_10002286;45,096383;12,571429;12,571429
model_10002287;19,691878;7,908163;7,908163
model_10002288;15,687275;2,377551;2,377551
model_10002289;22,136163;11,428571;11,428571
model_10002290;28,715307;13,316327;13,316327
model_10002291;31,076585;14,897959;14,897959
model_10002292;36,578584;14,755102;14,755102
model_10002293;28,361118;19,051020;19,051020
model_10002294;26,716179;21,193878;21,193878
model_10002295;7,081409;3,357143;3,357143
model_10002296;22,136163;11,428571;11,428571
model_10002297;39,358800;23,326531;23,326531
model_10002298;45,096383;12,571429;12,571429
model_10002299;22,136163;11,428571;11,428571
model_100023;30,194666;8,183673;8,183673
model_10002300;22,910456;6,275510;6,275510
model_10002301;22,379001;8,397959;8,397959
model_10002302;22,136163;11,428571;11,428571
model_10002303;39,358800;23,326531;23,326531
model_10002304;16,152387;4,591837;4,591837
model_10002305;22,136163;11,428571;11,428571
model_10002306;16,152387;4,591837;4,591837
model_10002307;26,563458;21,183673;21,183673
model_10002308;37,999743;17,948980;17,948980
model_10002309;27,873028;11,744898;11,744898
model_10002310;21,202475;4,540816;4,540816
model_10002311;15,687275;2,377551;2,377551
model_10002312;17,202705;6,020408;6,020408
model_10002313;16,152387;4,591837;4,591837
model_10002314;27,873028;11,744898;11,744898
model_10002315;20,784464;14,326531;14,326531
model_10002316;27,873028;11,744898;11,744898
model_10002317;27,873028;11,744898;11,744898
model_10002318;18,578480;3,214286;3,214286
model_10002319;45,096383;12,571429;12,571429
model_10002320;16,152387;4,591837;4,591837
model_10002321;45,096383;12,571429;12,571429
model_10002322;40,679039;10,193878;10,193878
model_10002323;17,965743;2,500000;2,500000
model_10002324;15,687275;2,377551;2,377551
model_10002325;26,796953;14,765306;14,765306
model_10002326;21,815212;5,255102;5,255102
model_10002327;28,361118;19,051020;19,051020
model_10002328;16,152387;4,591837;4,591837
model_10002329;16,152387;4,591837;4,591837
model_10002330;15,687275;2,377551;2,377551
model_10002331;45,096383;12,571429;12,571429
model_10002332;37,461534;12,826531;12,826531
model_10002333;45,096383;12,571429;12,571429
model_10002334;29,988799;11,071429;11,071429
model_10002335;25,239723;11,663265;11,663265
model_10002336;28,333533;5,530612;5,530612
model_10002337;22,136163;11,428571;11,428571
model_10002338;34,721179;9,989796;9,989796
model_10002339;31,076585;14,897959;14,897959
model_10002340;27,873028;11,744898;11,744898
model_10002341;15,687275;2,377551;2,377551
model_10002342;22,950924;9,357143;9,357143
model_10002343;27,753684;6,877551;6,877551
model_10002344;28,046275;11,326531;11,326531
model_10002345;22,379001;8,397959;8,397959
model_10002346;22,568859;11,663265;11,663265
model_10002347;15,687275;2,377551;2,377551
model_10002348;45,096383;12,571429;12,571429
model_10002349;41,060947;10,785714;10,785714
model_10002350;15,687275;2,377551;2,377551
model_10002351;31,001413;9,836735;9,836735
model_10002352;27,873028;11,744898;11,744898
model_10002353;16,152387;4,591837;4,591837
model_10002354;43,913635;18,163265;18,163265
model_10002355;27,873028;11,744898;11,744898
model_10002356;25,810933;10,408163;10,408163
model_10002357;15,101819;2,612245;2,612245
model_10002358;18,578480;3,214286;3,214286
model_10002359;28,007002;12,102041;12,102041
model_10002360;45,096383;12,571429;12,571429
model_10002361;22,136163;11,428571;11,428571
model_10002362;39,358800;23,326531;23,326531
model_10002363;31,076585;14,897959;14,897959
model_10002364;45,096383;12,571429;12,571429
model_10002365;37,461534;12,826531;12,826531
model_10002366;20,308660;5,255102;5,255102
model_10002367;25,087291;7,112245;7,112245
model_10002368;16,152387;4,591837;4,591837
model_10002369;15,132606;0,357143;0,357143
model_10002370;25,087291;7,112245;7,112245
model_10002371;27,873028;11,744898;11,744898
model_10002372;26,095413;10,897959;10,897959
model_10002373;26,716179;21,193878;21,193878
model_10002374;23,925781;12,714286;12,714286
model_10002375;22,136163;11,428571;11,428571
model_10002376;29,886638;23,020408;23,020408
model_10002377;28,361118;19,051020;19,051020
model_10002378;22,136163;11,428571;11,428571
model_10002379;39,856122;11,224490;11,224490
model_10002380;24,035786;10,000000;10,000000
model_10002381;25,615931;5,469388;5,469388
model_10002382;31,076585;14,897959;14,897959
model_10002383;32,598454;19,663265;19,663265
model_10002384;28,120417;18,285714;18,285714
model_10002385;35,924039;12,408163;12,408163
model_10002386;34,409334;12,591837;12,591837
model_10002387;22,568859;11,663265;11,663265
model_10002388;25,087291;7,112245;7,112245
model_10002389;32,598454;19,663265;19,663265
model_10002390;27,873028;11,744898;11,744898
model_10002391;15,687275;2,377551;2,377551
model_10002392;45,096383;12,571429;12,571429
model_10002393;20,898891;8,928571;8,928571
model_10002394;22,136163;11,428571;11,428571
model_10002395;16,745250;5,530612;5,530612
model_10002396;21,202475;4,540816;4,540816
model_10002397;26,716179;21,193878;21,193878
model_10002398;20,963213;9,540816;9,540816
model_10002399;28,361118;19,051020;19,051020
model_100024;36,098996;27,887755;27,887755
model_10002400;26,033167;8,081633;8,081633
model_10002401;45,096383;12,571429;12,571429
model_10002402;22,136163;11,428571;11,428571
model_10002403;27,873028;11,744898;11,744898
model_10002404;19,512825;9,244898;9,244898
model_10002405;27,873028;11,744898;11,744898
model_10002406;19,898632;9,081633;9,081633
model_10002407;32,598454;19,663265;19,663265
model_10002408;40,679039;10,193878;10,193878
model_10002409;27,758155;7,112245;7,112245
model_10002410;34,409334;12,591837;12,591837
model_10002411;22,136163;11,428571;11,428571
model_10002412;35,312037;8,836735;8,836735
model_10002413;15,687275;2,377551;2,377551
model_10002414;45,096383;12,571429;12,571429
model_10002415;47,324617;20,244898;20,244898
model_10002416;34,409334;12,591837;12,591837
model_10002417;21,525899;4,897959;4,897959
model_10002418;20,633686;8,765306;8,765306
model_10002419;22,136163;11,428571;11,428571
model_10002420;45,096383;12,571429;12,571429
model_10002421;39,856122;11,224490;11,224490
model_10002422;21,202475;4,540816;4,540816
model_10002423;32,127577;12,173469;12,173469
model_10002424;22,910456;6,275510;6,275510
model_10002425;56,012140;41,693878;41,693878
model_10002426;16,152387;4,591837;4,591837
model_10002427;20,902486;1,122449;1,122449
model_10002428;22,136163;11,428571;11,428571
model_10002429;39,856122;11,224490;11,224490
model_10002430;27,873028;11,744898;11,744898
model_10002431;40,467396;9,959184;9,959184
model_10002432;15,687275;2,377551;2,377551
model_10002433;21,843452;22,214286;22,214286
model_10002434;27,873028;11,744898;11,744898
model_10002435;28,096776;7,112245;7,112245
model_10002436;57,455953;29,040816;29,040816
model_10002437;34,875232;10,122449;10,122449
model_10002438;40,804704;13,612245;13,612245
model_10002439;22,548939;6,734694;6,734694
model_10002440;16,152387;4,591837;4,591837
model_10002441;22,136163;11,428571;11,428571
model_10002442;45,096383;12,571429;12,571429
model_10002443;34,265210;27,244898;27,244898
model_10002444;29,886638;23,020408;23,020408
model_10002445;24,659188;7,357143;7,357143
model_10002446;32,256424;11,775510;11,775510
model_10002447;37,999743;17,948980;17,948980
model_10002448;32,127577;12,173469;12,173469
model_10002449;27,873028;11,744898;11,744898
model_10002450;45,096383;12,571429;12,571429
model_10002451;30,490867;13,959184;13,959184
model_10002452;45,096383;12,571429;12,571429
model_10002453;28,361118;19,051020;19,051020
model_10002454;22,910456;6,275510;6,275510
model_10002455;32,127577;12,173469;12,173469
model_10002456;45,096383;12,571429;12,571429
model_10002457;16,152387;4,591837;4,591837
model_10002458;34,809549;13,244898;13,244898
model_10002459;40,467396;9,959184;9,959184
model_10002460;40,679039;10,193878;10,193878
model_10002461;55,683213;17,061224;17,061224
model_10002462;40,679039;10,193878;10,193878
model_10002463;22,910456;6,275510;6,275510
model_10002464;28,361118;19,051020;19,051020
model_10002465;45,096383;12,571429;12,571429
model_10002466;32,598454;19,663265;19,663265
model_10002467;15,272453;0,714286;0,714286
model_10002468;45,096383;12,571429;12,571429
model_10002469;15,687275;2,377551;2,377551
model_10002470;41,060947;10,785714;10,785714
model_10002471;40,679039;10,193878;10,193878
model_10002472;27,873028;11,744898;11,744898
model_10002473;49,056443;21,346939;21,346939
model_10002474;45,096383;12,571429;12,571429
model_10002475;27,873028;11,744898;11,744898
model_10002476;20,820085;3,775510;3,775510
model_10002477;20,479752;6,591837;6,591837
model_10002478;12,822862;8,142857;8,142857
model_10002479;20,406899;5,836735;5,836735
model_10002480;40,467396;9,959184;9,959184
model_10002481;27,873028;11,744898;11,744898
model_10002482;32,598454;19,663265;19,663265
model_10002483;27,199473;12,224490;12,224490
model_10002484;24,059460;9,714286;9,714286
model_10002485;22,136163;11,428571;11,428571
model_10002486;39,856122;11,224490;11,224490
model_10002487;34,875232;10,122449;10,122449
model_10002488;20,888760;9,000000;9,000000
model_10002489;27,873028;11,744898;11,744898
model_10002490;40,679039;10,193878;10,193878
model_10002491;36,997870;13,346939;13,346939
model_10002492;15,687275;2,377551;2,377551
model_10002493;45,096383;12,571429;12,571429
model_10002494;45,096383;12,571429;12,571429
model_10002495;27,873028;11,744898;11,744898
model_10002496;22,136163;11,428571;11,428571
model_10002497;16,358308;2,826531;2,826531
model_10002498;47,324617;20,244898;20,244898
model_10002499;45,096383;12,571429;12,571429
model_100025;36,098996;27,887755;27,887755
model_10002500;45,096383;12,571429;12,571429
model_10002501;27,475498;7,530612;7,530612
model_10002502;28,361118;19,051020;19,051020
model_10002503;25,929104;6,877551;6,877551
model_10002504;45,096383;12,571429;12,571429
model_10002505;22,136163;11,428571;11,428571
model_10002506;27,886320;12,561224;12,561224
model_10002507;28,361118;19,051020;19,051020
model_10002508;23,660104;7,224490;7,224490
model_10002509;34,409334;12,591837;12,591837
model_10002510;22,136163;11,428571;11,428571
model_10002511;37,999743;17,948980;17,948980
model_10002512;28,361118;19,051020;19,051020
model_10002513;15,687275;2,377551;2,377551
model_10002514;15,687275;2,377551;2,377551
model_10002515;22,548939;6,734694;6,734694
model_10002516;27,873028;11,744898;11,744898
model_10002517;28,333533;5,530612;5,530612
model_10002518;22,136163;11,428571;11,428571
model_10002519;15,687275;2,377551;2,377551
model_10002520;22,136163;11,428571;11,428571
model_10002521;29,367695;15,785714;15,785714
model_10002522;45,096383;12,571429;12,571429
model_10002523;22,136163;11,428571;11,428571
model_10002524;45,096383;12,571429;12,571429
model_10002525;15,687275;2,377551;2,377551
model_10002526;34,129137;24,132653;24,132653
model_10002527;22,136163;11,428571;11,428571
model_10002528;8,924973;4,377551;4,377551
model_10002530;49,056443;21,346939;21,346939
model_10002531;22,136163;11,428571;11,428571
model_10002532;21,202475;4,540816;4,540816
model_10002533;25,998728;12,663265;12,663265
model_10002534;45,838342;13,571429;13,571429
model_10002535;45,096383;12,571429;12,571429
model_10002536;22,076927;5,612245;5,612245
model_10002537;45,096383;12,571429;12,571429
model_10002538;22,136163;11,428571;11,428571
model_10002539;16,152387;4,591837;4,591837
model_10002540;38,846763;11,428571;11,428571
model_10002541;16,152387;4,591837;4,591837
model_10002542;37,452658;22,377551;22,377551
model_10002543;45,096383;12,571429;12,571429
model_10002544;45,096383;12,571429;12,571429
model_10002545;18,578480;3,214286;3,214286
model_10002546;32,404505;11,000000;11,000000
model_10002547;40,679039;10,193878;10,193878
model_10002548;43,913635;18,163265;18,163265
model_10002549;20,479752;6,591837;6,591837
model_10002550;21,843452;22,214286;22,214286
model_10002551;43,192315;11,989796;11,989796
model_10002552;14,239062;11,153061;11,153061
model_10002553;40,467396;9,959184;9,959184
model_10002554;27,873028;11,744898;11,744898
model_10002555;22,136163;11,428571;11,428571
model_10002556;22,136163;11,428571;11,428571
model_10002557;15,687275;2,377551;2,377551
model_10002558;30,304889;11,418367;11,418367
model_10002559;41,665305;15,561224;15,561224
model_10002560;27,873028;11,744898;11,744898
model_10002561;22,438902;6,438776;6,438776
model_10002562;27,873028;11,744898;11,744898
model_10002563;32,598454;19,663265;19,663265
model_10002564;21,202475;4,540816;4,540816
model_10002565;22,136163;11,428571;11,428571
model_10002566;16,152387;4,591837;4,591837
model_10002567;27,157656;9,918367;9,918367
model_10002568;8,515735;2,897959;2,897959
model_10002569;18,578480;3,214286;3,214286
model_10002570;22,136163;11,428571;11,428571
model_10002571;21,202475;4,540816;4,540816
model_10002572;28,107399;13,673469;13,673469
model_10002573;40,679039;10,193878;10,193878
model_10002574;16,152387;4,591837;4,591837
model_10002575;22,568859;11,663265;11,663265
model_10002576;27,873028;11,744898;11,744898
model_10002577;27,873028;11,744898;11,744898
model_10002578;26,790076;9,326531;9,326531
model_10002579;30,936495;14,663265;14,663265
model_10002580;20,922163;26,224490;26,224490
model_10002581;21,202475;4,540816;4,540816
model_10002582;37,999743;17,948980;17,948980
model_10002583;24,339462;12,336735;12,336735
model_10002584;27,342914;12,479592;12,479592
model_10002585;20,011785;4,020408;4,020408
model_10002586;22,568859;11,663265;11,663265
model_10002587;46,434395;14,367347;14,367347
model_10002588;45,096383;12,571429;12,571429
model_10002589;27,457641;11,979592;11,979592
model_10002590;26,716179;21,193878;21,193878
model_10002591;19,888504;10,489796;10,489796
model_10002592;36,003581;14,948980;14,948980
model_10002593;22,492434;8,193878;8,193878
model_10002594;37,546871;15,071429;15,071429
model_10002595;22,903529;11,836735;11,836735
model_10002596;20,922163;26,224490;26,224490
model_10002597;16,152387;4,591837;4,591837
model_10002598;15,687275;2,377551;2,377551
model_10002599;27,873028;11,744898;11,744898
model_100026;43,378463;24,591837;24,591837
model_10002600;34,409334;12,591837;12,591837
model_10002601;27,873028;11,744898;11,744898
model_10002602;16,152387;4,591837;4,591837
model_10002603;32,127577;12,173469;12,173469
model_10002604;46,122778;14,663265;14,663265
model_10002605;16,152387;4,591837;4,591837
model_10002606;16,899835;2,836735;2,836735
model_10002607;28,361118;19,051020;19,051020
model_10002608;27,873028;11,744898;11,744898
model_10002609;26,352324;8,785714;8,785714
model_10002610;27,873028;11,744898;11,744898
model_10002611;45,096383;12,571429;12,571429
model_10002612;27,873028;11,744898;11,744898
model_10002613;22,136163;11,428571;11,428571
model_10002614;27,873028;11,744898;11,744898
model_10002615;30,124313;12,408163;12,408163
model_10002616;30,794065;14,826531;14,826531
model_10002617;35,395507;25,071429;25,071429
model_10002618;40,679039;10,193878;10,193878
model_10002619;16,152387;4,591837;4,591837
model_10002620;22,136163;11,428571;11,428571
model_10002621;45,096383;12,571429;12,571429
model_10002622;22,136163;11,428571;11,428571
model_10002623;27,873028;11,744898;11,744898
model_10002624;38,623759;23,438776;23,438776
model_10002625;45,096383;12,571429;12,571429
model_10002626;16,152387;4,591837;4,591837
model_10002627;16,152387;4,591837;4,591837
model_10002628;28,007002;12,102041;12,102041
model_10002629;26,111560;6,234694;6,234694
model_10002630;45,096383;12,571429;12,571429
model_10002631;15,272453;0,714286;0,714286
model_10002632;15,687275;2,377551;2,377551
model_10002633;22,136163;11,428571;11,428571
model_10002634;29,886638;23,020408;23,020408
model_10002635;12,237406;8,377551;8,377551
model_10002636;28,361118;19,051020;19,051020
model_10002637;36,695479;8,714286;8,714286
model_10002638;28,701726;6,469388;6,469388
model_10002639;45,096383;12,571429;12,571429
model_10002640;44,240069;13,571429;13,571429
model_10002641;32,598454;19,663265;19,663265
model_10002642;20,413680;10,969388;10,969388
model_10002643;34,409334;12,591837;12,591837
model_10002644;40,679039;10,193878;10,193878
model_10002645;30,650890;8,816327;8,816327
model_10002646;32,337790;10,010204;10,010204
model_10002647;45,096383;12,571429;12,571429
model_10002648;25,318626;8,704082;8,704082
model_10002649;39,856122;11,224490;11,224490
model_10002650;39,358800;23,326531;23,326531
model_10002651;15,687275;2,377551;2,377551
model_10002652;40,679039;10,193878;10,193878
model_10002653;15,687275;2,377551;2,377551
model_10002655;43,126550;10,306122;10,306122
model_10002656;25,795090;10,081633;10,081633
model_10002657;15,687275;2,377551;2,377551
model_10002658;27,475498;7,530612;7,530612
model_10002659;25,087291;7,112245;7,112245
model_10002660;17,577580;6,734694;6,734694
model_10002661;45,096383;12,571429;12,571429
model_10002662;28,361118;19,051020;19,051020
model_10002663;34,265210;27,244898;27,244898
model_10002664;45,096383;12,571429;12,571429
model_10002665;40,679039;10,193878;10,193878
model_10002666;22,136163;11,428571;11,428571
model_10002667;27,269416;12,571429;12,571429
model_10002668;32,127577;12,173469;12,173469
model_10002669;39,856122;11,224490;11,224490
model_10002670;27,873028;11,744898;11,744898
model_10002671;22,136163;11,428571;11,428571
model_10002672;29,886638;23,020408;23,020408
model_10002673;43,749057;17,806122;17,806122
model_10002674;22,910456;6,275510;6,275510
model_10002675;34,409334;12,591837;12,591837
model_10002676;16,152387;4,591837;4,591837
model_10002677;22,136163;11,428571;11,428571
model_10002678;25,795090;10,081633;10,081633
model_10002679;31,076585;14,897959;14,897959
model_10002680;27,475498;7,530612;7,530612
model_10002681;27,873028;11,744898;11,744898
model_10002682;22,136163;11,428571;11,428571
model_10002683;14,322739;4,612245;4,612245
model_10002684;21,083806;17,581633;17,581633
model_10002685;22,136163;11,428571;11,428571
model_10002686;40,545719;14,775510;14,775510
model_10002688;29,689023;17,734694;17,734694
model_10002689;21,202475;4,540816;4,540816
model_10002690;27,873028;11,744898;11,744898
model_10002691;31,703411;12,653061;12,653061
model_10002692;28,361118;19,051020;19,051020
model_10002694;16,152387;4,591837;4,591837
model_10002695;22,851763;8,173469;8,173469
model_10002696;20,888760;9,000000;9,000000
model_10002697;15,687275;2,377551;2,377551
model_10002698;16,152387;4,591837;4,591837
model_10002699;34,721179;9,989796;9,989796
model_100027;43,378463;24,591837;24,591837
model_10002700;15,687275;2,377551;2,377551
model_10002701;16,152387;4,591837;4,591837
model_10002702;37,626112;13,183673;13,183673
model_10002703;15,687275;2,377551;2,377551
model_10002704;22,910456;6,275510;6,275510
model_10002705;16,152387;4,591837;4,591837
model_10002706;26,476859;18,112245;18,112245
model_10002707;15,687275;2,377551;2,377551
model_10002708;28,361118;19,051020;19,051020
model_10002709;40,679039;10,193878;10,193878
model_10002710;27,873028;11,744898;11,744898
model_10002711;27,873028;11,744898;11,744898
model_10002712;39,358800;23,326531;23,326531
model_10002713;21,202475;4,540816;4,540816
model_10002714;29,886638;23,020408;23,020408
model_10002715;46,570688;26,673469;26,673469
model_10002716;32,127577;12,173469;12,173469
model_10002717;22,910456;6,275510;6,275510
model_10002718;47,208101;14,408163;14,408163
model_10002719;26,476859;18,112245;18,112245
model_10002720;32,108707;16,530612;16,530612
model_10002721;49,297812;52,908163;52,908163
model_10002722;28,007002;12,102041;12,102041
model_10002723;40,467396;9,959184;9,959184
model_10002724;22,136163;11,428571;11,428571
model_10002725;31,076585;14,897959;14,897959
model_10002726;15,687275;2,377551;2,377551
model_10002727;26,590772;13,275510;13,275510
model_10002728;32,127577;12,173469;12,173469
model_10002729;44,528935;19,459184;19,459184
model_10002730;45,096383;12,571429;12,571429
model_10002731;34,409334;12,591837;12,591837
model_10002732;45,096383;12,571429;12,571429
model_10002733;45,096383;12,571429;12,571429
model_10002734;40,679039;10,193878;10,193878
model_10002735;47,324617;20,244898;20,244898
model_10002736;16,152387;4,591837;4,591837
model_10002737;22,136163;11,428571;11,428571
model_10002738;21,527591;7,122449;7,122449
model_10002739;48,630650;24,122449;24,122449
model_10002740;15,687275;2,377551;2,377551
model_10002741;45,096383;12,571429;12,571429
model_10002742;28,361118;19,051020;19,051020
model_10002743;27,873028;11,744898;11,744898
model_10002744;22,136163;11,428571;11,428571
model_10002745;22,136163;11,428571;11,428571
model_10002746;34,129137;24,132653;24,132653
model_10002747;22,044765;11,071429;11,071429
model_10002748;16,152387;4,591837;4,591837
model_10002749;32,127577;12,173469;12,173469
model_10002750;16,152387;4,591837;4,591837
model_10002751;27,873028;11,744898;11,744898
model_10002752;22,136163;11,428571;11,428571
model_10002753;40,679039;10,193878;10,193878
model_10002754;45,096383;12,571429;12,571429
model_10002755;34,409334;12,591837;12,591837
model_10002756;22,136163;11,428571;11,428571
model_10002757;34,649857;6,795918;6,795918
model_10002758;27,873028;11,744898;11,744898
model_10002759;16,152387;4,591837;4,591837
model_10002760;27,873028;11,744898;11,744898
model_10002761;27,873028;11,744898;11,744898
model_10002762;32,127577;12,173469;12,173469
model_10002763;18,560606;6,938776;6,938776
model_10002764;40,679039;10,193878;10,193878
model_10002765;47,324617;20,244898;20,244898
model_10002766;27,873028;11,744898;11,744898
model_10002767;20,479752;6,591837;6,591837
model_10002768;45,096383;12,571429;12,571429
model_10002769;34,875232;10,122449;10,122449
model_10002770;22,136163;11,428571;11,428571
model_10002771;16,152387;4,591837;4,591837
model_10002772;27,873028;11,744898;11,744898
model_10002773;36,450193;15,642857;15,642857
model_10002774;45,096383;12,571429;12,571429
model_10002775;27,873028;11,744898;11,744898
model_10002776;34,265210;27,244898;27,244898
model_10002777;28,361118;19,051020;19,051020
model_10002778;27,873028;11,744898;11,744898
model_10002779;32,108707;16,530612;16,530612
model_10002780;16,152387;4,591837;4,591837
model_10002781;40,467396;9,959184;9,959184
model_10002782;47,324617;20,244898;20,244898
model_10002783;16,152387;4,591837;4,591837
model_10002784;33,673464;19,397959;19,397959
model_10002785;22,076927;5,612245;5,612245
model_10002786;34,265210;27,244898;27,244898
model_10002787;22,136163;11,428571;11,428571
model_10002788;27,873028;11,744898;11,744898
model_10002789;45,096383;12,571429;12,571429
model_10002790;15,687275;2,377551;2,377551
model_10002791;49,297812;52,908163;52,908163
model_10002792;15,687275;2,377551;2,377551
model_10002793;22,136163;11,428571;11,428571
model_10002794;20,885442;14,173469;14,173469
model_10002795;40,646302;10,316327;10,316327
model_10002796;22,136163;11,428571;11,428571
model_10002797;39,358800;23,326531;23,326531
model_10002798;40,467396;9,959184;9,959184
model_10002799;40,679039;10,193878;10,193878
model_100028;45,132995;27,173469;27,173469
model_10002800;32,502452;12,887755;12,887755
model_10002801;18,578480;3,214286;3,214286
model_10002802;15,687275;2,377551;2,377551
model_10002803;45,096383;12,571429;12,571429
model_10002804;34,875232;10,122449;10,122449
model_10002805;47,502333;15,122449;15,122449
model_10002806;34,875232;10,122449;10,122449
model_10002807;20,922163;26,224490;26,224490
model_10002808;27,873028;11,744898;11,744898
model_10002809;15,687275;2,377551;2,377551
model_10002810;15,687275;2,377551;2,377551
model_10002811;49,297812;52,908163;52,908163
model_10002812;15,687275;2,377551;2,377551
model_10002813;19,230097;19,153061;19,153061
model_10002814;18,578480;3,214286;3,214286
model_10002815;22,136163;11,428571;11,428571
model_10002816;42,966552;12,051020;12,051020
model_10002817;28,361118;19,051020;19,051020
model_10002818;45,096383;12,571429;12,571429
model_10002819;27,873028;11,744898;11,744898
model_10002820;45,096383;12,571429;12,571429
model_10002821;30,485077;23,734694;23,734694
model_10002822;43,192315;11,989796;11,989796
model_10002823;38,846763;11,428571;11,428571
model_10002824;26,716179;21,193878;21,193878
model_10002825;31,987818;15,367347;15,367347
model_10002826;32,108707;16,530612;16,530612
model_10002827;34,470951;6,438776;6,438776
model_10002828;27,181426;56,040816;56,040816
model_10002829;36,545456;29,183673;29,183673
model_10002830;31,076585;14,897959;14,897959
model_10002831;38,189900;8,530612;8,530612
model_10002832;45,096383;12,571429;12,571429
model_10002833;32,598454;19,663265;19,663265
model_10002834;21,202475;4,540816;4,540816
model_10002835;27,873028;11,744898;11,744898
model_10002836;22,136163;11,428571;11,428571
model_10002837;22,136163;11,428571;11,428571
model_10002838;31,805239;11,877551;11,877551
model_10002839;37,999743;17,948980;17,948980
model_10002840;21,083806;17,581633;17,581633
model_10002841;18,234335;5,295918;5,295918
model_10002842;49,297812;52,908163;52,908163
model_10002843;40,467396;9,959184;9,959184
model_10002844;22,568859;11,663265;11,663265
model_10002845;31,703411;12,653061;12,653061
model_10002846;22,910456;6,275510;6,275510
model_10002847;27,873028;11,744898;11,744898
model_10002848;45,096383;12,571429;12,571429
model_10002849;16,152387;4,591837;4,591837
model_10002850;23,653004;6,836735;6,836735
model_10002851;28,361118;19,051020;19,051020
model_10002852;15,687275;2,377551;2,377551
model_10002853;16,152387;4,591837;4,591837
model_10002854;17,965743;2,500000;2,500000
model_10002855;27,873028;11,744898;11,744898
model_10002856;20,888760;9,000000;9,000000
model_10002857;23,459683;8,265306;8,265306
model_10002858;43,083466;12,102041;12,102041
model_10002859;15,687275;2,377551;2,377551
model_10002860;36,450193;15,642857;15,642857
model_10002861;27,873028;11,744898;11,744898
model_10002862;20,479752;6,591837;6,591837
model_10002863;31,076585;14,897959;14,897959
model_10002864;16,152387;4,591837;4,591837
model_10002865;27,873028;11,744898;11,744898
model_10002866;22,136163;11,428571;11,428571
model_10002867;27,873028;11,744898;11,744898
model_10002868;45,096383;12,571429;12,571429
model_10002869;39,358800;23,326531;23,326531
model_10002870;27,873028;11,744898;11,744898
model_10002871;45,096383;12,571429;12,571429
model_10002872;15,318553;22,459184;22,459184
model_10002873;37,393056;22,020408;22,020408
model_10002874;30,936495;14,663265;14,663265
model_10002875;22,136163;11,428571;11,428571
model_10002876;27,873028;11,744898;11,744898
model_10002877;15,687275;2,377551;2,377551
model_10002878;25,087291;7,112245;7,112245
model_10002879;15,687275;2,377551;2,377551
model_10002880;45,096383;12,571429;12,571429
model_10002881;45,096383;12,571429;12,571429
model_10002882;22,136163;11,428571;11,428571
model_10002883;22,136163;11,428571;11,428571
model_10002884;22,136163;11,428571;11,428571
model_10002885;26,598834;7,755102;7,755102
model_10002886;15,687275;2,377551;2,377551
model_10002887;28,007002;12,102041;12,102041
model_10002888;21,202475;4,540816;4,540816
model_10002889;37,461534;12,826531;12,826531
model_10002890;22,136163;11,428571;11,428571
model_10002891;27,475498;7,530612;7,530612
model_10002892;17,965743;2,500000;2,500000
model_10002893;45,096383;12,571429;12,571429
model_10002894;45,096383;12,571429;12,571429
model_10002895;16,152387;4,591837;4,591837
model_10002896;39,856122;11,224490;11,224490
model_10002897;45,325385;45,948980;45,948980
model_10002898;16,152387;4,591837;4,591837
model_10002899;27,873028;11,744898;11,744898
model_100029;32,870093;30,622449;30,622449
model_10002900;15,687275;2,377551;2,377551
model_10002901;27,873028;11,744898;11,744898
model_10002902;15,687275;2,377551;2,377551
model_10002903;15,687275;2,377551;2,377551
model_10002904;31,005973;10,948980;10,948980
model_10002905;27,873028;11,744898;11,744898
model_10002906;29,886638;23,020408;23,020408
model_10002907;27,873028;11,744898;11,744898
model_10002908;47,324617;20,244898;20,244898
model_10002909;44,861690;14,663265;14,663265
model_10002910;45,096383;12,571429;12,571429
model_10002911;43,192315;11,989796;11,989796
model_10002912;39,358800;23,326531;23,326531
model_10002913;39,358800;23,326531;23,326531
model_10002914;27,873028;11,744898;11,744898
model_10002915;47,936885;16,704082;16,704082
model_10002916;46,165610;16,265306;16,265306
model_10002917;31,076585;14,897959;14,897959
model_10002918;34,875232;10,122449;10,122449
model_10002919;26,716179;21,193878;21,193878
model_10002920;40,679039;10,193878;10,193878
model_10002921;28,046275;11,326531;11,326531
model_10002922;22,548939;6,734694;6,734694
model_10002923;16,152387;4,591837;4,591837
model_10002924;20,624083;9,091837;9,091837
model_10002925;20,888760;9,000000;9,000000
model_10002926;40,679039;10,193878;10,193878
model_10002927;40,679039;10,193878;10,193878
model_10002928;20,888760;9,000000;9,000000
model_10002929;40,679039;10,193878;10,193878
model_10002930;45,096383;12,571429;12,571429
model_10002931;27,873028;11,744898;11,744898
model_10002932;39,856122;11,224490;11,224490
model_10002933;45,096383;12,571429;12,571429
model_10002934;25,087291;7,112245;7,112245
model_10002935;25,409541;12,112245;12,112245
model_10002936;34,265210;27,244898;27,244898
model_10002937;18,578480;3,214286;3,214286
model_10002938;15,687275;2,377551;2,377551
model_10002939;34,875232;10,122449;10,122449
model_10002940;39,856122;11,224490;11,224490
model_10002941;22,136163;11,428571;11,428571
model_10002942;37,461534;12,826531;12,826531
model_10002943;27,873028;11,744898;11,744898
model_10002944;28,189141;44,948980;44,948980
model_10002945;27,873028;11,744898;11,744898
model_10002946;45,096383;12,571429;12,571429
model_10002947;15,687275;2,377551;2,377551
model_10002948;32,598454;19,663265;19,663265
model_10002949;19,230097;19,153061;19,153061
model_10002950;28,361118;19,051020;19,051020
model_10002951;45,096383;12,571429;12,571429
model_10002952;27,873028;11,744898;11,744898
model_10002953;25,795090;10,081633;10,081633
model_10002954;37,461534;12,826531;12,826531
model_10002955;43,148016;9,122449;9,122449
model_10002956;22,398656;17,826531;17,826531
model_10002957;64,880017;60,071429;60,071429
model_10002958;24,415841;14,551020;14,551020
model_10002959;37,424591;13,806122;13,806122
model_10002960;39,856122;11,224490;11,224490
model_10002961;24,607536;9,887755;9,887755
model_10002962;22,136163;11,428571;11,428571
model_10002963;21,909319;6,734694;6,734694
model_10002964;38,564784;12,704082;12,704082
model_10002965;45,096383;12,571429;12,571429
model_10002966;34,875232;10,122449;10,122449
model_10002967;47,028166;59,030612;59,030612
model_10002968;22,136163;11,428571;11,428571
model_10002969;23,947899;13,653061;13,653061
model_10002970;20,479752;6,591837;6,591837
model_10002971;45,096383;12,571429;12,571429
model_10002972;32,108707;16,530612;16,530612
model_10002973;15,687275;2,377551;2,377551
model_10002974;28,270460;14,928571;14,928571
model_10002975;16,152387;4,591837;4,591837
model_10002976;19,259953;3,479592;3,479592
model_10002977;15,687275;2,377551;2,377551
model_10002978;15,687275;2,377551;2,377551
model_10002979;27,873028;11,744898;11,744898
model_10002980;39,358800;23,326531;23,326531
model_10002981;29,992496;7,704082;7,704082
model_10002982;37,393056;22,020408;22,020408
model_10002983;22,136163;11,428571;11,428571
model_10002984;32,108707;16,530612;16,530612
model_10002985;16,152387;4,591837;4,591837
model_10002986;22,136163;11,428571;11,428571
model_10002987;22,136163;11,428571;11,428571
model_10002988;16,152387;4,591837;4,591837
model_10002989;40,679039;10,193878;10,193878
model_10002990;45,096383;12,571429;12,571429
model_10002991;16,152387;4,591837;4,591837
model_10002992;34,809549;13,244898;13,244898
model_10002993;22,136163;11,428571;11,428571
model_10002995;34,966809;7,510204;7,510204
model_10002996;43,192315;11,989796;11,989796
model_10002997;27,475498;7,530612;7,530612
model_10002998;32,598454;19,663265;19,663265
model_10002999;34,409334;12,591837;12,591837
model_10003;39,026071;20,795918;20,795918
model_100030;44,154218;29,479592;29,479592
model_10003000;15,687275;2,377551;2,377551
model_10003001;46,076074;21,673469;21,673469
model_10003002;16,152387;4,591837;4,591837
model_10003003;21,130936;9,357143;9,357143
model_10003004;32,492360;14,153061;14,153061
model_10003005;45,096383;12,571429;12,571429
model_10003006;34,409334;12,591837;12,591837
model_10003007;25,148983;15,387755;15,387755
model_10003008;15,687275;2,377551;2,377551
model_10003009;25,087291;7,112245;7,112245
model_10003010;31,076585;14,897959;14,897959
model_10003011;31,076585;14,897959;14,897959
model_10003012;32,489636;9,816327;9,816327
model_10003013;20,547739;10,510204;10,510204
model_10003014;34,875232;10,122449;10,122449
model_10003015;20,242321;9,795918;9,795918
model_10003016;45,096383;12,571429;12,571429
model_10003017;27,349678;13,755102;13,755102
model_10003018;22,136163;11,428571;11,428571
model_10003019;45,096383;12,571429;12,571429
model_10003020;45,096383;12,571429;12,571429
model_10003021;47,936885;16,704082;16,704082
model_10003022;15,687275;2,377551;2,377551
model_10003023;22,136163;11,428571;11,428571
model_10003024;41,413347;29,979592;29,979592
model_10003025;49,056443;21,346939;21,346939
model_10003026;31,703411;12,653061;12,653061
model_10003027;22,136163;11,428571;11,428571
model_10003028;31,076585;14,897959;14,897959
model_10003029;45,096383;12,571429;12,571429
model_10003030;27,873028;11,744898;11,744898
model_10003031;27,873028;11,744898;11,744898
model_10003032;15,687275;2,377551;2,377551
model_10003033;22,136163;11,428571;11,428571
model_10003034;32,598454;19,663265;19,663265
model_10003035;25,087291;7,112245;7,112245
model_10003036;46,561489;14,408163;14,408163
model_10003037;22,136163;11,428571;11,428571
model_10003038;49,056443;21,346939;21,346939
model_10003039;31,076585;14,897959;14,897959
model_10003040;41,665305;15,561224;15,561224
model_10003041;27,873028;11,744898;11,744898
model_10003042;40,679039;10,193878;10,193878
model_10003043;40,679039;10,193878;10,193878
model_10003044;27,873028;11,744898;11,744898
model_10003045;31,703411;12,653061;12,653061
model_10003046;21,202475;4,540816;4,540816
model_10003047;28,361118;19,051020;19,051020
model_10003048;15,687275;2,377551;2,377551
model_10003049;40,545719;14,775510;14,775510
model_10003050;31,076585;14,897959;14,897959
model_10003051;29,886638;23,020408;23,020408
model_10003052;34,875232;10,122449;10,122449
model_10003053;22,910456;6,275510;6,275510
model_10003054;15,687275;2,377551;2,377551
model_10003055;24,170904;13,316327;13,316327
model_10003056;27,873028;11,744898;11,744898
model_10003057;27,873028;11,744898;11,744898
model_10003058;29,146872;7,642857;7,642857
model_10003059;16,711610;13,377551;13,377551
model_10003060;25,087291;7,112245;7,112245
model_10003061;27,873028;11,744898;11,744898
model_10003062;40,679039;10,193878;10,193878
model_10003063;16,986071;5,663265;5,663265
model_10003064;26,716179;21,193878;21,193878
model_10003065;15,687275;2,377551;2,377551
model_10003066;21,202475;4,540816;4,540816
model_10003067;50,808641;21,091837;21,091837
model_10003068;32,127577;12,173469;12,173469
model_10003069;45,096383;12,571429;12,571429
model_10003070;22,136163;11,428571;11,428571
model_10003071;22,136163;11,428571;11,428571
model_10003072;45,096383;12,571429;12,571429
model_10003073;38,437674;13,183673;13,183673
model_10003074;32,127577;12,173469;12,173469
model_10003075;47,324617;20,244898;20,244898
model_10003076;45,096383;12,571429;12,571429
model_10003077;34,577002;12,948980;12,948980
model_10003078;45,096383;12,571429;12,571429
model_10003079;34,409334;12,591837;12,591837
model_10003080;22,733825;6,969388;6,969388
model_10003081;37,461534;12,826531;12,826531
model_10003082;32,127577;12,173469;12,173469
model_10003083;37,393056;22,020408;22,020408
model_10003084;32,127577;12,173469;12,173469
model_10003085;29,246330;22,020408;22,020408
model_10003086;27,873028;11,744898;11,744898
model_10003087;14,713769;5,122449;5,122449
model_10003088;21,347570;9,714286;9,714286
model_10003089;18,985676;11,428571;11,428571
model_10003090;43,790842;17,928571;17,928571
model_10003091;33,230953;10,244898;10,244898
model_10003092;21,525899;4,897959;4,897959
model_10003093;34,409334;12,591837;12,591837
model_10003094;22,136163;11,428571;11,428571
model_10003095;22,136163;11,428571;11,428571
model_10003096;21,202475;4,540816;4,540816
model_10003097;27,475498;7,530612;7,530612
model_10003098;13,945326;11,051020;11,051020
model_10003099;35,171745;7,142857;7,142857
model_100031;36,705997;29,173469;29,173469
model_10003100;22,136163;11,428571;11,428571
model_10003101;25,826423;44,612245;44,612245
model_10003102;28,361118;19,051020;19,051020
model_10003103;34,875232;10,122449;10,122449
model_10003104;16,152387;4,591837;4,591837
model_10003105;27,873028;11,744898;11,744898
model_10003106;40,679039;10,193878;10,193878
model_10003107;22,136163;11,428571;11,428571
model_10003108;45,096383;12,571429;12,571429
model_100032;34,206958;23,132653;23,132653
model_100033;31,878932;18,734694;18,734694
model_100034;31,878932;18,734694;18,734694
model_100035;44,154218;29,479592;29,479592
model_100036;40,495588;24,071429;24,071429
model_100037;40,495588;24,071429;24,071429
model_100038;40,495588;24,071429;24,071429
model_100039;29,385060;28,214286;28,214286
model_10004;44,486970;21,030612;21,030612
model_100040;28,949533;26,806122;26,806122
model_100041;36,705997;29,173469;29,173469
model_100042;36,705997;29,173469;29,173469
model_100043;36,705997;29,173469;29,173469
model_100044;36,705997;29,173469;29,173469
model_100045;46,592972;38,683673;38,683673
model_100046;46,592972;38,683673;38,683673
model_100047;46,592972;38,683673;38,683673
model_100048;35,519714;26,765306;26,765306
model_100049;46,592972;38,683673;38,683673
model_10005;16,652669;3,591837;3,591837
model_100050;46,592972;38,683673;38,683673
model_100051;46,592972;38,683673;38,683673
model_100052;46,592972;38,683673;38,683673
model_100053;32,228995;25,091837;25,091837
model_100054;30,324119;16,510204;16,510204
model_100055;31,014690;17,918367;17,918367
model_100056;44,232286;29,244898;29,244898
model_100057;34,515103;18,397959;18,397959
model_100058;36,024390;19,000000;19,000000
model_100059;45,371950;15,265306;15,265306
model_10006;33,079681;9,357143;9,357143
model_100060;26,899800;12,244898;12,244898
model_100061;77,974168;103,489796;100,000000
model_100062;48,355003;24,775510;24,775510
model_100063;77,769754;128,806122;100,000000
model_100064;77,900266;129,275510;100,000000
model_100065;77,923268;103,020408;100,000000
model_100066;52,837441;77,081633;77,081633
model_100067;52,837441;77,081633;77,081633
model_100068;52,331325;75,908163;75,908163
model_100069;52,331325;75,908163;75,908163
model_10007;38,646088;8,234694;8,234694
model_100070;52,837441;77,081633;77,081633
model_100071;51,939668;71,724490;71,724490
model_100072;52,526128;77,081633;77,081633
model_100073;52,837441;77,081633;77,081633
model_100074;35,639260;17,765306;17,765306
model_100075;73,616210;132,122449;100,000000
model_100076;30,703962;9,744898;9,744898
model_100077;72,642463;108,551020;100,000000
model_100078;27,416911;8,244898;8,244898
model_100079;27,416911;8,244898;8,244898
model_10008;31,741057;30,030612;30,030612
model_100080;53,195467;43,867347;43,867347
model_100081;36,880443;26,744898;26,744898
model_100082;36,656567;33,255102;33,255102
model_100083;29,238117;10,724490;10,724490
model_100084;22,769144;7,887755;7,887755
model_100085;16,955002;5,704082;5,704082
model_100086;55,705102;90,326531;90,326531
model_100087;55,544036;88,448980;88,448980
model_100088;54,960357;82,020408;82,020408
model_100089;55,705102;90,326531;90,326531
model_10009;38,973967;14,948980;14,948980
model_100090;55,544036;88,448980;88,448980
model_100091;24,429685;14,122449;14,122449
model_100092;16,230299;11,387755;11,387755
model_100093;21,146186;5,816327;5,816327
model_100094;26,819615;8,051020;8,051020
model_100095;65,019494;83,704082;83,704082
model_100096;39,331630;29,877551;29,877551
model_100097;25,033715;51,397959;51,397959
model_100098;34,389239;102,673469;100,000000
model_100099;27,725194;15,520408;15,520408
model_1001;41,877364;20,806122;20,806122
model_10010;81,671454;193,469388;100,000000
model_100100;40,677384;18,275510;18,275510
model_100101;37,132170;10,275510;10,275510
model_100102;34,628084;24,775510;24,775510
model_100103;34,628084;24,775510;24,775510
model_100104;24,049097;9,744898;9,744898
model_100105;24,049097;9,744898;9,744898
model_100106;34,346667;14,030612;14,030612
model_100107;27,878900;13,795918;13,795918
model_100108;27,878900;13,795918;13,795918
model_100109;29,131244;17,357143;17,357143
model_10011;81,671454;193,469388;100,000000
model_100110;27,237640;22,000000;22,000000
model_100111;25,257210;14,367347;14,367347
model_100112;15,448664;4,520408;4,520408
model_100113;41,262873;32,622449;32,622449
model_100114;40,507951;31,510204;31,510204
model_100115;25,572039;6,683673;6,683673
model_100116;17,041558;5,051020;5,051020
model_100117;42,028395;34,265306;34,265306
model_100118;34,081580;17,571429;17,571429
model_100119;41,348547;18,612245;18,612245
model_10012;32,534750;19,663265;19,663265
model_100120;26,251338;9,989796;9,989796
model_100121;21,700414;5,010204;5,010204
model_100122;31,343603;8,346939;8,346939
model_100123;27,260219;8,051020;8,051020
model_100124;27,260219;8,051020;8,051020
model_100125;27,260219;8,051020;8,051020
model_100126;27,260219;8,051020;8,051020
model_100127;29,529256;14,153061;14,153061
model_100128;63,769479;39,887755;39,887755
model_100129;52,392624;25,030612;25,030612
model_10013;30,088369;9,530612;9,530612
model_100130;46,310419;22,387755;22,387755
model_100131;24,624726;8,520408;8,520408
model_100132;24,624726;8,520408;8,520408
model_100133;68,540348;66,867347;66,867347
model_100134;65,653803;57,561224;57,561224
model_100135;53,566071;40,112245;40,112245
model_100136;63,622910;66,102041;66,102041
model_100137;45,550892;45,510204;45,510204
model_100138;21,299468;11,295918;11,295918
model_100139;55,985133;27,714286;27,714286
model_10014;35,767978;6,755102;6,755102
model_100140;31,392560;7,061224;7,061224
model_100141;42,246882;40,408163;40,408163
model_100142;21,841659;13,540816;13,540816
model_100143;50,550124;51,918367;51,918367
model_100144;44,247899;46,897959;46,897959
model_100145;44,128177;70,530612;70,530612
model_100146;47,452120;58,132653;58,132653
model_100147;43,907803;68,653061;68,653061
model_100148;76,764346;147,622449;100,000000
model_100149;78,340262;166,408163;100,000000
model_10015;45,166896;30,326531;30,326531
model_100150;63,895686;84,244898;84,244898
model_100151;63,895686;84,244898;84,244898
model_100152;71,006962;128,193878;100,000000
model_100153;66,338927;91,785714;91,785714
model_100154;71,006962;128,193878;100,000000
model_100155;51,272751;45,500000;45,500000
model_100156;36,289938;8,295918;8,295918
model_100157;34,487576;24,367347;24,367347
model_100158;44,128177;70,530612;70,530612
model_100159;28,505615;11,948980;11,948980
model_10016;36,800352;16,244898;16,244898
model_100160;41,201254;11,887755;11,887755
model_100161;41,201254;11,887755;11,887755
model_100162;32,587013;20,816327;20,816327
model_100163;32,643177;25,071429;25,071429
model_100164;63,981441;94,438776;94,438776
model_100165;43,603256;78,816327;78,816327
model_100166;38,400815;18,040816;18,040816
model_100167;30,746745;12,744898;12,744898
model_100168;45,875160;21,897959;21,897959
model_100169;18,992448;9,724490;9,724490
model_10017;88,134141;208,306122;100,000000
model_100170;23,137307;6,571429;6,571429
model_100171;28,054935;26,285714;26,285714
model_100172;20,211492;10,489796;10,489796
model_100173;29,164052;10,561224;10,561224
model_100174;60,283777;47,193878;47,193878
model_100175;27,689697;7,357143;7,357143
model_100176;33,375967;12,989796;12,989796
model_100177;16,172446;6,040816;6,040816
model_100178;25,240095;7,540816;7,540816
model_100179;24,118378;7,704082;7,704082
model_10018;20,775205;7,163265;7,163265
model_100180;26,043446;10,551020;10,551020
model_100181;25,484684;10,551020;10,551020
model_100182;71,339022;178,877551;100,000000
model_100183;47,692729;92,040816;92,040816
model_100184;64,512643;144,673469;100,000000
model_100185;8,025181;3,704082;3,704082
model_100186;52,890076;118,061224;100,000000
model_100187;64,920420;73,857143;73,857143
model_100188;37,732313;10,163265;10,163265
model_100189;44,686161;72,214286;72,214286
model_10019;28,962197;9,234694;9,234694
model_100190;60,635178;104,357143;100,000000
model_100191;66,356706;69,459184;69,459184
model_100192;66,244951;69,224490;69,224490
model_100193;66,487916;70,224490;70,224490
model_100194;67,318396;72,918367;72,918367
model_100195;67,604472;74,500000;74,500000
model_100196;40,069588;24,704082;24,704082
model_100197;47,683657;37,581633;37,581633
model_100198;39,037398;16,948980;16,948980
model_100199;59,454554;38,622449;38,622449
model_1002;39,623860;10,693878;10,693878
model_10020;36,011147;9,908163;9,908163
model_100200;60,003674;40,204082;40,204082
model_100201;58,428525;123,734694;100,000000
model_100202;58,309800;122,561224;100,000000
model_100203;77,314733;164,826531;100,000000
model_100204;78,211139;185,051020;100,000000
model_100205;47,529105;56,367347;56,367347
model_100206;28,461621;19,918367;19,918367
model_100207;57,602090;86,142857;86,142857
model_100208;15,003806;4,765306;4,765306
model_100209;50,072176;73,153061;73,153061
model_10021;25,336756;5,163265;5,163265
model_100210;30,120329;15,061224;15,061224
model_100211;43,798219;31,806122;31,806122
model_100212;37,061127;20,163265;20,163265
model_100213;41,566277;71,214286;71,214286
model_100214;41,368643;69,428571;69,428571
model_100215;41,566277;71,214286;71,214286
model_100216;41,368643;69,428571;69,428571
model_100217;41,566277;71,214286;71,214286
model_100218;41,566277;71,214286;71,214286
model_100219;41,566277;71,214286;71,214286
model_10022;47,819008;20,112245;20,112245
model_100220;41,566277;71,214286;71,214286
model_100221;40,983259;45,653061;45,653061
model_100222;27,419988;25,377551;25,377551
model_100223;47,808577;45,897959;45,897959
model_100224;51,686215;87,367347;87,367347
model_100225;35,397112;24,602041;24,602041
model_100226;40,784797;48,622449;48,622449
model_100227;57,697872;90,561224;90,561224
model_100228;35,397112;24,602041;24,602041
model_100229;35,397112;24,602041;24,602041
model_10023;25,720899;16,714286;16,714286
model_100230;67,969652;116,540816;100,000000
model_100231;47,402567;58,132653;58,132653
model_100232;53,439397;73,979592;73,979592
model_100233;58,879913;77,795918;77,795918
model_100234;54,298524;37,020408;37,020408
model_100235;68,154990;124,091837;100,000000
model_100236;61,910183;95,500000;95,500000
model_100237;57,667701;113,071429;100,000000
model_100238;55,098322;75,265306;75,265306
model_100239;61,849360;153,112245;100,000000
model_10024;47,078604;36,551020;36,551020
model_100240;62,434371;166,285714;100,000000
model_100241;52,020297;67,673469;67,673469
model_100242;34,253770;8,214286;8,214286
model_100243;34,122054;8,214286;8,214286
model_100244;23,968010;14,357143;14,357143
model_100245;22,911425;13,000000;13,000000
model_100246;35,312941;21,744898;21,744898
model_100247;35,397112;24,602041;24,602041
model_100248;27,163008;13,336735;13,336735
model_100249;43,035438;21,510204;21,510204
model_10025;22,679069;9,908163;9,908163
model_100250;25,389363;7,122449;7,122449
model_100251;40,651615;18,193878;18,193878
model_100252;41,409607;19,367347;19,367347
model_100253;52,537486;89,806122;89,806122
model_100254;54,621975;92,857143;92,857143
model_100255;19,618446;5,540816;5,540816
model_100256;42,138432;33,622449;33,622449
model_100257;42,138432;33,622449;33,622449
model_100258;24,260793;8,653061;8,653061
model_100259;41,477659;46,020408;46,020408
model_10026;13,876386;1,357143;1,357143
model_100260;92,387603;293,306122;100,000000
model_100261;92,387603;293,306122;100,000000
model_100262;41,045954;69,989796;69,989796
model_100263;26,416878;9,500000;9,500000
model_100264;26,416878;9,500000;9,500000
model_100265;26,416878;9,500000;9,500000
model_100266;26,416878;9,500000;9,500000
model_100267;28,375005;12,459184;12,459184
model_100268;26,118882;12,020408;12,020408
model_100269;21,249935;13,418367;13,418367
model_10027;35,006469;13,806122;13,806122
model_100270;63,612779;53,867347;53,867347
model_100271;33,978578;16,000000;16,000000
model_100272;25,227103;6,683673;6,683673
model_100273;32,645714;8,214286;8,214286
model_100274;27,109868;10,234694;10,234694
model_100275;28,728450;11,765306;11,765306
model_100276;66,045250;61,897959;61,897959
model_100277;66,218274;64,193878;64,193878
model_100278;66,091123;61,897959;61,897959
model_100279;66,045250;61,897959;61,897959
model_10028;36,256220;14,275510;14,275510
model_100280;57,752219;49,918367;49,918367
model_100281;60,332350;52,142857;52,142857
model_100282;64,226713;85,224490;85,224490
model_100283;63,854524;85,918367;85,918367
model_100284;53,048225;53,500000;53,500000
model_100285;16,424041;6,642857;6,642857
model_100286;18,006210;6,887755;6,887755
model_100287;26,047066;7,867347;7,867347
model_100288;26,047066;7,867347;7,867347
model_100289;26,047066;7,867347;7,867347
model_10029;33,243300;15,091837;15,091837
model_100290;22,389760;6,469388;6,469388
model_100291;21,882731;7,693878;7,693878
model_100292;26,189046;8,000000;8,000000
model_100293;21,485506;8,581633;8,581633
model_100294;28,826376;7,632653;7,632653
model_100295;20,841674;5,285714;5,285714
model_100296;25,730780;7,459184;7,459184
model_100297;28,195637;9,479592;9,479592
model_100298;26,535210;7,867347;7,867347
model_100299;23,018867;12,010204;12,010204
model_1003;32,817374;13,806122;13,806122
model_10030;33,132825;14,448980;14,448980
model_100300;26,535210;7,867347;7,867347
model_100301;31,967184;11,642857;11,642857
model_100302;39,027672;23,051020;23,051020
model_100303;23,533433;10,448980;10,448980
model_100304;26,444136;17,051020;17,051020
model_100305;19,280813;6,693878;6,693878
model_100306;19,280813;6,693878;6,693878
model_100307;19,280813;6,693878;6,693878
model_100308;40,653328;19,602041;19,602041
model_100309;49,368390;30,948980;30,948980
model_10031;35,006469;13,806122;13,806122
model_100310;18,726484;8,091837;8,091837
model_100311;18,726484;8,091837;8,091837
model_100312;19,544068;8,091837;8,091837
model_100313;18,726484;8,091837;8,091837
model_100314;18,726484;8,091837;8,091837
model_100315;18,726484;8,091837;8,091837
model_100316;18,726484;8,091837;8,091837
model_100317;18,726484;8,091837;8,091837
model_100318;18,726484;8,091837;8,091837
model_100319;18,726484;8,091837;8,091837
model_10032;7,290057;0,591837;0,591837
model_100320;63,241489;52,336735;52,336735
model_100321;63,241489;52,336735;52,336735
model_100322;31,252286;1,071429;1,071429
model_100323;57,681275;57,663265;57,663265
model_100324;63,352654;79,428571;79,428571
model_100325;39,425685;20,581633;20,581633
model_100326;39,425685;20,581633;20,581633
model_100327;39,425685;20,581633;20,581633
model_100328;39,425685;20,581633;20,581633
model_100329;20,922825;8,989796;8,989796
model_10033;20,930139;7,193878;7,193878
model_100330;60,657973;66,642857;66,642857
model_100331;62,623332;48,704082;48,704082
model_100332;62,623332;48,704082;48,704082
model_100333;23,859849;17,357143;17,357143
model_100334;33,851424;14,306122;14,306122
model_100335;39,347226;20,357143;20,357143
model_100336;42,444389;20,591837;20,591837
model_100337;21,485506;8,581633;8,581633
model_100338;44,825565;48,989796;48,989796
model_100339;43,239884;43,530612;43,530612
model_10034;13,307129;2,479592;2,479592
model_100340;58,827226;56,938776;56,938776
model_100341;59,589830;99,887755;99,887755
model_100342;17,895670;7,632653;7,632653
model_100343;41,366750;26,948980;26,948980
model_100344;41,366750;26,948980;26,948980
model_100345;41,366750;26,948980;26,948980
model_100346;42,602686;20,091837;20,091837
model_100347;40,974304;26,948980;26,948980
model_100348;36,288318;17,806122;17,806122
model_100349;33,447496;11,836735;11,836735
model_10035;13,307129;2,479592;2,479592
model_100350;19,175645;8,091837;8,091837
model_100351;40,797335;19,877551;19,877551
model_100352;31,906425;11,173469;11,173469
model_100353;16,130210;5,051020;5,051020
model_100354;39,836145;12,346939;12,346939
model_100355;42,468102;31,806122;31,806122
model_100356;41,636919;31,040816;31,040816
model_100357;26,084502;11,520408;11,520408
model_100358;41,923663;23,081633;23,081633
model_100359;41,923663;23,081633;23,081633
model_10036;55,873970;239,030612;100,000000
model_100360;18,259212;6,051020;6,051020
model_100361;22,979336;14,581633;14,581633
model_100362;24,052587;10,000000;10,000000
model_100363;24,052587;10,000000;10,000000
model_100364;31,100975;21,336735;21,336735
model_100365;47,530544;33,969388;33,969388
model_100366;16,001445;7,153061;7,153061
model_100367;20,694660;9,224490;9,224490
model_100368;46,451660;16,581633;16,581633
model_100369;41,423606;21,336735;21,336735
model_10037;47,055914;31,336735;31,336735
model_100370;33,778425;30,551020;30,551020
model_100371;33,778425;30,551020;30,551020
model_100372;21,832559;7,112245;7,112245
model_100373;22,592184;11,969388;11,969388
model_100374;38,600754;15,632653;15,632653
model_100375;38,600754;15,632653;15,632653
model_100376;23,220815;11,683673;11,683673
model_100377;28,690760;13,357143;13,357143
model_100378;36,288318;17,806122;17,806122
model_100379;22,077146;6,346939;6,346939
model_10038;16,434784;2,479592;2,479592
model_100380;16,245507;6,704082;6,704082
model_100381;19,007497;6,346939;6,346939
model_100382;18,129001;6,683673;6,683673
model_100383;36,275025;17,397959;17,397959
model_100384;25,009200;11,030612;11,030612
model_100385;48,165901;47,785714;47,785714
model_100386;48,286893;34,040816;34,040816
model_100387;47,641023;33,275510;33,275510
model_100388;47,202517;31,693878;31,693878
model_100389;51,880293;35,387755;35,387755
model_10039;7,290057;0,591837;0,591837
model_100390;47,202517;31,693878;31,693878
model_100391;46,124303;29,693878;29,693878
model_100392;47,202517;31,693878;31,693878
model_100393;47,312614;30,755102;30,755102
model_100394;47,202517;31,693878;31,693878
model_100395;47,202517;31,693878;31,693878
model_100396;47,507261;32,285714;32,285714
model_100397;47,202517;31,693878;31,693878
model_100398;46,124303;29,693878;29,693878
model_100399;47,641023;33,275510;33,275510
model_1004;26,723085;10,102041;10,102041
model_10040;28,689118;11,469388;11,469388
model_100400;45,670355;29,928571;29,928571
model_100401;50,635714;34,928571;34,928571
model_100402;47,507261;32,285714;32,285714
model_100403;48,286893;34,040816;34,040816
model_100404;47,312614;30,755102;30,755102
model_100405;51,764718;35,622449;35,622449
model_100406;50,328543;34,397959;34,397959
model_100407;50,963616;33,571429;33,571429
model_100408;45,670355;29,928571;29,928571
model_100409;13,687332;4,285714;4,285714
model_10041;77,471597;417,326531;100,000000
model_100410;25,217474;10,683673;10,683673
model_100411;25,217474;10,683673;10,683673
model_100412;29,612701;11,408163;11,408163
model_100413;18,451435;7,704082;7,704082
model_100414;41,547429;20,255102;20,255102
model_100415;41,547429;20,255102;20,255102
model_100416;28,567909;11,173469;11,173469
model_100417;41,472161;18,530612;18,530612
model_100418;16,758656;6,806122;6,806122
model_100419;14,510610;5,632653;5,632653
model_10042;72,439408;146,224490;100,000000
model_100420;14,510610;5,632653;5,632653
model_100421;14,510610;5,632653;5,632653
model_100422;24,992673;8,224490;8,224490
model_100423;24,992673;8,224490;8,224490
model_100424;44,351866;35,857143;35,857143
model_100425;27,660508;14,755102;14,755102
model_100426;36,877481;13,530612;13,530612
model_100427;42,352304;21,632653;21,632653
model_100428;29,027668;13,112245;13,112245
model_100429;42,352304;21,632653;21,632653
model_100430;28,215635;11,877551;11,877551
model_100431;42,352304;21,632653;21,632653
model_100432;39,381719;42,714286;42,714286
model_100433;22,892267;12,285714;12,285714
model_100434;26,306845;9,806122;9,806122
model_100435;28,636723;12,285714;12,285714
model_100436;38,838610;41,418367;41,418367
model_100437;41,435514;22,306122;22,306122
model_100438;21,244965;3,765306;3,765306
model_100439;34,054082;27,102041;27,102041
model_100440;29,020513;10,500000;10,500000
model_100441;13,035956;7,816327;7,816327
model_100442;36,663558;18,285714;18,285714
model_100443;39,691154;19,051020;19,051020
model_100444;22,922074;7,816327;7,816327
model_100445;31,214955;10,591837;10,591837
model_100446;23,381716;8,408163;8,408163
model_100447;23,381716;8,408163;8,408163
model_100448;23,381716;8,408163;8,408163
model_100449;19,500660;6,816327;6,816327
model_100450;38,687744;19,785714;19,785714
model_100451;43,148376;42,163265;42,163265
model_100452;53,056830;68,540816;68,540816
model_100453;52,838687;72,591837;72,591837
model_100454;43,300507;41,928571;41,928571
model_100455;53,422413;74,948980;74,948980
model_100456;52,811716;71,826531;71,826531
model_100457;53,389205;74,183673;74,183673
model_100458;58,633383;78,714286;78,714286
model_100459;54,989142;77,010204;77,010204
model_100460;53,389205;74,183673;74,183673
model_100461;43,148376;42,163265;42,163265
model_100462;54,989142;77,010204;77,010204
model_100463;55,373384;79,357143;79,357143
model_100464;54,129427;69,010204;69,010204
model_100465;43,300507;41,928571;41,928571
model_100466;45,926618;41,581633;41,581633
model_100467;43,300507;41,928571;41,928571
model_100468;53,056830;68,540816;68,540816
model_100469;55,896728;79,357143;79,357143
model_100470;55,373384;79,357143;79,357143
model_100471;53,856191;68,775510;68,775510
model_100472;57,889747;76,469388;76,469388
model_100473;53,856191;68,775510;68,775510
model_100474;22,924716;13,020408;13,020408
model_100475;42,616360;24,306122;24,306122
model_100476;42,616360;24,306122;24,306122
model_100477;35,879334;17,887755;17,887755
model_100478;36,430529;17,887755;17,887755
model_100479;38,482670;17,653061;17,653061
model_100480;30,136877;17,887755;17,887755
model_100481;36,653109;17,653061;17,653061
model_100482;33,443821;17,887755;17,887755
model_100483;37,378378;18,357143;18,357143
model_100484;65,007614;116,826531;100,000000
model_100485;43,104198;21,826531;21,826531
model_100486;32,650115;14,520408;14,520408
model_100487;35,259871;23,071429;23,071429
model_100488;24,490230;17,020408;17,020408
model_100489;65,105148;73,653061;73,653061
model_100490;18,461459;5,846939;5,846939
model_100491;20,557075;7,765306;7,765306
model_100492;20,557075;7,765306;7,765306
model_100493;20,557075;7,765306;7,765306
model_100494;27,878340;10,132653;10,132653
model_100495;27,878340;10,132653;10,132653
model_100496;27,878340;10,132653;10,132653
model_100497;22,507389;11,510204;11,510204
model_100498;50,888728;20,326531;20,326531
model_100499;51,111340;20,326531;20,326531
model_1005;26,723085;10,102041;10,102041
model_100500;36,758580;23,836735;23,836735
model_100501;63,271136;58,367347;58,367347
model_100502;64,522919;61,000000;61,000000
model_100503;64,869623;95,591837;95,591837
model_100504;25,636419;35,857143;35,857143
model_100505;38,410918;42,459184;42,459184
model_100506;38,338305;17,653061;17,653061
model_100507;32,760744;9,857143;9,857143
model_100508;43,849872;26,000000;26,000000
model_100509;32,760744;9,857143;9,857143
model_100510;44,766164;15,295918;15,295918
model_100511;50,531659;22,734694;22,734694
model_100512;50,531659;22,734694;22,734694
model_100513;40,049583;21,581633;21,581633
model_100514;16,760057;5,357143;5,357143
model_100515;15,549499;5,887755;5,887755
model_100516;51,613235;76,336735;76,336735
model_100517;38,416011;25,387755;25,387755
model_100518;37,822117;11,887755;11,887755
model_100519;37,822117;11,887755;11,887755
model_100520;39,738946;22,714286;22,714286
model_100521;28,724836;17,540816;17,540816
model_100522;60,092518;55,234694;55,234694
model_100523;68,137164;31,887755;31,887755
model_100524;50,436697;48,040816;48,040816
model_100525;52,622537;57,255102;57,255102
model_100526;41,671099;23,602041;23,602041
model_100527;26,509392;20,581633;20,581633
model_100528;21,043717;9,061224;9,061224
model_100529;28,740658;8,959184;8,959184
model_100530;38,060296;22,551020;22,551020
model_100531;34,026918;17,142857;17,142857
model_100532;22,018482;12,142857;12,142857
model_100533;43,986626;21,693878;21,693878
model_100534;43,986626;21,693878;21,693878
model_100535;41,609575;34,306122;34,306122
model_1006;32,817374;13,806122;13,806122
model_1007;19,285647;5,295918;5,295918
model_1008;19,285647;5,295918;5,295918
model_1009;14,872651;5,408163;5,408163
model_101;82,065485;195,744898;100,000000
model_1010;20,599267;6,346939;6,346939
model_1011;23,696741;6,061224;6,061224
model_1012;19,725842;5,469388;5,469388
model_1013;56,735084;189,224490;100,000000
model_1014;58,356386;183,173469;100,000000
model_1015;58,356386;183,173469;100,000000
model_1016;26,150221;8,459184;8,459184
model_1017;23,601389;8,397959;8,397959
model_1018;23,150178;5,469388;5,469388
model_1019;19,285647;5,295918;5,295918
model_102;82,065485;195,744898;100,000000
model_1020;19,285647;5,295918;5,295918
model_1021;14,872651;5,408163;5,408163
model_1022;24,409424;7,693878;7,693878
model_1023;24,409424;7,693878;7,693878
model_1024;24,409424;7,693878;7,693878
model_1025;18,963448;5,530612;5,530612
model_1026;19,285647;5,295918;5,295918
model_1027;19,285647;5,295918;5,295918
model_1028;42,167565;24,040816;24,040816
model_1029;42,743041;26,795918;26,795918
model_103;82,065485;195,744898;100,000000
model_1030;41,423606;21,336735;21,336735
model_1031;19,568104;5,122449;5,122449
model_1032;19,568104;5,122449;5,122449
model_1033;19,890304;4,887755;4,887755
model_1034;35,975267;13,581633;13,581633
model_1035;36,896512;14,397959;14,397959
model_1036;47,530544;33,969388;33,969388
model_1037;33,963217;19,571429;19,571429
model_1038;19,285647;5,295918;5,295918
model_1039;14,247980;3,408163;3,408163
model_104;82,065485;195,744898;100,000000
model_1040;48,566113;38,734694;38,734694
model_1041;24,905552;7,693878;7,693878
model_1042;24,910027;7,693878;7,693878
model_1043;27,492787;10,214286;10,214286
model_1044;18,963448;5,530612;5,530612
model_1045;22,457351;6,112245;6,112245
model_1046;24,751331;9,734694;9,734694
model_1047;19,285647;5,295918;5,295918
model_1048;18,045403;5,520408;5,520408
model_1049;26,780800;12,816327;12,816327
model_105;76,564667;151,357143;100,000000
model_1050;19,013022;7,112245;7,112245
model_1051;23,594748;8,112245;8,112245
model_1052;25,149213;14,316327;14,316327
model_1053;25,149213;14,316327;14,316327
model_1054;24,832488;6,061224;6,061224
model_1055;19,223397;7,795918;7,795918
model_1056;19,985623;5,877551;5,877551
model_1057;31,590071;12,938776;12,938776
model_1058;30,921613;12,173469;12,173469
model_1059;30,921613;12,173469;12,173469
model_106;84,741680;228,704082;100,000000
model_1060;26,704961;11,642857;11,642857
model_1061;39,027672;23,051020;23,051020
model_1062;28,375005;12,459184;12,459184
model_1063;26,047066;7,867347;7,867347
model_1064;25,450619;10,622449;10,622449
model_1065;34,786614;15,295918;15,295918
model_1066;34,786614;15,295918;15,295918
model_1067;31,353952;15,295918;15,295918
model_1068;31,353952;15,295918;15,295918
model_1069;30,515395;13,510204;13,510204
model_107;76,776664;154,367347;100,000000
model_1070;33,948057;13,510204;13,510204
model_1071;24,800272;6,642857;6,642857
model_1072;25,385728;6,408163;6,408163
model_1073;21,882731;7,693878;7,693878
model_1074;20,575825;5,877551;5,877551
model_1075;32,645714;8,214286;8,214286
model_1076;32,645714;8,214286;8,214286
model_1077;21,093217;5,693878;5,693878
model_1078;21,093217;5,693878;5,693878
model_1079;22,219930;5,928571;5,928571
model_108;77,015903;156,897959;100,000000
model_1080;19,838238;6,346939;6,346939
model_1081;25,742294;7,867347;7,867347
model_1082;25,742294;7,867347;7,867347
model_1083;25,742294;7,867347;7,867347
model_1084;25,742294;7,867347;7,867347
model_1085;25,227103;6,683673;6,683673
model_1086;27,436088;8,316327;8,316327
model_1087;27,436088;8,316327;8,316327
model_1088;21,416701;7,816327;7,816327
model_1089;23,560713;7,051020;7,051020
model_109;81,527529;185,387755;100,000000
model_1090;24,074748;4,336735;4,336735
model_1091;24,074748;4,336735;4,336735
model_1092;25,385746;10,173469;10,173469
model_1093;25,589069;7,122449;7,122449
model_1094;22,172101;6,765306;6,765306
model_1095;16,620276;4,806122;4,806122
model_1096;16,620276;4,806122;4,806122
model_1097;16,620276;4,806122;4,806122
model_1098;24,074748;4,336735;4,336735
model_1099;24,074748;4,336735;4,336735
model_11;33,579312;10,785714;10,785714
model_110;53,236869;174,724490;100,000000
model_1100;39,347226;20,357143;20,357143
model_1101;18,280029;5,806122;5,806122
model_1102;22,736882;6,510204;6,510204
model_1103;25,829249;6,877551;6,877551
model_1104;34,919243;15,244898;15,244898
model_1105;25,701766;6,642857;6,642857
model_1106;11,636223;3,234694;3,234694
model_1107;13,882492;3,234694;3,234694
model_1108;24,149082;8,816327;8,816327
model_1109;24,149082;8,816327;8,816327
model_111;63,405331;50,183673;50,183673
model_1110;18,235620;5,336735;5,336735
model_1111;23,381716;8,408163;8,408163
model_1112;23,381716;8,408163;8,408163
model_1113;23,381716;8,408163;8,408163
model_1114;18,624329;8,795918;8,795918
model_1115;17,588600;7,979592;7,979592
model_1116;83,336566;224,887755;100,000000
model_1117;46,487735;35,265306;35,265306
model_1118;46,681228;35,673469;35,673469
model_1119;37,501058;18,520408;18,520408
model_112;49,150217;51,387755;51,387755
model_1120;28,958548;24,448980;24,448980
model_1121;34,864287;15,234694;15,234694
model_1122;39,668447;33,683673;33,683673
model_1123;25,804165;8,275510;8,275510
model_1124;63,500685;76,775510;76,775510
model_1125;61,865822;146,826531;100,000000
model_1126;46,166470;27,918367;27,918367
model_1127;36,639213;19,122449;19,122449
model_1128;46,592972;38,683673;38,683673
model_1129;46,592972;38,683673;38,683673
model_113;85,913799;291,581633;100,000000
model_1130;46,592972;38,683673;38,683673
model_1131;46,592972;38,683673;38,683673
model_1132;46,592972;38,683673;38,683673
model_1133;46,592972;38,683673;38,683673
model_1134;46,592972;38,683673;38,683673
model_1135;34,505469;43,479592;43,479592
model_1136;32,274959;18,295918;18,295918
model_1137;20,509961;5,877551;5,877551
model_1138;18,704204;4,877551;4,877551
model_1139;29,884903;9,061224;9,061224
model_114;73,733128;271,846939;100,000000
model_1140;31,214955;10,591837;10,591837
model_1141;17,465403;4,867347;4,867347
model_1142;17,465403;4,867347;4,867347
model_1143;17,136156;4,581633;4,581633
model_1144;35,825268;20,948980;20,948980
model_1145;26,150221;8,459184;8,459184
model_1146;26,150221;8,459184;8,459184
model_1147;22,698866;14,795918;14,795918
model_1148;49,248296;95,214286;95,214286
model_1149;32,827962;25,408163;25,408163
model_115;73,733128;271,846939;100,000000
model_1150;32,827962;25,408163;25,408163
model_1151;20,143244;6,346939;6,346939
model_1152;15,468305;5,448980;5,448980
model_1153;15,681998;4,459184;4,459184
model_1154;15,427777;4,224490;4,224490
model_1155;11,636223;3,234694;3,234694
model_1156;32,912459;20,173469;20,173469
model_1157;33,089527;25,020408;25,020408
model_1158;54,965389;86,163265;86,163265
model_1159;56,571472;97,806122;97,806122
model_116;46,575643;139,265306;100,000000
model_1160;57,590101;103,673469;100,000000
model_1161;57,590101;103,673469;100,000000
model_1162;62,677948;136,132653;100,000000
model_1163;62,677948;136,132653;100,000000
model_1164;62,810207;138,071429;100,000000
model_1165;62,959285;138,071429;100,000000
model_1166;62,959285;138,071429;100,000000
model_1167;62,959285;138,071429;100,000000
model_1168;62,959285;138,071429;100,000000
model_1169;62,936060;136,897959;100,000000
model_117;72,245737;218,948980;100,000000
model_1170;62,959285;138,071429;100,000000
model_1171;64,703803;145,520408;100,000000
model_1172;62,311840;160,285714;100,000000
model_1173;62,311840;160,285714;100,000000
model_1174;67,319752;168,612245;100,000000
model_1175;54,578120;80,377551;80,377551
model_1176;58,369132;100,897959;100,000000
model_1177;63,138404;146,693878;100,000000
model_1178;62,942903;145,520408;100,000000
model_1179;59,991367;111,397959;100,000000
model_118;43,870060;104,591837;100,000000
model_1180;60,714141;158,469388;100,000000
model_1181;60,714141;158,469388;100,000000
model_1182;60,689732;115,275510;100,000000
model_1183;60,689732;115,275510;100,000000
model_1184;60,722591;159,938776;100,000000
model_1185;53,422363;103,581633;100,000000
model_1186;62,959285;138,071429;100,000000
model_1187;65,370432;90,051020;90,051020
model_1188;43,663003;32,530612;32,530612
model_1189;64,557038;87,193878;87,193878
model_119;70,351936;103,438776;100,000000
model_1190;57,068845;55,642857;55,642857
model_1191;57,361118;56,285714;56,285714
model_1192;57,361118;56,285714;56,285714
model_1193;55,457353;45,265306;45,265306
model_1194;55,457353;45,265306;45,265306
model_1195;57,361118;56,285714;56,285714
model_1196;55,457353;45,265306;45,265306
model_1197;65,708129;66,846939;66,846939
model_1198;65,708129;66,846939;66,846939
model_1199;65,708129;66,846939;66,846939
model_12;26,769241;11,387755;11,387755
model_120;70,351936;103,438776;100,000000
model_1200;39,693355;67,367347;67,367347
model_1201;60,909251;82,959184;82,959184
model_1202;60,909251;82,959184;82,959184
model_1203;38,201694;60,428571;60,428571
model_1204;62,249909;87,428571;87,428571
model_1205;41,818117;26,520408;26,520408
model_1206;41,818117;26,520408;26,520408
model_1207;41,818117;26,520408;26,520408
model_1208;41,818117;26,520408;26,520408
model_1209;41,818117;26,520408;26,520408
model_121;75,071320;162,887755;100,000000
model_1210;41,542250;27,459184;27,459184
model_1211;41,542250;27,459184;27,459184
model_1212;37,972113;28,806122;28,806122
model_1213;58,635925;145,653061;100,000000
model_1214;30,757707;26,448980;26,448980
model_1215;31,131909;26,857143;26,857143
model_1216;56,943107;131,755102;100,000000
model_1217;58,206351;138,520408;100,000000
model_1218;58,206351;138,520408;100,000000
model_1219;57,348241;138,469388;100,000000
model_122;46,245770;23,489796;23,489796
model_1220;57,941100;131,489796;100,000000
model_1221;33,962102;25,642857;25,642857
model_1222;33,097784;23,755102;23,755102
model_1223;73,738959;314,326531;100,000000
model_1224;64,738413;128,224490;100,000000
model_1225;64,738413;128,224490;100,000000
model_1226;65,249522;135,857143;100,000000
model_1227;40,504408;41,357143;41,357143
model_1228;49,388402;45,306122;45,306122
model_1229;46,635651;33,642857;33,642857
model_123;65,105781;205,989796;100,000000
model_1230;48,130255;40,714286;40,714286
model_1231;48,130255;40,714286;40,714286
model_1232;21,405625;6,183673;6,183673
model_1233;59,969440;76,785714;76,785714
model_1234;60,525129;76,081633;76,081633
model_1235;60,525129;76,081633;76,081633
model_1236;60,525129;76,081633;76,081633
model_1237;60,293609;77,020408;77,020408
model_1238;60,293609;77,020408;77,020408
model_1239;52,164893;44,581633;44,581633
model_124;66,687307;230,061224;100,000000
model_1240;53,003030;47,979592;47,979592
model_1241;42,592564;23,897959;23,897959
model_1242;45,536543;45,285714;45,285714
model_1243;57,308305;72,500000;72,500000
model_1244;43,078222;24,071429;24,071429
model_1245;43,078222;24,071429;24,071429
model_1246;43,078222;24,071429;24,071429
model_1247;47,511313;48,000000;48,000000
model_1248;47,511313;48,000000;48,000000
model_1249;47,511313;48,000000;48,000000
model_125;65,755648;218,377551;100,000000
model_1250;68,132431;151,704082;100,000000
model_1251;47,391024;49,367347;49,367347
model_1252;47,391024;49,367347;49,367347
model_1253;66,809894;138,091837;100,000000
model_1254;66,809894;138,091837;100,000000
model_1255;66,809894;138,091837;100,000000
model_1256;38,681642;27,785714;27,785714
model_1257;38,681642;27,785714;27,785714
model_1258;38,681642;27,785714;27,785714
model_1259;47,954426;53,561224;53,561224
model_126;66,841656;226,642857;100,000000
model_1260;10,079235;2,418367;2,418367
model_1261;22,675254;5,887755;5,887755
model_1262;15,256241;2,704082;2,704082
model_1263;15,256241;2,704082;2,704082
model_1264;7,730713;1,826531;1,826531
model_1265;7,730713;1,826531;1,826531
model_1266;20,110753;3,479592;3,479592
model_1267;11,163375;1,826531;1,826531
model_1268;18,413925;6,459184;6,459184
model_1269;42,916483;16,653061;16,653061
model_127;69,651654;284,938776;100,000000
model_1270;15,132606;0,357143;0,357143
model_1271;11,396241;2,816327;2,816327
model_1272;11,396241;2,816327;2,816327
model_1273;16,270187;3,051020;3,051020
model_1274;17,539104;3,459184;3,459184
model_1275;45,928874;22,959184;22,959184
model_1276;45,928874;22,959184;22,959184
model_1277;61,270837;89,061224;89,061224
model_1278;53,853452;55,816327;55,816327
model_1279;59,561294;49,836735;49,836735
model_128;69,253959;279,683673;100,000000
model_1280;57,665397;42,969388;42,969388
model_1281;45,928874;22,959184;22,959184
model_1282;84,561044;155,081633;100,000000
model_1283;84,561044;155,081633;100,000000
model_1284;72,829466;111,867347;100,000000
model_1285;25,631071;7,408163;7,408163
model_1286;25,631071;7,408163;7,408163
model_1287;22,503415;7,408163;7,408163
model_1288;25,631071;7,408163;7,408163
model_1289;26,379168;7,408163;7,408163
model_129;65,563413;212,612245;100,000000
model_1290;26,379168;7,408163;7,408163
model_1291;23,251513;7,408163;7,408163
model_1292;26,049729;7,816327;7,816327
model_1293;26,049729;7,816327;7,816327
model_1294;22,922074;7,816327;7,816327
model_1295;38,210044;18,255102;18,255102
model_1296;50,079008;39,438776;39,438776
model_1297;34,173780;20,530612;20,530612
model_1298;30,648876;9,642857;9,642857
model_1299;30,648876;9,642857;9,642857
model_13;26,416878;9,500000;9,500000
model_130;65,563413;212,612245;100,000000
model_1300;31,468816;10,408163;10,408163
model_1301;22,154758;6,877551;6,877551
model_1302;29,316429;7,918367;7,918367
model_1303;38,654205;12,918367;12,918367
model_1304;42,352304;21,632653;21,632653
model_1305;42,352304;21,632653;21,632653
model_1306;42,352304;21,632653;21,632653
model_1307;21,207296;8,989796;8,989796
model_1308;21,207296;8,989796;8,989796
model_1309;39,381719;42,714286;42,714286
model_131;69,663483;278,102041;100,000000
model_1310;38,084134;36,530612;36,530612
model_1311;32,707446;10,897959;10,897959
model_1312;18,837032;6,408163;6,408163
model_1313;41,547429;20,255102;20,255102
model_1314;41,547429;20,255102;20,255102
model_1315;19,545428;5,704082;5,704082
model_1316;30,252682;6,275510;6,275510
model_1317;19,867841;9,520408;9,520408
model_1318;31,640789;14,581633;14,581633
model_1319;36,970101;51,775510;51,775510
model_132;36,031249;14,602041;14,602041
model_1320;15,573150;4,285714;4,285714
model_1321;24,407782;2,653061;2,653061
model_1322;26,306845;9,806122;9,806122
model_1323;34,054082;27,102041;27,102041
model_1324;27,406469;5,653061;5,653061
model_1325;27,406469;5,653061;5,653061
model_1326;28,332395;10,408163;10,408163
model_1327;28,567909;11,173469;11,173469
model_1328;28,567909;11,173469;11,173469
model_1329;29,020513;10,500000;10,500000
model_133;65,729121;162,275510;100,000000
model_1330;29,020513;10,500000;10,500000
model_1331;19,500660;6,816327;6,816327
model_1332;38,907577;16,438776;16,438776
model_1333;31,425426;8,295918;8,295918
model_1334;41,985004;51,734694;51,734694
model_1335;25,583865;5,591837;5,591837
model_1336;29,184002;25,459184;25,459184
model_1337;34,620338;43,744898;43,744898
model_1338;57,520672;66,959184;66,959184
model_1339;70,307574;165,071429;100,000000
model_134;65,729121;162,275510;100,000000
model_1340;65,918976;88,438776;88,438776
model_1341;63,410226;87,265306;87,265306
model_1342;42,802745;28,173469;28,173469
model_1343;46,838866;47,989796;47,989796
model_1344;45,396970;76,877551;76,877551
model_1345;37,254766;19,530612;19,530612
model_1346;36,565737;39,408163;39,408163
model_1347;26,480120;11,989796;11,989796
model_1348;44,279133;20,387755;20,387755
model_1349;25,698486;11,581633;11,581633
model_135;85,420841;327,591837;100,000000
model_1350;27,561671;6,357143;6,357143
model_1351;30,199277;9,173469;9,173469
model_1352;30,199277;9,173469;9,173469
model_1353;34,973308;12,816327;12,816327
model_1354;41,472161;18,530612;18,530612
model_1355;24,343049;9,408163;9,408163
model_1356;23,203787;8,112245;8,112245
model_1357;41,435514;22,306122;22,306122
model_1358;18,064163;5,653061;5,653061
model_1359;15,725101;4,816327;4,816327
model_136;85,420841;327,591837;100,000000
model_1360;24,299001;8,591837;8,591837
model_1361;58,398113;42,816327;42,816327
model_1362;28,636723;12,285714;12,285714
model_1363;25,972466;10,938776;10,938776
model_1364;28,215635;11,877551;11,877551
model_1365;39,156791;24,224490;24,224490
model_1366;24,409424;7,693878;7,693878
model_1367;24,409424;7,693878;7,693878
model_1368;24,409424;7,693878;7,693878
model_1369;24,409424;7,693878;7,693878
model_137;84,807584;295,877551;100,000000
model_1370;24,409424;7,693878;7,693878
model_1371;24,409424;7,693878;7,693878
model_1372;15,427777;4,224490;4,224490
model_1373;15,427777;4,224490;4,224490
model_1374;16,942517;4,581633;4,581633
model_1375;23,088960;14,346939;14,346939
model_1376;24,375206;7,928571;7,928571
model_1377;22,892267;12,285714;12,285714
model_1378;24,707361;8,224490;8,224490
model_1379;22,429562;7,102041;7,102041
model_138;84,807584;295,877551;100,000000
model_1380;21,244965;3,765306;3,765306
model_1381;21,872162;5,642857;5,642857
model_1382;33,212756;12,173469;12,173469
model_1383;34,924924;12,173469;12,173469
model_1384;35,926479;12,173469;12,173469
model_1385;39,670924;9,234694;9,234694
model_1386;29,114424;5,112245;5,112245
model_1387;19,329696;6,112245;6,112245
model_1388;38,044013;12,173469;12,173469
model_1389;16,850063;6,581633;6,581633
model_139;84,807584;295,877551;100,000000
model_1390;19,310454;5,704082;5,704082
model_1391;23,413715;8,510204;8,510204
model_1392;15,213859;2,530612;2,530612
model_1393;50,536768;35,051020;35,051020
model_1394;36,877481;13,530612;13,530612
model_1395;22,034064;5,755102;5,755102
model_1396;21,821472;9,408163;9,408163
model_1397;21,821472;9,408163;9,408163
model_1398;21,627528;6,163265;6,163265
model_1399;21,627528;6,163265;6,163265
model_14;24,132601;9,122449;9,122449
model_140;54,409704;190,071429;100,000000
model_1400;40,104695;17,285714;17,285714
model_1401;40,104695;17,285714;17,285714
model_1402;20,308063;4,469388;4,469388
model_1403;20,308063;4,469388;4,469388
model_1404;19,757571;5,520408;5,520408
model_1405;19,757571;5,520408;5,520408
model_1406;29,612701;11,408163;11,408163
model_1407;29,612701;11,408163;11,408163
model_1408;23,489841;7,632653;7,632653
model_1409;23,489841;7,632653;7,632653
model_141;19,544068;8,091837;8,091837
model_1410;21,709772;8,112245;8,112245
model_1411;21,709772;8,112245;8,112245
model_1412;21,516206;9,163265;9,163265
model_1413;15,248823;2,938776;2,938776
model_1414;15,248823;2,938776;2,938776
model_1415;14,707416;3,989796;3,989796
model_1416;14,707416;3,989796;3,989796
model_1417;57,545364;47,714286;47,714286
model_1418;66,998890;74,071429;74,071429
model_1419;18,339617;6,224490;6,224490
model_142;18,726484;8,091837;8,091837
model_1420;18,339617;6,224490;6,224490
model_1421;18,339617;6,224490;6,224490
model_1422;21,051132;9,000000;9,000000
model_1423;21,051132;9,000000;9,000000
model_1424;25,946486;17,091837;17,091837
model_1425;31,736188;9,285714;9,285714
model_1426;35,401900;10,581633;10,581633
model_1427;21,141873;7,520408;7,520408
model_1428;21,141873;7,520408;7,520408
model_1429;16,465631;4,989796;4,989796
model_143;18,726484;8,091837;8,091837
model_1430;17,392868;5,163265;5,163265
model_1431;47,844362;21,591837;21,591837
model_1432;45,713385;17,744898;17,744898
model_1433;8,484891;2,234694;2,234694
model_1434;8,484891;2,234694;2,234694
model_1435;8,484891;2,234694;2,234694
model_1436;20,130571;7,816327;7,816327
model_1437;20,130571;7,816327;7,816327
model_1438;21,422686;8,224490;8,224490
model_1439;20,060455;5,469388;5,469388
model_144;18,726484;8,091837;8,091837
model_1440;29,570218;11,530612;11,530612
model_1441;29,570218;11,530612;11,530612
model_1442;33,611169;9,163265;9,163265
model_1443;26,042793;10,928571;10,928571
model_1444;26,042793;10,928571;10,928571
model_1445;38,642756;22,602041;22,602041
model_1446;25,482637;13,734694;13,734694
model_1447;25,482637;13,734694;13,734694
model_1448;41,507638;30,581633;30,581633
model_1449;23,250711;7,234694;7,234694
model_145;18,726484;8,091837;8,091837
model_1450;45,145994;32,459184;32,459184
model_1451;42,026893;32,928571;32,928571
model_1452;42,026893;32,928571;32,928571
model_1453;16,809688;3,346939;3,346939
model_1454;16,112697;4,755102;4,755102
model_1455;15,362758;4,397959;4,397959
model_1456;15,362758;4,397959;4,397959
model_1457;15,248823;2,938776;2,938776
model_1458;15,248823;2,938776;2,938776
model_1459;15,248823;2,938776;2,938776
model_146;18,726484;8,091837;8,091837
model_1460;18,852366;5,112245;5,112245
model_1461;26,322428;20,255102;20,255102
model_1462;26,322428;20,255102;20,255102
model_1463;13,125482;1,765306;1,765306
model_1464;43,024047;17,306122;17,306122
model_1465;13,800065;2,173469;2,173469
model_1466;21,373796;10,438776;10,438776
model_1467;13,125482;1,765306;1,765306
model_1468;13,125482;1,765306;1,765306
model_1469;13,125482;1,765306;1,765306
model_147;18,726484;8,091837;8,091837
model_1470;14,663368;3,173469;3,173469
model_1471;20,708975;8,397959;8,397959
model_1472;19,823190;1,479592;1,479592
model_1473;42,907816;22,663265;22,663265
model_1474;42,907816;22,663265;22,663265
model_1475;16,076567;7,173469;7,173469
model_1476;15,456791;5,040816;5,040816
model_1477;15,456791;5,040816;5,040816
model_1478;25,034781;6,459184;6,459184
model_1479;24,437358;11,683673;11,683673
model_148;18,726484;8,091837;8,091837
model_1480;24,437358;11,683673;11,683673
model_1481;54,571609;40,438776;40,438776
model_1482;51,490672;30,806122;30,806122
model_1483;51,490672;30,806122;30,806122
model_1484;18,400108;0,714286;0,714286
model_1485;31,534493;10,622449;10,622449
model_1486;37,484562;28,897959;28,897959
model_1487;21,485506;8,581633;8,581633
model_1488;19,280813;6,693878;6,693878
model_1489;21,485506;8,581633;8,581633
model_149;18,726484;8,091837;8,091837
model_1490;22,521520;9,581633;9,581633
model_1491;22,720603;10,163265;10,163265
model_1492;29,447097;8,173469;8,173469
model_1493;25,572956;7,397959;7,397959
model_1494;24,577320;9,816327;9,816327
model_1495;22,413303;5,295918;5,295918
model_1496;18,658442;5,530612;5,530612
model_1497;18,658442;5,530612;5,530612
model_1498;20,373438;5,765306;5,765306
model_1499;22,557695;6,000000;6,000000
model_15;23,876916;7,765306;7,765306
model_150;18,726484;8,091837;8,091837
model_1500;25,012663;7,765306;7,765306
model_1501;26,023762;8,112245;8,112245
model_1502;23,662031;8,530612;8,530612
model_1503;23,876916;7,765306;7,765306
model_1504;23,326650;4,336735;4,336735
model_1505;24,947767;6,102041;6,102041
model_1506;24,947767;6,102041;6,102041
model_1507;21,198914;1,071429;1,071429
model_1508;21,198914;1,071429;1,071429
model_1509;21,198914;1,071429;1,071429
model_151;18,726484;8,091837;8,091837
model_1510;26,823510;3,367347;3,367347
model_1511;27,444291;3,367347;3,367347
model_1512;14,882850;5,918367;5,918367
model_1513;19,711891;9,551020;9,551020
model_1514;19,711891;9,551020;9,551020
model_1515;22,754033;6,112245;6,112245
model_1516;21,203923;5,938776;5,938776
model_1517;14,585270;4,806122;4,806122
model_1518;14,990636;4,806122;4,806122
model_1519;14,585270;4,806122;4,806122
model_152;18,726484;8,091837;8,091837
model_1520;17,406893;5,571429;5,571429
model_1521;14,169883;5,040816;5,040816
model_1522;23,150178;5,469388;5,469388
model_1523;31,953823;21,469388;21,469388
model_1524;41,412508;23,632653;23,632653
model_1525;41,412508;23,632653;23,632653
model_1526;16,562390;4,867347;4,867347
model_1527;22,415927;13,571429;13,571429
model_1528;19,165429;5,112245;5,112245
model_1529;19,165429;5,112245;5,112245
model_153;18,726484;8,091837;8,091837
model_1530;14,307751;4,632653;4,632653
model_1531;34,206958;23,132653;23,132653
model_1532;36,705997;29,173469;29,173469
model_1533;36,705997;29,173469;29,173469
model_1534;36,705997;29,173469;29,173469
model_1535;36,705997;29,173469;29,173469
model_1536;36,705997;29,173469;29,173469
model_1537;31,878932;18,734694;18,734694
model_1538;31,878932;18,734694;18,734694
model_1539;35,519714;26,765306;26,765306
model_154;27,733720;7,581633;7,581633
model_1540;34,628084;24,775510;24,775510
model_1541;34,628084;24,775510;24,775510
model_1542;31,014690;17,918367;17,918367
model_1543;27,878900;13,795918;13,795918
model_1544;27,878900;13,795918;13,795918
model_1545;34,346667;14,030612;14,030612
model_1546;34,346667;14,030612;14,030612
model_1547;30,324119;16,510204;16,510204
model_1548;24,049097;9,744898;9,744898
model_1549;24,049097;9,744898;9,744898
model_155;22,766130;6,510204;6,510204
model_1550;24,049097;9,744898;9,744898
model_1551;34,948385;21,948980;21,948980
model_1552;55,933291;39,795918;39,795918
model_1553;65,022904;68,683673;68,683673
model_1554;55,075361;37,857143;37,857143
model_1555;55,075361;37,857143;37,857143
model_1556;50,575598;49,520408;49,520408
model_1557;27,725194;15,520408;15,520408
model_1558;36,994579;10,255102;10,255102
model_1559;14,153246;2,591837;2,591837
model_156;20,841674;5,285714;5,285714
model_1560;13,831047;2,826531;2,826531
model_1561;20,037940;1,071429;1,071429
model_1562;47,987117;34,244898;34,244898
model_1563;29,401063;3,316327;3,316327
model_1564;14,052883;2,602041;2,602041
model_1565;20,790942;4,061224;4,061224
model_1566;20,790942;4,061224;4,061224
model_1567;20,790942;4,061224;4,061224
model_1568;15,248823;2,938776;2,938776
model_1569;15,248823;2,938776;2,938776
model_157;26,883484;10,520408;10,520408
model_1570;24,903788;5,520408;5,520408
model_1571;11,230706;3,173469;3,173469
model_1572;15,799115;3,173469;3,173469
model_1573;13,395142;3,989796;3,989796
model_1574;26,909521;13,500000;13,500000
model_1575;18,980641;5,295918;5,295918
model_1576;18,536734;5,765306;5,765306
model_1577;18,717833;5,765306;5,765306
model_1578;33,579312;10,785714;10,785714
model_1579;24,018637;6,295918;6,295918
model_158;22,031895;9,744898;9,744898
model_1580;26,259124;10,938776;10,938776
model_1581;22,389760;6,469388;6,469388
model_1582;27,292975;6,765306;6,765306
model_1583;24,132601;9,122449;9,122449
model_1584;14,178735;3,642857;3,642857
model_1585;25,701766;6,642857;6,642857
model_1586;24,796242;6,642857;6,642857
model_1587;25,701766;6,642857;6,642857
model_1588;25,742294;7,867347;7,867347
model_1589;23,810402;9,357143;9,357143
model_159;21,951756;9,510204;9,510204
model_1590;23,651968;5,938776;5,938776
model_1591;32,210695;5,357143;5,357143
model_1592;13,069073;3,408163;3,408163
model_1593;13,069073;3,408163;3,408163
model_1594;13,069073;3,408163;3,408163
model_1595;13,527883;3,765306;3,765306
model_1596;14,035930;4,173469;4,173469
model_1597;14,035930;4,173469;4,173469
model_1598;24,132601;9,122449;9,122449
model_1599;15,383728;3,408163;3,408163
model_16;18,726484;8,091837;8,091837
model_160;13,069073;3,408163;3,408163
model_1600;15,383728;3,408163;3,408163
model_1601;27,937756;7,357143;7,357143
model_1602;15,799115;3,173469;3,173469
model_1603;15,799115;3,173469;3,173469
model_1604;24,350787;9,704082;9,704082
model_1605;23,533433;10,448980;10,448980
model_1606;23,688217;7,693878;7,693878
model_1607;62,623332;48,704082;48,704082
model_1608;62,623332;48,704082;48,704082
model_1609;62,623332;48,704082;48,704082
model_161;20,055447;7,765306;7,765306
model_1610;24,947767;6,102041;6,102041
model_1611;20,922825;8,989796;8,989796
model_1612;66,045250;61,897959;61,897959
model_1613;66,045250;61,897959;61,897959
model_1614;66,091123;61,897959;61,897959
model_1615;66,218274;64,193878;64,193878
model_1616;68,090556;102,275510;100,000000
model_1617;63,241489;52,336735;52,336735
model_1618;63,241489;52,336735;52,336735
model_1619;63,612779;53,867347;53,867347
model_162;19,222106;5,693878;5,693878
model_1620;63,241489;52,336735;52,336735
model_1621;27,113655;12,214286;12,214286
model_1622;14,178735;3,642857;3,642857
model_1623;16,054758;3,642857;3,642857
model_1624;16,054758;3,642857;3,642857
model_1625;14,035930;4,173469;4,173469
model_1626;17,808128;5,285714;5,285714
model_1627;18,313938;4,295918;4,295918
model_1628;18,313938;4,295918;4,295918
model_1629;13,069073;3,408163;3,408163
model_163;18,713070;7,520408;7,520408
model_1630;13,069073;3,408163;3,408163
model_1631;49,561311;41,551020;41,551020
model_1632;49,561311;41,551020;41,551020
model_1633;16,175875;4,224490;4,224490
model_1634;28,404048;6,234694;6,234694
model_1635;23,970544;6,938776;6,938776
model_1636;23,970544;6,938776;6,938776
model_1637;29,438574;7,000000;7,000000
model_1638;59,241817;60,612245;60,612245
model_1639;31,953117;5,714286;5,714286
model_164;28,507188;10,724490;10,724490
model_1640;26,005346;6,357143;6,357143
model_1641;21,374762;4,061224;4,061224
model_1642;21,374762;4,061224;4,061224
model_1643;19,868061;3,887755;3,887755
model_1644;16,941258;4,530612;4,530612
model_1645;20,373920;4,530612;4,530612
model_1646;16,355802;5,000000;5,000000
model_1647;20,219307;5,938776;5,938776
model_1648;18,557354;4,938776;4,938776
model_1649;18,557354;4,938776;4,938776
model_165;27,205092;10,734694;10,734694
model_1650;18,557354;4,938776;4,938776
model_1651;24,046832;9,806122;9,806122
model_1652;24,046832;9,806122;9,806122
model_1653;20,219307;5,938776;5,938776
model_1654;20,219307;5,938776;5,938776
model_1655;20,219307;5,938776;5,938776
model_1656;21,483083;6,520408;6,520408
model_1657;27,282128;10,040816;10,040816
model_1658;22,982761;8,806122;8,806122
model_1659;23,386285;9,173469;9,173469
model_166;27,195458;13,377551;13,377551
model_1660;31,332688;11,928571;11,928571
model_1661;26,159473;12,438776;12,438776
model_1662;28,687796;14,224490;14,224490
model_1663;36,726775;16,520408;16,520408
model_1664;41,197763;21,653061;21,653061
model_1665;19,005448;5,704082;5,704082
model_1666;18,235154;5,173469;5,173469
model_1667;21,657012;6,755102;6,755102
model_1668;23,503897;9,163265;9,163265
model_1669;18,200191;4,765306;4,765306
model_167;16,204889;5,040816;5,040816
model_1670;25,217474;10,683673;10,683673
model_1671;25,217474;10,683673;10,683673
model_1672;25,217474;10,683673;10,683673
model_1673;30,619351;17,714286;17,714286
model_1674;32,448912;17,714286;17,714286
model_1675;30,686581;16,765306;16,765306
model_1676;26,823473;13,561224;13,561224
model_1677;30,619351;17,714286;17,714286
model_1678;11,230706;3,173469;3,173469
model_1679;11,230706;3,173469;3,173469
model_168;30,170244;14,234694;14,234694
model_1680;12,839895;4,000000;4,000000
model_1681;18,623478;5,122449;5,122449
model_1682;24,028888;12,551020;12,551020
model_1683;44,841670;12,877551;12,877551
model_1684;44,018989;12,877551;12,877551
model_1685;44,266209;12,877551;12,877551
model_1686;45,413634;31,551020;31,551020
model_1687;21,166752;6,581633;6,581633
model_1688;23,291848;8,989796;8,989796
model_1689;30,622224;16,153061;16,153061
model_169;39,544777;37,591837;37,591837
model_1690;22,816057;9,632653;9,632653
model_1691;17,070405;5,408163;5,408163
model_1692;24,078555;8,000000;8,000000
model_1693;45,320446;31,785714;31,785714
model_1694;15,063524;2,173469;2,173469
model_1695;14,364134;1,765306;1,765306
model_1696;14,364134;1,765306;1,765306
model_1697;11,419975;3,000000;3,000000
model_1698;15,181370;2,714286;2,714286
model_1699;30,622224;16,153061;16,153061
model_17;26,535210;7,867347;7,867347
model_170;17,738463;3,938776;3,938776
model_1700;30,622224;16,153061;16,153061
model_1701;15,799115;3,173469;3,173469
model_1702;13,921638;6,224490;6,224490
model_1703;22,205899;8,112245;8,112245
model_1704;28,206501;8,234694;8,234694
model_1705;7,090542;1,826531;1,826531
model_1706;15,268024;2,765306;2,765306
model_1707;14,530546;4,704082;4,704082
model_1708;14,530546;4,704082;4,704082
model_1709;14,628404;2,765306;2,765306
model_171;27,473223;10,102041;10,102041
model_1710;15,268024;2,765306;2,765306
model_1711;16,632838;3,469388;3,469388
model_1712;14,852637;3,000000;3,000000
model_1713;14,852637;3,000000;3,000000
model_1714;16,114172;5,408163;5,408163
model_1715;16,114172;5,408163;5,408163
model_1716;12,072871;3,408163;3,408163
model_1717;18,483670;6,938776;6,938776
model_1718;18,483670;6,938776;6,938776
model_1719;18,135453;7,642857;7,642857
model_172;22,423882;6,469388;6,469388
model_1720;8,995826;2,357143;2,357143
model_1721;19,271389;3,234694;3,234694
model_1722;15,290467;5,122449;5,122449
model_1723;15,836127;4,642857;4,642857
model_1724;15,083209;5,173469;5,173469
model_1725;12,013101;2,591837;2,591837
model_1726;21,465385;6,469388;6,469388
model_1727;21,465385;6,469388;6,469388
model_1728;34,903005;19,377551;19,377551
model_1729;21,712068;11,489796;11,489796
model_173;60,099663;86,857143;86,857143
model_1730;21,712068;11,489796;11,489796
model_1731;11,578762;1,591837;1,591837
model_1732;17,403656;6,836735;6,836735
model_1733;12,164218;1,357143;1,357143
model_1734;9,453828;2,000000;2,000000
model_1735;28,693290;5,000000;5,000000
model_1736;15,154089;2,122449;2,122449
model_1737;23,708996;11,561224;11,561224
model_1738;16,466216;2,887755;2,887755
model_1739;19,338091;5,816327;5,816327
model_174;15,872178;4,806122;4,806122
model_1740;18,165347;7,102041;7,102041
model_1741;39,378304;21,877551;21,877551
model_1742;43,000357;23,183673;23,183673
model_1743;41,169244;20,714286;20,714286
model_1744;38,043549;16,367347;16,367347
model_1745;20,318244;6,530612;6,530612
model_1746;19,695365;3,714286;3,714286
model_1747;15,799115;3,173469;3,173469
model_1748;14,248106;4,234694;4,234694
model_1749;12,914594;2,591837;2,591837
model_175;17,941652;5,928571;5,928571
model_1750;26,725025;13,510204;13,510204
model_1751;26,725025;13,510204;13,510204
model_1752;11,496740;4,061224;4,061224
model_1753;27,734288;7,244898;7,244898
model_1754;18,713009;5,642857;5,642857
model_1755;9,003478;1,826531;1,826531
model_1756;9,003478;1,826531;1,826531
model_1757;7,817981;1,183673;1,183673
model_1758;15,013870;3,826531;3,826531
model_1759;5,967015;1,295918;1,295918
model_176;63,854524;85,918367;85,918367
model_1760;20,318244;6,530612;6,530612
model_1761;20,318244;6,530612;6,530612
model_1762;20,561303;6,357143;6,357143
model_1763;26,275308;5,653061;5,653061
model_1764;13,915437;2,122449;2,122449
model_1765;13,915437;2,122449;2,122449
model_1766;43,764539;21,173469;21,173469
model_1767;17,708391;3,591837;3,591837
model_1768;9,038441;2,234694;2,234694
model_1769;11,636223;3,234694;3,234694
model_177;19,994898;5,704082;5,704082
model_1770;17,398058;6,214286;6,214286
model_1771;10,388085;2,591837;2,591837
model_1772;10,388085;2,591837;2,591837
model_1773;14,568633;2,357143;2,357143
model_1774;9,994890;2,469388;2,469388
model_1775;9,994890;2,469388;2,469388
model_1776;11,045209;3,183673;3,183673
model_1777;9,453828;2,000000;2,000000
model_1778;9,453828;2,000000;2,000000
model_1779;16,762428;5,051020;5,051020
model_178;19,994898;5,704082;5,704082
model_1780;11,045209;3,183673;3,183673
model_1781;16,455966;4,234694;4,234694
model_1782;18,886399;7,459184;7,459184
model_1783;14,816801;1,357143;1,357143
model_1784;14,816801;1,357143;1,357143
model_1785;7,611235;2,061224;2,061224
model_1786;5,967015;1,295918;1,295918
model_1787;3,271940;0,826531;0,826531
model_1788;13,831047;2,826531;2,826531
model_1789;7,730713;1,826531;1,826531
model_179;26,416878;9,500000;9,500000
model_1790;7,730713;1,826531;1,826531
model_1791;6,817138;1,887755;1,887755
model_1792;7,290057;0,591837;0,591837
model_1793;7,290057;0,591837;0,591837
model_1794;10,577919;2,295918;2,295918
model_1795;53,470674;50,234694;50,234694
model_1796;43,688521;18,663265;18,663265
model_1797;49,452801;45,734694;45,734694
model_1798;39,669689;74,295918;74,295918
model_1799;39,669689;74,295918;74,295918
model_18;24,635959;9,510204;9,510204
model_180;26,416878;9,500000;9,500000
model_1800;51,817717;46,561224;46,561224
model_1801;50,906717;50,571429;50,571429
model_1802;50,906717;50,571429;50,571429
model_1803;50,906717;50,571429;50,571429
model_1804;50,906717;50,571429;50,571429
model_1805;52,068663;56,428571;56,428571
model_1806;52,068663;56,428571;56,428571
model_1807;12,303638;3,183673;3,183673
model_1808;15,816346;4,234694;4,234694
model_1809;11,961238;2,295918;2,295918
model_181;26,416878;9,500000;9,500000
model_1810;34,515103;18,397959;18,397959
model_1811;16,401130;1,306122;1,306122
model_1812;36,098996;27,887755;27,887755
model_1813;36,098996;27,887755;27,887755
model_1814;34,407845;10,295918;10,295918
model_1815;31,193291;7,714286;7,714286
model_1816;32,222173;9,500000;9,500000
model_1817;31,253061;8,122449;8,122449
model_1818;69,493859;89,081633;89,081633
model_1819;51,517850;36,357143;36,357143
model_182;26,416878;9,500000;9,500000
model_1820;51,517850;36,357143;36,357143
model_1821;29,539359;12,704082;12,704082
model_1822;29,539359;12,704082;12,704082
model_1823;29,539359;12,704082;12,704082
model_1824;33,897361;26,693878;26,693878
model_1825;30,120329;15,061224;15,061224
model_1826;30,120329;15,061224;15,061224
model_1827;17,774306;6,459184;6,459184
model_1828;33,897361;26,693878;26,693878
model_1829;28,335645;8,224490;8,224490
model_183;26,416878;9,500000;9,500000
model_1830;43,328909;38,326531;38,326531
model_1831;43,328909;38,326531;38,326531
model_1832;43,328909;38,326531;38,326531
model_1833;5,967015;1,295918;1,295918
model_1834;5,967015;1,295918;1,295918
model_1835;29,333487;28,714286;28,714286
model_1836;15,272453;0,714286;0,714286
model_1837;58,867802;32,224490;32,224490
model_1838;74,468925;164,602041;100,000000
model_1839;8,995826;2,357143;2,357143
model_184;26,416878;9,500000;9,500000
model_1840;7,611235;2,061224;2,061224
model_1841;9,272803;3,061224;3,061224
model_1842;31,193291;7,714286;7,714286
model_1843;31,797825;23,867347;23,867347
model_1844;79,478813;125,448980;100,000000
model_1845;16,873337;1,122449;1,122449
model_1846;15,808177;8,224490;8,224490
model_1847;85,718707;314,122449;100,000000
model_1848;22,797741;6,520408;6,520408
model_1849;51,341482;23,948980;23,948980
model_185;26,416878;9,500000;9,500000
model_1850;11,690901;2,826531;2,826531
model_1851;9,943088;3,367347;3,367347
model_1852;16,394281;5,765306;5,765306
model_1853;27,694696;13,306122;13,306122
model_1854;26,374544;7,938776;7,938776
model_1855;28,153283;14,071429;14,071429
model_1856;24,563554;6,887755;6,887755
model_1857;26,758478;27,469388;27,469388
model_1858;19,736823;3,938776;3,938776
model_1859;37,401765;12,826531;12,826531
model_186;26,416878;9,500000;9,500000
model_1860;37,401765;12,826531;12,826531
model_1861;57,797429;28,581633;28,581633
model_1862;22,797741;6,520408;6,520408
model_1863;19,151924;5,581633;5,581633
model_1864;32,337734;24,857143;24,857143
model_1865;32,337734;24,857143;24,857143
model_1866;52,685907;26,193878;26,193878
model_1867;20,278401;8,826531;8,826531
model_1868;15,993834;3,530612;3,530612
model_1869;42,436347;34,275510;34,275510
model_187;30,513376;12,765306;12,765306
model_1870;48,299509;38,469388;38,469388
model_1871;31,335916;10,826531;10,826531
model_1872;31,335916;10,826531;10,826531
model_1873;85,837776;313,612245;100,000000
model_1874;33,581616;17,244898;17,244898
model_1875;37,805836;26,663265;26,663265
model_1876;30,648207;14,000000;14,000000
model_1877;42,373069;28,173469;28,173469
model_1878;29,430783;11,928571;11,928571
model_1879;36,640188;22,897959;22,897959
model_188;64,226713;85,224490;85,224490
model_1880;36,062272;18,071429;18,071429
model_1881;41,335754;17,214286;17,214286
model_1882;45,924286;19,795918;19,795918
model_1883;45,924286;19,795918;19,795918
model_1884;55,309295;23,153061;23,153061
model_1885;36,040880;13,346939;13,346939
model_1886;26,524965;6,408163;6,408163
model_1887;26,524965;6,408163;6,408163
model_1888;29,743006;30,142857;30,142857
model_1889;52,762607;24,663265;24,663265
model_189;47,605992;44,326531;44,326531
model_1890;43,225260;31,377551;31,377551
model_1891;34,691696;14,224490;14,224490
model_1892;44,482468;21,357143;21,357143
model_1893;40,511742;17,816327;17,816327
model_1894;53,823763;46,122449;46,122449
model_1895;33,401014;43,785714;43,785714
model_1896;62,130439;48,448980;48,448980
model_1897;62,130439;48,448980;48,448980
model_1898;35,249009;40,469388;40,469388
model_1899;32,222173;9,500000;9,500000
model_19;20,928251;6,418367;6,418367
model_190;47,605992;44,326531;44,326531
model_1900;43,223415;73,918367;73,918367
model_1901;37,542248;53,704082;53,704082
model_1902;62,211825;123,397959;100,000000
model_1903;43,673871;78,908163;78,908163
model_1904;53,176022;65,765306;65,765306
model_1905;44,915806;86,183673;86,183673
model_1906;44,850733;87,428571;87,428571
model_1907;57,095708;109,275510;100,000000
model_1908;57,795003;62,591837;62,591837
model_1909;66,354801;79,204082;79,204082
model_191;47,605992;44,326531;44,326531
model_1910;35,580294;70,816327;70,816327
model_1911;55,823635;37,989796;37,989796
model_1912;69,352256;93,377551;93,377551
model_1913;61,384845;75,540816;75,540816
model_1914;56,570672;30,693878;30,693878
model_1915;47,200635;26,285714;26,285714
model_1916;65,697301;107,887755;100,000000
model_1917;66,437529;111,877551;100,000000
model_1918;66,580837;113,510204;100,000000
model_1919;69,303062;106,887755;100,000000
model_192;47,605992;44,326531;44,326531
model_1920;30,813263;46,530612;46,530612
model_1921;49,769305;35,775510;35,775510
model_1922;72,649342;105,255102;100,000000
model_1923;34,617574;26,173469;26,173469
model_1924;34,617574;26,173469;26,173469
model_1925;34,617574;26,173469;26,173469
model_1926;38,050236;26,173469;26,173469
model_1927;34,617574;26,173469;26,173469
model_1928;34,707612;26,530612;26,530612
model_1929;40,800166;131,744898;100,000000
model_193;47,605992;44,326531;44,326531
model_1930;40,800166;131,744898;100,000000
model_1931;44,664295;43,622449;43,622449
model_1932;45,430984;32,234694;32,234694
model_1933;80,518984;336,948980;100,000000
model_1934;67,641810;68,530612;68,530612
model_1935;67,641810;68,530612;68,530612
model_1936;40,644939;45,795918;45,795918
model_1937;25,908051;3,418367;3,418367
model_1938;21,938695;7,744898;7,744898
model_1939;21,938695;7,744898;7,744898
model_194;47,605992;44,326531;44,326531
model_1940;42,339577;25,040816;25,040816
model_1941;24,080941;8,755102;8,755102
model_1942;42,928542;32,173469;32,173469
model_1943;80,896408;454,275510;100,000000
model_1944;11,129712;3,836735;3,836735
model_1945;14,257367;3,836735;3,836735
model_1946;11,129712;3,836735;3,836735
model_1947;11,129712;3,836735;3,836735
model_1948;11,129712;3,836735;3,836735
model_1949;14,257367;3,836735;3,836735
model_195;47,605992;44,326531;44,326531
model_1950;74,837245;133,163265;100,000000
model_1951;73,426408;122,224490;100,000000
model_1952;75,943299;140,489796;100,000000
model_1953;32,437676;11,224490;11,224490
model_1954;46,070561;156,846939;100,000000
model_1955;80,652336;269,214286;100,000000
model_1956;50,754924;174,346939;100,000000
model_1957;40,911408;11,030612;11,030612
model_1958;25,631501;17,530612;17,530612
model_1959;74,896282;106,510204;100,000000
model_196;47,605992;44,326531;44,326531
model_1960;37,254512;12,244898;12,244898
model_1961;33,125890;10,224490;10,224490
model_1962;20,000039;6,867347;6,867347
model_1963;28,849161;24,663265;24,663265
model_1964;69,607597;144,489796;100,000000
model_1965;34,109480;8,520408;8,520408
model_1966;13,251753;2,591837;2,591837
model_1967;14,590020;2,530612;2,530612
model_1968;22,130682;12,071429;12,071429
model_1969;25,609803;7,234694;7,234694
model_197;47,605992;44,326531;44,326531
model_1970;25,609803;7,234694;7,234694
model_1971;22,782523;4,948980;4,948980
model_1972;13,048907;2,530612;2,530612
model_1973;13,048907;2,530612;2,530612
model_1974;14,590020;2,530612;2,530612
model_1975;14,590020;2,530612;2,530612
model_1976;14,590020;2,530612;2,530612
model_1977;14,590020;2,530612;2,530612
model_1978;17,760900;4,653061;4,653061
model_1979;20,563794;5,704082;5,704082
model_198;47,605992;44,326531;44,326531
model_1980;29,956151;6,295918;6,295918
model_1981;15,762876;4,938776;4,938776
model_1982;8,498171;1,765306;1,765306
model_1983;13,800065;2,173469;2,173469
model_1984;13,800065;2,173469;2,173469
model_1985;17,158362;4,755102;4,755102
model_1986;18,643798;2,704082;2,704082
model_1987;18,643798;2,704082;2,704082
model_1988;20,949480;8,061224;8,061224
model_1989;20,949480;8,061224;8,061224
model_199;47,605992;44,326531;44,326531
model_1990;20,949480;8,061224;8,061224
model_1991;15,801554;4,295918;4,295918
model_1992;35,524770;11,469388;11,469388
model_1993;34,123434;16,153061;16,153061
model_1994;34,123434;16,153061;16,153061
model_1995;27,674615;8,755102;8,755102
model_1996;23,921991;6,765306;6,765306
model_1997;47,374586;22,142857;22,142857
model_1998;38,618114;28,122449;28,122449
model_1999;31,864425;15,826531;15,826531
model_2;42,444389;20,591837;20,591837
model_20;22,225625;9,510204;9,510204
model_200;48,367112;44,683673;44,683673
model_2000;47,562263;22,377551;22,377551
model_2001;30,996606;13,367347;13,367347
model_2002;31,367202;7,806122;7,806122
model_2003;31,547026;17,418367;17,418367
model_2004;8,146100;1,591837;1,591837
model_2005;11,163375;1,826531;1,826531
model_2006;11,163375;1,826531;1,826531
model_2007;10,355340;2,530612;2,530612
model_2008;40,840380;12,632653;12,632653
model_2009;17,475511;3,714286;3,714286
model_201;57,081186;47,734694;47,734694
model_2010;23,883740;11,663265;11,663265
model_2011;17,103564;3,061224;3,061224
model_2012;17,103564;3,061224;3,061224
model_2013;17,227569;6,306122;6,306122
model_2014;46,758028;37,724490;37,724490
model_2015;13,781214;4,581633;4,581633
model_2016;17,567648;4,816327;4,816327
model_2017;42,566488;20,561224;20,561224
model_2018;33,137333;11,224490;11,224490
model_2019;33,185115;24,683673;24,683673
model_202;47,605992;44,326531;44,326531
model_2020;83,432415;456,663265;100,000000
model_2021;69,807556;357,673469;100,000000
model_2022;69,807556;357,673469;100,000000
model_2023;86,663823;931,357143;100,000000
model_2024;14,893535;0,000000;0,000000
model_2025;22,067761;4,581633;4,581633
model_2026;16,019919;4,632653;4,632653
model_2027;23,500119;6,459184;6,459184
model_2028;35,259871;23,071429;23,071429
model_2029;35,259871;23,071429;23,071429
model_203;47,605992;44,326531;44,326531
model_2030;15,427777;4,224490;4,224490
model_2031;49,913593;64,581633;64,581633
model_2032;32,239399;11,765306;11,765306
model_2033;33,354638;8,102041;8,102041
model_2034;38,808926;11,214286;11,214286
model_2035;19,236076;7,040816;7,040816
model_2036;18,339617;6,224490;6,224490
model_2037;22,924716;13,020408;13,020408
model_2038;14,292029;4,224490;4,224490
model_2039;16,619132;4,459184;4,459184
model_204;47,605992;44,326531;44,326531
model_2040;16,349022;4,632653;4,632653
model_2041;16,004198;4,224490;4,224490
model_2042;43,640078;87,632653;87,632653
model_2043;38,673775;24,061224;24,061224
model_2044;53,666838;86,632653;86,632653
model_2045;57,848184;104,214286;100,000000
model_2046;61,780331;116,428571;100,000000
model_2047;61,780331;116,428571;100,000000
model_2048;59,978379;43,755102;43,755102
model_2049;61,405769;48,397959;48,397959
model_205;47,605992;44,326531;44,326531
model_2050;61,856183;50,561224;50,561224
model_2051;61,856183;50,561224;50,561224
model_2052;61,373010;43,112245;43,112245
model_2053;61,373010;43,112245;43,112245
model_2054;60,157443;45,102041;45,102041
model_2055;53,585183;43,520408;43,520408
model_2056;53,585183;43,520408;43,520408
model_2057;53,585183;43,520408;43,520408
model_2058;53,585183;43,520408;43,520408
model_2059;64,991870;49,989796;49,989796
model_206;47,605992;44,326531;44,326531
model_2060;64,991870;49,989796;49,989796
model_2061;51,124228;37,469388;37,469388
model_2062;41,794652;35,000000;35,000000
model_2063;52,272342;41,469388;41,469388
model_2064;49,586867;35,122449;35,122449
model_2065;50,214729;36,826531;36,826531
model_2066;51,926898;36,826531;36,826531
model_2067;51,737403;47,989796;47,989796
model_2068;20,331657;1,530612;1,530612
model_2069;24,278240;10,214286;10,214286
model_207;54,733731;48,969388;48,969388
model_2070;11,110609;1,408163;1,408163
model_2071;20,331657;1,530612;1,530612
model_2072;12,461797;2,234694;2,234694
model_2073;20,918135;4,826531;4,826531
model_2074;19,242784;4,295918;4,295918
model_2075;23,313358;3,928571;3,928571
model_2076;23,313358;3,928571;3,928571
model_2077;25,830726;4,234694;4,234694
model_2078;25,830726;4,234694;4,234694
model_2079;15,149426;7,765306;7,765306
model_208;54,733731;48,969388;48,969388
model_2080;54,611812;54,632653;54,632653
model_2081;33,693631;19,908163;19,908163
model_2082;41,965365;22,438776;22,438776
model_2083;39,050543;17,989796;17,989796
model_2084;48,099207;29,693878;29,693878
model_2085;44,291364;29,408163;29,408163
model_2086;45,056672;19,989796;19,989796
model_2087;18,879103;2,581633;2,581633
model_2088;14,112293;3,755102;3,755102
model_2089;32,777593;6,744898;6,744898
model_209;47,771646;45,040816;45,040816
model_2090;38,891800;6,744898;6,744898
model_2091;17,303214;6,642857;6,642857
model_2092;17,303214;6,642857;6,642857
model_2093;21,980130;8,122449;8,122449
model_2094;49,164723;60,214286;60,214286
model_2095;42,225374;51,877551;51,877551
model_2096;55,433878;62,428571;62,428571
model_2097;55,562149;63,193878;63,193878
model_2098;56,777644;64,489796;64,489796
model_2099;22,705804;5,765306;5,765306
model_21;18,726484;8,091837;8,091837
model_210;47,771646;45,040816;45,040816
model_2100;23,380387;6,173469;6,173469
model_2101;36,031169;15,653061;15,653061
model_2102;24,278240;10,214286;10,214286
model_2103;21,479975;8,051020;8,051020
model_2104;27,054037;12,612245;12,612245
model_2105;24,391317;6,285714;6,285714
model_2106;24,391317;6,285714;6,285714
model_2107;11,578762;1,591837;1,591837
model_2108;56,905263;39,081633;39,081633
model_2109;16,484147;4,642857;4,642857
model_211;47,771646;45,040816;45,040816
model_2110;20,224229;6,459184;6,459184
model_2111;9,096577;2,704082;2,704082
model_2112;15,795682;2,938776;2,938776
model_2113;17,333819;5,051020;5,051020
model_2114;32,339314;10,224490;10,224490
model_2115;27,484032;22,193878;22,193878
model_2116;54,890817;34,275510;34,275510
model_2117;80,421871;158,336735;100,000000
model_2118;16,301806;4,591837;4,591837
model_2119;12,775197;1,183673;1,183673
model_212;47,771646;45,040816;45,040816
model_2120;7,730713;1,826531;1,826531
model_2121;8,463207;1,357143;1,357143
model_2122;12,164218;1,357143;1,357143
model_2123;24,211082;8,346939;8,346939
model_2124;37,922637;21,744898;21,744898
model_2125;25,785115;5,581633;5,581633
model_2126;16,739503;2,071429;2,071429
model_2127;16,739503;2,071429;2,071429
model_2128;16,739503;2,071429;2,071429
model_2129;37,285080;39,642857;39,642857
model_213;47,771646;45,040816;45,040816
model_2130;36,663563;10,765306;10,765306
model_2131;15,823922;3,581633;3,581633
model_2132;42,616360;24,306122;24,306122
model_2133;42,616360;24,306122;24,306122
model_2134;36,996301;25,724490;25,724490
model_2135;36,996301;25,724490;25,724490
model_2136;59,033626;55,704082;55,704082
model_2137;22,956274;4,693878;4,693878
model_2138;18,832842;6,224490;6,224490
model_2139;40,239578;19,051020;19,051020
model_214;47,771646;45,040816;45,040816
model_2140;23,384701;7,693878;7,693878
model_2141;36,686915;16,346939;16,346939
model_2142;36,549296;16,581633;16,581633
model_2143;33,634250;18,397959;18,397959
model_2144;12,574990;2,408163;2,408163
model_2145;33,288055;31,397959;31,397959
model_2146;33,680302;9,979592;9,979592
model_2147;35,094712;10,214286;10,214286
model_2148;48,301014;37,316327;37,316327
model_2149;48,301014;37,316327;37,316327
model_215;47,771646;45,040816;45,040816
model_2150;30,985051;10,591837;10,591837
model_2151;47,662930;35,551020;35,551020
model_2152;16,737621;4,642857;4,642857
model_2153;14,663368;3,173469;3,173469
model_2154;14,663368;3,173469;3,173469
model_2155;14,560463;3,989796;3,989796
model_2156;33,523276;9,857143;9,857143
model_2157;40,660170;31,479592;31,479592
model_2158;16,421582;4,173469;4,173469
model_2159;27,440779;14,357143;14,357143
model_216;47,771646;45,040816;45,040816
model_2160;35,729794;9,846939;9,846939
model_2161;26,527980;6,765306;6,765306
model_2162;26,527980;6,765306;6,765306
model_2163;36,010685;20,285714;20,285714
model_2164;36,349352;25,857143;25,857143
model_2165;39,623860;10,693878;10,693878
model_2166;61,750643;43,969388;43,969388
model_2167;15,843164;3,989796;3,989796
model_2168;16,205845;3,295918;3,295918
model_2169;20,640703;8,418367;8,418367
model_217;47,771646;45,040816;45,040816
model_2170;30,328238;12,826531;12,826531
model_2171;35,100322;19,693878;19,693878
model_2172;35,100322;19,693878;19,693878
model_2173;36,120171;22,448980;22,448980
model_2174;23,304083;15,938776;15,938776
model_2175;27,704008;4,642857;4,642857
model_2176;11,110609;1,408163;1,408163
model_2177;11,110609;1,408163;1,408163
model_2178;11,110609;1,408163;1,408163
model_2179;11,110609;1,408163;1,408163
model_218;47,771646;45,040816;45,040816
model_2180;11,110609;1,408163;1,408163
model_2181;11,110609;1,408163;1,408163
model_2182;11,110609;1,408163;1,408163
model_2183;11,110609;1,408163;1,408163
model_2184;11,110609;1,408163;1,408163
model_2185;11,110609;1,408163;1,408163
model_2186;11,110609;1,408163;1,408163
model_2187;15,337634;1,642857;1,642857
model_2188;18,414458;3,765306;3,765306
model_2189;18,414458;3,765306;3,765306
model_219;47,426095;43,908163;43,908163
model_2190;19,127968;1,938776;1,938776
model_2191;34,814414;8,632653;8,632653
model_2192;39,157353;24,244898;24,244898
model_2193;47,461809;56,867347;56,867347
model_2194;20,255336;3,295918;3,295918
model_2195;72,085956;105,959184;100,000000
model_2196;32,689660;11,571429;11,571429
model_2197;27,747397;10,408163;10,408163
model_2198;11,110609;1,408163;1,408163
model_2199;21,056028;6,295918;6,295918
model_22;45,907250;20,602041;20,602041
model_220;47,605992;44,326531;44,326531
model_2200;21,056028;6,295918;6,295918
model_2201;12,461797;2,234694;2,234694
model_2202;14,364134;1,765306;1,765306
model_2203;24,422590;3,122449;3,122449
model_2204;24,422590;3,122449;3,122449
model_2205;10,867918;1,816327;1,816327
model_2206;7,290057;0,591837;0,591837
model_2207;22,056602;10,234694;10,234694
model_2208;35,893861;10,265306;10,265306
model_2209;36,087950;10,265306;10,265306
model_221;47,714861;43,153061;43,153061
model_2210;34,189194;11,102041;11,102041
model_2211;33,736430;8,989796;8,989796
model_2212;27,439145;9,744898;9,744898
model_2213;37,387282;15,255102;15,255102
model_2214;39,916668;15,714286;15,714286
model_2215;44,378003;15,775510;15,775510
model_2216;39,927632;14,020408;14,020408
model_2217;41,072640;11,908163;11,908163
model_2218;33,651991;8,806122;8,806122
model_2219;33,651991;8,806122;8,806122
model_222;47,714861;43,153061;43,153061
model_2220;37,820002;9,571429;9,571429
model_2221;29,354451;11,663265;11,663265
model_2222;40,680600;16,000000;16,000000
model_2223;38,233026;9,224490;9,224490
model_2224;31,742503;11,255102;11,255102
model_2225;35,275548;8,285714;8,285714
model_2226;30,208648;8,806122;8,806122
model_2227;37,813873;9,397959;9,397959
model_2228;39,720922;15,326531;15,326531
model_2229;38,357298;9,989796;9,989796
model_223;47,714861;43,153061;43,153061
model_2230;28,534290;7,459184;7,459184
model_2231;35,579344;10,734694;10,734694
model_2232;36,668671;15,775510;15,775510
model_2233;33,571391;10,102041;10,102041
model_2234;37,252774;16,540816;16,540816
model_2235;30,350402;9,622449;9,622449
model_2236;33,797390;8,693878;8,693878
model_2237;28,418665;10,387755;10,387755
model_2238;35,248662;10,806122;10,806122
model_2239;46,313338;25,459184;25,459184
model_224;47,714861;43,153061;43,153061
model_2240;26,477582;11,091837;11,091837
model_2241;53,580435;21,551020;21,551020
model_2242;57,701059;29,969388;29,969388
model_2243;56,161066;26,234694;26,234694
model_2244;37,732015;17,377551;17,377551
model_2245;22,337612;6,571429;6,571429
model_2246;52,917610;21,938776;21,938776
model_2247;57,709747;24,530612;24,530612
model_2248;33,861197;8,214286;8,214286
model_2249;24,967877;6,397959;6,397959
model_225;47,714861;43,153061;43,153061
model_2250;36,420524;13,204082;13,204082
model_2251;36,420524;13,204082;13,204082
model_2252;39,453503;16,846939;16,846939
model_2253;38,869839;18,500000;18,500000
model_2254;27,930577;13,836735;13,836735
model_2255;27,058462;13,193878;13,193878
model_2256;27,058462;13,193878;13,193878
model_2257;18,933979;5,357143;5,357143
model_2258;24,207279;5,877551;5,877551
model_2259;24,207279;5,877551;5,877551
model_226;47,714861;43,153061;43,153061
model_2260;35,664552;12,071429;12,071429
model_2261;26,589589;13,316327;13,316327
model_2262;25,356959;11,908163;11,908163
model_2263;25,356959;11,908163;11,908163
model_2264;19,528615;4,112245;4,112245
model_2265;14,798272;3,877551;3,877551
model_2266;15,085395;3,877551;3,877551
model_2267;26,521282;8,214286;8,214286
model_2268;31,279999;16,775510;16,775510
model_2269;7,730713;1,826531;1,826531
model_227;47,714861;43,153061;43,153061
model_2270;15,383728;3,408163;3,408163
model_2271;15,383728;3,408163;3,408163
model_2272;14,682094;4,285714;4,285714
model_2273;21,762110;6,479592;6,479592
model_2274;16,595511;4,408163;4,408163
model_2275;13,180633;4,693878;4,693878
model_2276;17,025684;4,816327;4,816327
model_2277;13,180633;4,693878;4,693878
model_2278;17,689098;3,061224;3,061224
model_2279;11,578762;1,591837;1,591837
model_228;47,714861;43,153061;43,153061
model_2280;24,967541;9,102041;9,102041
model_2281;29,878277;8,867347;8,867347
model_2282;26,704189;7,642857;7,642857
model_2283;26,704189;7,642857;7,642857
model_2284;44,343576;22,000000;22,000000
model_2285;44,123784;21,285714;21,285714
model_2286;28,592848;10,397959;10,397959
model_2287;28,592848;10,397959;10,397959
model_2288;27,777996;9,530612;9,530612
model_2289;27,777996;9,530612;9,530612
model_229;47,714861;43,153061;43,153061
model_2290;57,531194;109,775510;100,000000
model_2291;29,223160;20,163265;20,163265
model_2292;50,021882;21,765306;21,765306
model_2293;34,517736;35,234694;35,234694
model_2294;20,242192;11,581633;11,581633
model_2295;18,746277;5,663265;5,663265
model_2296;18,746277;5,663265;5,663265
model_2297;19,252609;5,173469;5,173469
model_2298;16,737861;3,887755;3,887755
model_2299;16,737861;3,887755;3,887755
model_23;26,047066;7,867347;7,867347
model_230;47,714861;43,153061;43,153061
model_2300;16,262704;3,714286;3,714286
model_2301;20,696208;3,244898;3,244898
model_2302;31,276517;9,581633;9,581633
model_2303;16,867993;4,244898;4,244898
model_2304;21,179266;4,010204;4,010204
model_2305;21,179266;4,010204;4,010204
model_2306;18,051611;4,010204;4,010204
model_2307;22,462704;4,775510;4,775510
model_2308;23,375495;4,367347;4,367347
model_2309;16,745761;4,479592;4,479592
model_231;47,714861;43,153061;43,153061
model_2310;18,352624;5,602041;5,602041
model_2311;12,416667;2,714286;2,714286
model_2312;16,434784;2,479592;2,479592
model_2313;16,434784;2,479592;2,479592
model_2314;16,434784;2,479592;2,479592
model_2315;16,434784;2,479592;2,479592
model_2316;16,434784;2,479592;2,479592
model_2317;16,434784;2,479592;2,479592
model_2318;16,434784;2,479592;2,479592
model_2319;16,434784;2,479592;2,479592
model_232;47,714861;43,153061;43,153061
model_2320;16,434784;2,479592;2,479592
model_2321;16,434784;2,479592;2,479592
model_2322;16,434784;2,479592;2,479592
model_2323;16,434784;2,479592;2,479592
model_2324;16,434784;2,479592;2,479592
model_2325;16,434784;2,479592;2,479592
model_2326;16,434784;2,479592;2,479592
model_2327;10,222303;3,173469;3,173469
model_2328;10,415110;2,938776;2,938776
model_2329;12,688019;1,540816;1,540816
model_233;47,714861;43,153061;43,153061
model_2330;57,531893;89,632653;89,632653
model_2331;52,888900;69,020408;69,020408
model_2332;51,549563;50,632653;50,632653
model_2333;8,146100;1,591837;1,591837
model_2334;8,146100;1,591837;1,591837
model_2335;6,289214;1,061224;1,061224
model_2336;11,163375;1,826531;1,826531
model_2337;12,164218;1,357143;1,357143
model_2338;11,020091;3,183673;3,183673
model_2339;16,455966;4,234694;4,234694
model_234;48,125045;44,510204;44,510204
model_2340;36,957144;12,765306;12,765306
model_2341;36,981951;13,173469;13,173469
model_2342;36,981951;13,173469;13,173469
model_2343;16,873486;4,224490;4,224490
model_2344;23,929862;7,346939;7,346939
model_2345;23,929862;7,346939;7,346939
model_2346;25,416240;10,785714;10,785714
model_2347;29,171101;10,551020;10,551020
model_2348;29,171101;10,551020;10,551020
model_2349;30,290799;12,489796;12,489796
model_235;48,125045;44,510204;44,510204
model_2350;23,784333;10,551020;10,551020
model_2351;23,784333;10,551020;10,551020
model_2352;29,171101;10,551020;10,551020
model_2353;26,043446;10,551020;10,551020
model_2354;25,484684;10,551020;10,551020
model_2355;28,713406;11,367347;11,367347
model_2356;18,992448;9,724490;9,724490
model_2357;19,204356;9,724490;9,724490
model_2358;20,211492;10,489796;10,489796
model_2359;25,963719;11,193878;11,193878
model_236;47,808304;43,153061;43,153061
model_2360;25,963719;11,193878;11,193878
model_2361;25,963719;11,193878;11,193878
model_2362;40,507951;31,510204;31,510204
model_2363;42,028395;34,265306;34,265306
model_2364;42,028395;34,265306;34,265306
model_2365;36,043567;6,785714;6,785714
model_2366;43,339398;16,255102;16,255102
model_2367;29,164052;10,561224;10,561224
model_2368;29,164052;10,561224;10,561224
model_2369;29,164052;10,561224;10,561224
model_237;47,808304;43,153061;43,153061
model_2370;28,054935;26,285714;26,285714
model_2371;28,776179;8,326531;8,326531
model_2372;28,776179;8,326531;8,326531
model_2373;51,272751;45,500000;45,500000
model_2374;51,272751;45,500000;45,500000
model_2375;41,630060;26,663265;26,663265
model_2376;42,028101;26,897959;26,897959
model_2377;32,560264;20,928571;20,928571
model_2378;32,560264;20,928571;20,928571
model_2379;32,965630;20,928571;20,928571
model_238;47,808304;43,153061;43,153061
model_2380;34,847573;21,336735;21,336735
model_2381;52,184201;37,295918;37,295918
model_2382;39,939525;25,397959;25,397959
model_2383;39,939525;25,397959;25,397959
model_2384;21,101015;5,867347;5,867347
model_2385;18,143109;4,346939;4,346939
model_2386;24,439215;5,408163;5,408163
model_2387;47,770267;63,204082;63,204082
model_2388;26,888008;8,091837;8,091837
model_2389;32,940523;6,285714;6,285714
model_239;47,808304;43,153061;43,153061
model_2390;29,693345;8,397959;8,397959
model_2391;18,602873;5,989796;5,989796
model_2392;32,335579;11,418367;11,418367
model_2393;24,156018;5,989796;5,989796
model_2394;25,162255;5,755102;5,755102
model_2395;64,920420;73,857143;73,857143
model_2396;25,746727;8,632653;8,632653
model_2397;23,597137;6,765306;6,765306
model_2398;18,602873;5,989796;5,989796
model_2399;19,285925;5,397959;5,397959
model_24;18,726484;8,091837;8,091837
model_240;47,808304;43,153061;43,153061
model_2400;24,514764;6,295918;6,295918
model_2401;47,335656;122,408163;100,000000
model_2402;27,158781;7,275510;7,275510
model_2403;66,244951;69,224490;69,224490
model_2404;66,356706;69,459184;69,459184
model_2405;28,027404;6,989796;6,989796
model_2406;26,251338;9,989796;9,989796
model_2407;31,392560;7,061224;7,061224
model_2408;31,392560;7,061224;7,061224
model_2409;66,487916;70,224490;70,224490
model_241;47,808304;43,153061;43,153061
model_2410;14,931649;4,224490;4,224490
model_2411;67,318396;72,918367;72,918367
model_2412;67,604472;74,500000;74,500000
model_2413;29,219842;9,469388;9,469388
model_2414;41,283751;38,908163;38,908163
model_2415;41,283751;38,908163;38,908163
model_2416;27,260219;8,051020;8,051020
model_2417;27,260219;8,051020;8,051020
model_2418;27,260219;8,051020;8,051020
model_2419;27,260219;8,051020;8,051020
model_242;47,808304;43,153061;43,153061
model_2420;27,260219;8,051020;8,051020
model_2421;51,677274;39,142857;39,142857
model_2422;20,636558;9,887755;9,887755
model_2423;27,947579;8,040816;8,040816
model_2424;28,885930;8,285714;8,285714
model_2425;27,143060;6,867347;6,867347
model_2426;28,622674;8,520408;8,520408
model_2427;45,875160;21,897959;21,897959
model_2428;25,572039;6,683673;6,683673
model_2429;21,611505;8,040816;8,040816
model_243;47,808304;43,153061;43,153061
model_2430;23,595514;4,061224;4,061224
model_2431;23,595514;4,061224;4,061224
model_2432;15,862157;5,040816;5,040816
model_2433;23,766634;6,357143;6,357143
model_2434;23,766634;6,357143;6,357143
model_2435;23,766634;6,357143;6,357143
model_2436;32,158166;13,540816;13,540816
model_2437;23,495173;6,295918;6,295918
model_2438;23,495173;6,295918;6,295918
model_2439;23,227439;4,295918;4,295918
model_244;54,991472;48,153061;48,153061
model_2440;15,448664;4,520408;4,520408
model_2441;23,440264;5,642857;5,642857
model_2442;19,654019;6,346939;6,346939
model_2443;23,399405;5,571429;5,571429
model_2444;19,506358;4,877551;4,877551
model_2445;15,452728;4,632653;4,632653
model_2446;19,520986;9,744898;9,744898
model_2447;15,693904;4,693878;4,693878
model_2448;15,452728;4,632653;4,632653
model_2449;16,977481;5,397959;5,397959
model_245;47,716352;43,153061;43,153061
model_2450;33,857568;8,704082;8,704082
model_2451;18,809572;7,816327;7,816327
model_2452;57,387544;60,204082;60,204082
model_2453;38,678407;55,918367;55,918367
model_2454;27,793198;6,806122;6,806122
model_2455;51,081824;83,969388;83,969388
model_2456;64,620938;109,795918;100,000000
model_2457;50,680840;99,265306;99,265306
model_2458;50,680840;99,265306;99,265306
model_2459;20,832401;12,520408;12,520408
model_246;49,475357;48,765306;48,765306
model_2460;11,898064;1,183673;1,183673
model_2461;30,275829;11,071429;11,071429
model_2462;28,761716;6,051020;6,051020
model_2463;38,282562;27,377551;27,377551
model_2464;38,464970;27,836735;27,836735
model_2465;44,259950;32,887755;32,887755
model_2466;44,259950;32,887755;32,887755
model_2467;44,259950;32,887755;32,887755
model_2468;44,259950;32,887755;32,887755
model_2469;44,259950;32,887755;32,887755
model_247;48,030937;43,969388;43,969388
model_2470;44,259950;32,887755;32,887755
model_2471;14,590020;2,530612;2,530612
model_2472;35,644710;12,653061;12,653061
model_2473;21,056110;3,418367;3,418367
model_2474;36,395016;14,234694;14,234694
model_2475;26,777916;7,775510;7,775510
model_2476;34,203735;14,295918;14,295918
model_2477;36,600424;15,142857;15,142857
model_2478;29,162555;9,163265;9,163265
model_2479;14,588385;2,765306;2,765306
model_248;47,957393;43,153061;43,153061
model_2480;14,590020;2,530612;2,530612
model_2481;15,367187;1,530612;1,530612
model_2482;16,703059;3,836735;3,836735
model_2483;19,264176;2,295918;2,295918
model_2484;19,486745;1,071429;1,071429
model_2485;15,569882;2,377551;2,377551
model_2486;19,610110;3,122449;3,122449
model_2487;20,517911;3,122449;3,122449
model_2488;20,110753;3,479592;3,479592
model_2489;20,517911;3,122449;3,122449
model_249;47,762214;43,153061;43,153061
model_2490;21,810026;3,530612;3,530612
model_2491;21,810026;3,530612;3,530612
model_2492;22,310668;3,887755;3,887755
model_2493;26,473617;10,163265;10,163265
model_2494;25,590807;8,112245;8,112245
model_2495;13,434334;2,000000;2,000000
model_2496;16,326848;3,357143;3,357143
model_2497;21,841832;4,357143;4,357143
model_2498;20,162294;3,765306;3,765306
model_2499;20,801914;3,765306;3,765306
model_25;29,335315;13,112245;13,112245
model_250;47,714861;43,153061;43,153061
model_2500;20,037940;1,071429;1,071429
model_2501;23,600482;2,244898;2,244898
model_2502;17,208480;5,010204;5,010204
model_2503;33,759316;19,020408;19,020408
model_2504;25,550949;4,081633;4,081633
model_2505;22,913546;3,826531;3,826531
model_2506;25,183467;10,908163;10,908163
model_2507;23,420932;8,122449;8,122449
model_2508;30,608965;9,826531;9,826531
model_2509;15,746748;6,948980;6,948980
model_251;49,641720;49,775510;49,775510
model_2510;25,844744;7,632653;7,632653
model_2511;21,205037;7,071429;7,071429
model_2512;14,942384;3,663265;3,663265
model_2513;17,658846;2,551020;2,551020
model_2514;25,187137;13,397959;13,397959
model_2515;38,986591;18,285714;18,285714
model_2516;20,354925;3,469388;3,469388
model_2517;8,463207;1,357143;1,357143
model_2518;51,746755;31,102041;31,102041
model_2519;11,204712;2,765306;2,765306
model_252;47,714861;43,153061;43,153061
model_2520;11,204712;2,765306;2,765306
model_2521;36,643496;13,581633;13,581633
model_2522;37,869793;14,755102;14,755102
model_2523;24,196708;2,653061;2,653061
model_2524;12,922422;3,591837;3,591837
model_2525;27,603670;5,459184;5,459184
model_2526;36,651301;19,295918;19,295918
model_2527;35,353207;19,295918;19,295918
model_2528;22,277672;3,010204;3,010204
model_2529;24,437569;3,010204;3,010204
model_253;47,714861;43,153061;43,153061
model_2530;33,002302;14,357143;14,357143
model_2531;18,777034;6,887755;6,887755
model_2532;18,777034;6,887755;6,887755
model_2533;29,307808;21,479592;21,479592
model_2534;15,599636;5,714286;5,714286
model_2535;29,727611;16,653061;16,653061
model_2536;16,613096;7,285714;7,285714
model_2537;15,986113;6,877551;6,877551
model_2538;28,173974;26,663265;26,663265
model_2539;21,483769;10,295918;10,295918
model_254;47,714861;43,153061;43,153061
model_2540;28,140350;13,979592;13,979592
model_2541;33,852659;9,030612;9,030612
model_2542;44,091945;197,438776;100,000000
model_2543;33,071234;21,469388;21,469388
model_2544;19,272173;8,724490;8,724490
model_2545;19,272173;8,724490;8,724490
model_2546;14,002489;3,530612;3,530612
model_2547;24,964456;3,469388;3,469388
model_2548;17,509983;3,938776;3,938776
model_2549;22,405403;4,704082;4,704082
model_255;47,714861;43,153061;43,153061
model_2550;24,859142;26,091837;26,091837
model_2551;25,550949;4,081633;4,081633
model_2552;42,689879;20,979592;20,979592
model_2553;15,222829;2,530612;2,530612
model_2554;15,168041;4,051020;4,051020
model_2555;10,525153;1,642857;1,642857
model_2556;10,525153;1,642857;1,642857
model_2557;10,525153;1,642857;1,642857
model_2558;10,525153;1,642857;1,642857
model_2559;10,525153;1,642857;1,642857
model_256;47,714861;43,153061;43,153061
model_2560;10,525153;1,642857;1,642857
model_2561;10,525153;1,642857;1,642857
model_2562;10,525153;1,642857;1,642857
model_2563;12,619039;3,224490;3,224490
model_2564;11,110609;1,408163;1,408163
model_2565;12,136296;2,989796;2,989796
model_2566;13,073714;2,938776;2,938776
model_2567;16,861777;4,346939;4,346939
model_2568;22,305979;4,244898;4,244898
model_2569;14,893535;0,000000;0,000000
model_257;45,721756;36,846939;36,846939
model_2570;10,715646;1,826531;1,826531
model_2571;19,162381;3,122449;3,122449
model_2572;44,686161;72,214286;72,214286
model_2573;52,890076;118,061224;100,000000
model_2574;60,065457;133,071429;100,000000
model_2575;60,256218;137,061224;100,000000
model_2576;24,854250;29,530612;29,530612
model_2577;57,969393;330,010204;100,000000
model_2578;81,835996;315,806122;100,000000
model_2579;30,940246;16,724490;16,724490
model_258;45,721756;36,846939;36,846939
model_2580;30,788115;16,959184;16,959184
model_2581;40,227213;32,489796;32,489796
model_2582;61,531837;57,571429;57,571429
model_2583;56,797650;474,551020;100,000000
model_2584;29,429812;10,214286;10,214286
model_2585;29,429812;10,214286;10,214286
model_2586;32,176097;9,163265;9,163265
model_2587;24,288366;5,255102;5,255102
model_2588;25,280248;6,377551;6,377551
model_2589;25,223078;5,867347;5,867347
model_259;45,534118;36,612245;36,612245
model_2590;10,366542;2,428571;2,428571
model_2591;16,675145;1,428571;1,428571
model_2592;21,019625;1,071429;1,071429
model_2593;18,884031;1,836735;1,836735
model_2594;34,263849;21,061224;21,061224
model_2595;15,332224;1,122449;1,122449
model_2596;21,100075;2,959184;2,959184
model_2597;18,400108;0,714286;0,714286
model_2598;20,435927;1,836735;1,836735
model_2599;16,699725;3,193878;3,193878
model_26;26,535210;7,867347;7,867347
model_260;45,534118;36,612245;36,612245
model_2600;17,331835;2,591837;2,591837
model_2601;33,779592;11,785714;11,785714
model_2602;14,312366;2,530612;2,530612
model_2603;15,303228;2,234694;2,234694
model_2604;20,877474;5,867347;5,867347
model_2605;22,703561;7,918367;7,918367
model_2606;32,597164;13,989796;13,989796
model_2607;31,319016;13,040816;13,040816
model_2608;33,388992;15,163265;15,163265
model_2609;33,388992;15,163265;15,163265
model_261;45,534118;36,612245;36,612245
model_2610;33,388992;15,163265;15,163265
model_2611;33,388992;15,163265;15,163265
model_2612;33,388992;15,163265;15,163265
model_2613;36,375555;16,816327;16,816327
model_2614;19,240307;6,469388;6,469388
model_2615;16,103297;6,112245;6,112245
model_2616;16,103297;6,112245;6,112245
model_2617;33,231241;21,479592;21,479592
model_2618;43,269264;14,173469;14,173469
model_2619;33,231241;21,479592;21,479592
model_262;47,808304;43,153061;43,153061
model_2620;76,894438;277,489796;100,000000
model_2621;79,469102;290,908163;100,000000
model_2622;18,519624;6,938776;6,938776
model_2623;18,519624;6,938776;6,938776
model_2624;76,637223;276,316327;100,000000
model_2625;76,676337;276,551020;100,000000
model_2626;76,677790;277,367347;100,000000
model_2627;76,676337;276,551020;100,000000
model_2628;40,750157;15,816327;15,816327
model_2629;52,754196;43,051020;43,051020
model_263;47,317579;41,571429;41,571429
model_2630;21,471922;5,438776;5,438776
model_2631;76,953763;280,204082;100,000000
model_2632;44,089033;22,428571;22,428571
model_2633;78,592392;491,010204;100,000000
model_2634;55,507354;54,051020;54,051020
model_2635;42,365718;31,581633;31,581633
model_2636;42,365718;31,581633;31,581633
model_2637;29,266985;15,826531;15,826531
model_2638;34,325196;25,520408;25,520408
model_2639;32,176097;9,163265;9,163265
model_264;45,461018;36,612245;36,612245
model_2640;33,978804;16,326531;16,326531
model_2641;33,978804;16,326531;16,326531
model_2642;33,978804;16,326531;16,326531
model_2643;33,978804;16,326531;16,326531
model_2644;33,978804;16,326531;16,326531
model_2645;33,978804;16,326531;16,326531
model_2646;33,978804;16,326531;16,326531
model_2647;33,978804;16,326531;16,326531
model_2648;33,978804;16,326531;16,326531
model_2649;33,978804;16,326531;16,326531
model_265;47,500842;41,755102;41,755102
model_2650;33,978804;16,326531;16,326531
model_2651;33,978804;16,326531;16,326531
model_2652;36,884569;24,622449;24,622449
model_2653;36,884569;24,622449;24,622449
model_2654;36,884569;24,622449;24,622449
model_2655;36,884569;24,622449;24,622449
model_2656;36,884569;24,622449;24,622449
model_2657;25,003038;11,204082;11,204082
model_2658;25,003038;11,204082;11,204082
model_2659;25,003038;11,204082;11,204082
model_266;45,461018;36,612245;36,612245
model_2660;25,003038;11,204082;11,204082
model_2661;25,003038;11,204082;11,204082
model_2662;25,003038;11,204082;11,204082
model_2663;25,003038;11,204082;11,204082
model_2664;25,003038;11,204082;11,204082
model_2665;25,003038;11,204082;11,204082
model_2666;25,003038;11,204082;11,204082
model_2667;24,462899;6,816327;6,816327
model_2668;25,116102;6,867347;6,867347
model_2669;26,612786;6,183673;6,183673
model_267;47,714861;43,153061;43,153061
model_2670;28,694658;9,112245;9,112245
model_2671;28,694658;9,112245;9,112245
model_2672;28,893967;8,755102;8,755102
model_2673;29,546322;10,540816;10,540816
model_2674;29,806524;9,979592;9,979592
model_2675;29,806524;9,979592;9,979592
model_2676;32,524600;13,653061;13,653061
model_2677;31,413500;11,867347;11,867347
model_2678;30,721311;14,061224;14,061224
model_2679;25,249508;6,520408;6,520408
model_268;47,714861;43,153061;43,153061
model_2680;25,249508;6,520408;6,520408
model_2681;31,529029;11,510204;11,510204
model_2682;31,529029;11,510204;11,510204
model_2683;22,023106;1,887755;1,887755
model_2684;24,752606;3,061224;3,061224
model_2685;16,386619;3,765306;3,765306
model_2686;25,538876;6,408163;6,408163
model_2687;25,538876;6,408163;6,408163
model_2688;25,538876;6,408163;6,408163
model_2689;10,329212;3,173469;3,173469
model_269;45,721756;36,846939;36,846939
model_2690;23,103151;7,581633;7,581633
model_2691;12,119224;3,642857;3,642857
model_2692;34,751418;13,142857;13,142857
model_2693;31,823054;12,326531;12,326531
model_2694;11,757678;2,714286;2,714286
model_2695;11,757678;2,714286;2,714286
model_2696;11,757678;2,714286;2,714286
model_2697;11,757678;2,714286;2,714286
model_2698;17,971738;4,469388;4,469388
model_2699;15,835566;2,887755;2,887755
model_27;18,726484;8,091837;8,091837
model_270;43,373018;30,622449;30,622449
model_2700;19,264176;2,295918;2,295918
model_2701;24,196708;2,653061;2,653061
model_2702;34,425445;10,602041;10,602041
model_2703;15,830758;3,591837;3,591837
model_2704;17,343585;4,234694;4,234694
model_2705;17,778387;5,000000;5,000000
model_2706;18,592931;5,306122;5,306122
model_2707;18,592931;5,306122;5,306122
model_2708;21,113001;4,418367;4,418367
model_2709;11,782821;3,122449;3,122449
model_271;43,373018;30,622449;30,622449
model_2710;33,879349;12,377551;12,377551
model_2711;14,931649;4,224490;4,224490
model_2712;25,440104;3,826531;3,826531
model_2713;25,440104;3,826531;3,826531
model_2714;16,157143;1,887755;1,887755
model_2715;9,828397;2,591837;2,591837
model_2716;29,727611;16,653061;16,653061
model_2717;33,151405;24,061224;24,061224
model_2718;33,502840;24,826531;24,826531
model_2719;33,502840;24,826531;24,826531
model_272;43,373018;30,622449;30,622449
model_2720;37,187263;30,928571;30,928571
model_2721;16,157143;1,887755;1,887755
model_2722;11,638533;2,000000;2,000000
model_2723;9,453828;2,000000;2,000000
model_2724;13,389752;3,173469;3,173469
model_2725;16,447910;5,275510;5,275510
model_2726;17,975711;2,887755;2,887755
model_2727;16,570110;4,000000;4,000000
model_2728;24,646211;5,520408;5,520408
model_2729;16,410319;5,408163;5,408163
model_273;47,827348;37,989796;37,989796
model_2730;21,894467;7,530612;7,530612
model_2731;17,597320;4,173469;4,173469
model_2732;17,597320;4,173469;4,173469
model_2733;21,365549;7,020408;7,020408
model_2734;15,714111;3,000000;3,000000
model_2735;11,413559;3,408163;3,408163
model_2736;23,583971;2,295918;2,295918
model_2737;23,583971;2,295918;2,295918
model_2738;17,769043;6,591837;6,591837
model_2739;17,769043;6,591837;6,591837
model_274;45,487174;35,326531;35,326531
model_2740;17,769043;6,591837;6,591837
model_2741;12,982335;3,765306;3,765306
model_2742;12,982335;3,765306;3,765306
model_2743;12,982335;3,765306;3,765306
model_2744;24,196708;2,653061;2,653061
model_2745;39,326474;20,397959;20,397959
model_2746;34,987517;19,489796;19,489796
model_2747;20,029462;1,938776;1,938776
model_2748;19,093005;1,530612;1,530612
model_2749;12,223988;1,765306;1,765306
model_275;47,714861;43,153061;43,153061
model_2750;19,093005;1,530612;1,530612
model_2751;15,291873;1,357143;1,357143
model_2752;19,580499;1,887755;1,887755
model_2753;22,722496;2,295918;2,295918
model_2754;10,355322;2,000000;2,000000
model_2755;22,117840;2,704082;2,704082
model_2756;22,117840;2,704082;2,704082
model_2757;11,835362;2,765306;2,765306
model_2758;22,142647;3,112245;3,112245
model_2759;22,142647;3,112245;3,112245
model_276;18,313938;4,295918;4,295918
model_2760;31,418910;4,591837;4,591837
model_2761;29,902592;5,714286;5,714286
model_2762;25,891781;5,642857;5,642857
model_2763;25,043376;4,877551;4,877551
model_2764;16,326848;3,357143;3,357143
model_2765;25,043376;4,877551;4,877551
model_2766;26,710259;8,704082;8,704082
model_2767;21,540408;4,061224;4,061224
model_2768;27,140432;9,112245;9,112245
model_2769;26,710259;8,704082;8,704082
model_277;20,352035;3,877551;3,877551
model_2770;22,381133;7,632653;7,632653
model_2771;13,601977;3,765306;3,765306
model_2772;14,753406;4,295918;4,295918
model_2773;13,903581;4,173469;4,173469
model_2774;21,221796;13,336735;13,336735
model_2775;23,878556;3,826531;3,826531
model_2776;29,156304;13,112245;13,112245
model_2777;29,484404;7,397959;7,397959
model_2778;29,484404;7,397959;7,397959
model_2779;29,484404;7,397959;7,397959
model_278;20,352035;3,877551;3,877551
model_2780;61,444614;62,173469;62,173469
model_2781;9,312933;2,530612;2,530612
model_2782;9,312933;2,530612;2,530612
model_2783;36,606312;11,030612;11,030612
model_2784;5,298395;1,775510;1,775510
model_2785;29,513258;11,020408;11,020408
model_2786;14,108493;5,591837;5,591837
model_2787;11,578762;1,591837;1,591837
model_2788;11,578762;1,591837;1,591837
model_2789;11,578762;1,591837;1,591837
model_279;20,352035;3,877551;3,877551
model_2790;11,578762;1,591837;1,591837
model_2791;25,233072;5,938776;5,938776
model_2792;28,770201;15,704082;15,704082
model_2793;29,977631;3,765306;3,765306
model_2794;34,833144;7,989796;7,989796
model_2795;78,129766;139,581633;100,000000
model_2796;74,266262;113,469388;100,000000
model_2797;12,012102;1,408163;1,408163
model_2798;15,754814;2,469388;2,469388
model_2799;10,940778;1,765306;1,765306
model_28;39,347226;20,357143;20,357143
model_280;20,352035;3,877551;3,877551
model_2800;20,633577;0,765306;0,765306
model_2801;17,919855;0,765306;0,765306
model_2802;17,919855;0,765306;0,765306
model_2803;21,628948;6,979592;6,979592
model_2804;26,313197;5,642857;5,642857
model_2805;30,826251;7,520408;7,520408
model_2806;12,488259;3,173469;3,173469
model_2807;12,488259;3,173469;3,173469
model_2808;12,488259;3,173469;3,173469
model_2809;48,399897;27,897959;27,897959
model_281;20,352035;3,877551;3,877551
model_2810;62,103756;65,581633;65,581633
model_2811;62,766462;65,581633;65,581633
model_2812;51,014152;19,520408;19,520408
model_2813;47,397094;59,693878;59,693878
model_2814;51,492129;54,816327;54,816327
model_2815;66,384271;118,571429;100,000000
model_2816;66,384271;118,571429;100,000000
model_2817;45,570791;35,418367;35,418367
model_2818;57,330689;59,448980;59,448980
model_2819;68,834613;64,663265;64,663265
model_282;20,352035;3,877551;3,877551
model_2820;68,802877;64,897959;64,897959
model_2821;39,787196;18,908163;18,908163
model_2822;74,653955;239,377551;100,000000
model_2823;75,373264;239,785714;100,000000
model_2824;37,560872;28,408163;28,408163
model_2825;37,560872;28,408163;28,408163
model_2826;71,177279;87,020408;87,020408
model_2827;64,653595;77,459184;77,459184
model_2828;64,653595;77,459184;77,459184
model_2829;64,797746;77,928571;77,928571
model_283;20,352035;3,877551;3,877551
model_2830;64,797746;77,928571;77,928571
model_2831;61,866334;72,000000;72,000000
model_2832;61,866334;72,000000;72,000000
model_2833;77,798709;227,326531;100,000000
model_2834;77,284930;248,714286;100,000000
model_2835;64,600354;88,051020;88,051020
model_2836;64,600354;88,051020;88,051020
model_2837;64,632471;88,408163;88,408163
model_2838;36,650781;37,326531;37,326531
model_2839;38,140968;4,081633;4,081633
model_284;20,352035;3,877551;3,877551
model_2840;41,109240;76,561224;76,561224
model_2841;64,901541;149,857143;100,000000
model_2842;59,096831;138,326531;100,000000
model_2843;58,420323;120,632653;100,000000
model_2844;58,420323;120,632653;100,000000
model_2845;54,453416;302,714286;100,000000
model_2846;75,379967;250,561224;100,000000
model_2847;75,379967;250,561224;100,000000
model_2848;39,192940;79,877551;79,877551
model_2849;74,724043;237,051020;100,000000
model_285;20,352035;3,877551;3,877551
model_2850;67,291509;264,030612;100,000000
model_2851;66,218659;106,673469;100,000000
model_2852;66,218659;106,673469;100,000000
model_2853;44,430619;92,234694;92,234694
model_2854;44,430619;92,234694;92,234694
model_2855;42,764117;85,397959;85,397959
model_2856;52,970557;111,357143;100,000000
model_2857;31,759550;38,163265;38,163265
model_2858;32,745115;42,275510;42,275510
model_2859;32,906286;42,510204;42,510204
model_286;20,352035;3,877551;3,877551
model_2860;46,791095;149,897959;100,000000
model_2861;38,140968;4,081633;4,081633
model_2862;11,898064;1,183673;1,183673
model_2863;38,917993;42,928571;42,928571
model_2864;49,145906;153,367347;100,000000
model_2865;43,225145;85,683673;85,683673
model_2866;43,225145;85,683673;85,683673
model_2867;66,895695;105,510204;100,000000
model_2868;34,189533;13,081633;13,081633
model_2869;22,896124;3,653061;3,653061
model_287;20,352035;3,877551;3,877551
model_2870;34,224778;15,989796;15,989796
model_2871;22,896124;3,653061;3,653061
model_2872;22,896124;3,653061;3,653061
model_2873;22,896124;3,653061;3,653061
model_2874;56,590175;111,846939;100,000000
model_2875;47,148393;59,234694;59,234694
model_2876;49,556186;76,255102;76,255102
model_2877;48,084495;32,551020;32,551020
model_2878;26,905111;18,846939;18,846939
model_2879;85,709143;261,642857;100,000000
model_288;20,352035;3,877551;3,877551
model_2880;66,574213;106,653061;100,000000
model_2881;43,469590;64,040816;64,040816
model_2882;32,002908;4,081633;4,081633
model_2883;21,272934;5,775510;5,775510
model_2884;22,793726;4,653061;4,653061
model_2885;22,793726;4,653061;4,653061
model_2886;32,035102;8,173469;8,173469
model_2887;28,880040;17,622449;17,622449
model_2888;27,427881;6,765306;6,765306
model_2889;27,087929;6,765306;6,765306
model_289;20,817813;5,459184;5,459184
model_2890;27,087929;6,765306;6,765306
model_2891;22,378339;4,887755;4,887755
model_2892;39,344473;17,163265;17,163265
model_2893;27,250504;23,918367;23,918367
model_2894;30,117133;15,418367;15,418367
model_2895;30,672138;16,306122;16,306122
model_2896;32,742757;18,765306;18,765306
model_2897;74,542009;138,673469;100,000000
model_2898;81,666621;229,010204;100,000000
model_2899;55,094603;79,091837;79,091837
model_29;28,826376;7,632653;7,632653
model_290;20,817813;5,459184;5,459184
model_2900;27,905683;6,418367;6,418367
model_2901;27,905683;6,418367;6,418367
model_2902;27,905683;6,418367;6,418367
model_2903;27,905683;6,418367;6,418367
model_2904;27,905683;6,418367;6,418367
model_2905;27,905683;6,418367;6,418367
model_2906;27,905683;6,418367;6,418367
model_2907;22,793726;4,653061;4,653061
model_2908;16,818700;6,295918;6,295918
model_2909;16,818700;6,295918;6,295918
model_291;20,817813;5,459184;5,459184
model_2910;19,484403;6,000000;6,000000
model_2911;24,695795;11,632653;11,632653
model_2912;19,701035;5,061224;5,061224
model_2913;29,198087;18,795918;18,795918
model_2914;20,278401;8,826531;8,826531
model_2915;33,684874;17,693878;17,693878
model_2916;20,278401;8,826531;8,826531
model_2917;63,332966;70,000000;70,000000
model_2918;63,528310;70,408163;70,408163
model_2919;60,390903;51,448980;51,448980
model_292;20,817813;5,459184;5,459184
model_2920;15,852986;5,295918;5,295918
model_2921;15,852986;5,295918;5,295918
model_2922;18,963448;5,530612;5,530612
model_2923;20,278401;8,826531;8,826531
model_2924;20,278401;8,826531;8,826531
model_2925;20,278401;8,826531;8,826531
model_2926;20,278401;8,826531;8,826531
model_2927;20,278401;8,826531;8,826531
model_2928;20,278401;8,826531;8,826531
model_2929;20,278401;8,826531;8,826531
model_293;21,234946;5,816327;5,816327
model_2930;25,090881;8,826531;8,826531
model_2931;21,142574;10,295918;10,295918
model_2932;20,278401;8,826531;8,826531
model_2933;22,485851;10,295918;10,295918
model_2934;25,455384;10,653061;10,653061
model_2935;24,149887;11,122449;11,122449
model_2936;26,582296;18,346939;18,346939
model_2937;27,060050;16,683673;16,683673
model_2938;68,955319;80,510204;80,510204
model_2939;30,527085;8,479592;8,479592
model_294;21,234946;5,816327;5,816327
model_2940;30,527085;8,479592;8,479592
model_2941;24,271774;8,479592;8,479592
model_2942;24,271774;8,479592;8,479592
model_2943;30,527085;8,479592;8,479592
model_2944;24,271774;8,479592;8,479592
model_2945;34,215950;16,785714;16,785714
model_2946;15,852986;5,295918;5,295918
model_2947;15,852986;5,295918;5,295918
model_2948;42,150232;27,459184;27,459184
model_2949;14,639117;5,591837;5,591837
model_295;23,446631;5,642857;5,642857
model_2950;18,212678;7,530612;7,530612
model_2951;45,268976;49,336735;49,336735
model_2952;45,447284;50,102041;50,102041
model_2953;36,255486;38,000000;38,000000
model_2954;18,057669;6,469388;6,469388
model_2955;19,227925;7,295918;7,295918
model_2956;19,227925;7,295918;7,295918
model_2957;19,227925;7,295918;7,295918
model_2958;19,227925;7,295918;7,295918
model_2959;19,227925;7,295918;7,295918
model_296;30,638790;7,571429;7,571429
model_2960;19,227925;7,295918;7,295918
model_2961;19,227925;7,295918;7,295918
model_2962;19,227925;7,295918;7,295918
model_2963;15,132606;0,357143;0,357143
model_2964;9,332228;1,826531;1,826531
model_2965;18,271294;1,479592;1,479592
model_2966;8,483087;2,367347;2,367347
model_2967;22,678045;4,061224;4,061224
model_2968;46,183665;19,530612;19,530612
model_2969;39,350511;39,265306;39,265306
model_297;30,638790;7,571429;7,571429
model_2970;16,857918;2,704082;2,704082
model_2971;10,784684;0,826531;0,826531
model_2972;10,784684;0,826531;0,826531
model_2973;24,909755;7,877551;7,877551
model_2974;46,079602;43,826531;43,826531
model_2975;46,079602;43,826531;43,826531
model_2976;49,096594;39,724490;39,724490
model_2977;69,507787;179,214286;100,000000
model_2978;69,507787;179,214286;100,000000
model_2979;20,399706;12,918367;12,918367
model_298;21,035760;3,877551;3,877551
model_2980;33,454691;10,408163;10,408163
model_2981;38,310327;18,928571;18,928571
model_2982;43,282929;19,632653;19,632653
model_2983;23,821498;5,918367;5,918367
model_2984;16,758186;5,224490;5,224490
model_2985;17,895670;7,632653;7,632653
model_2986;22,507389;11,510204;11,510204
model_2987;25,482637;13,734694;13,734694
model_2988;25,482637;13,734694;13,734694
model_2989;37,736041;83,897959;83,897959
model_299;36,800221;13,020408;13,020408
model_2990;38,350172;91,663265;91,663265
model_2991;38,350172;91,663265;91,663265
model_2992;37,736041;83,897959;83,897959
model_2993;36,238916;21,612245;21,612245
model_2994;40,809650;21,479592;21,479592
model_2995;24,662620;5,183673;5,183673
model_2996;22,955895;4,061224;4,061224
model_2997;22,474064;5,418367;5,418367
model_2998;20,644503;5,418367;5,418367
model_2999;18,522390;4,530612;4,530612
model_3;26,047066;7,867347;7,867347
model_30;32,751174;12,173469;12,173469
model_300;42,279502;21,918367;21,918367
model_3000;23,745850;4,775510;4,775510
model_3001;20,841853;6,367347;6,367347
model_3002;32,002908;4,081633;4,081633
model_3003;40,512070;91,510204;91,510204
model_3004;44,972769;74,000000;74,000000
model_3005;44,208113;75,030612;75,030612
model_3006;49,918106;99,214286;99,214286
model_3007;50,181991;102,969388;100,000000
model_3008;50,270033;102,377551;100,000000
model_3009;50,348796;102,377551;100,000000
model_301;42,554617;21,918367;21,918367
model_3010;50,348796;102,377551;100,000000
model_3011;50,348796;102,377551;100,000000
model_3012;50,309763;102,377551;100,000000
model_3013;50,348796;102,377551;100,000000
model_3014;50,270033;102,377551;100,000000
model_3015;50,266595;103,377551;100,000000
model_3016;57,120102;96,816327;96,816327
model_3017;45,223803;144,826531;100,000000
model_3018;72,322501;149,469388;100,000000
model_3019;56,474665;101,795918;100,000000
model_302;42,554617;21,918367;21,918367
model_3020;51,150399;96,153061;96,153061
model_3021;38,125245;47,326531;47,326531
model_3022;68,101247;194,622449;100,000000
model_3023;68,101247;194,622449;100,000000
model_3024;68,151506;197,030612;100,000000
model_3025;59,581042;180,704082;100,000000
model_3026;58,059177;178,387755;100,000000
model_3027;57,188318;176,367347;100,000000
model_3028;57,212863;177,775510;100,000000
model_3029;68,087620;194,265306;100,000000
model_303;19,445375;3,642857;3,642857
model_3030;68,087620;194,265306;100,000000
model_3031;36,853147;45,704082;45,704082
model_3032;36,853147;45,704082;45,704082
model_3033;10,784684;0,826531;0,826531
model_3034;14,247980;3,408163;3,408163
model_3035;14,247980;3,408163;3,408163
model_3036;26,133032;6,877551;6,877551
model_3037;26,860215;8,112245;8,112245
model_3038;49,035387;36,255102;36,255102
model_3039;40,797335;19,877551;19,877551
model_304;19,445375;3,642857;3,642857
model_3040;42,310087;38,693878;38,693878
model_3041;42,212025;38,285714;38,285714
model_3042;27,585981;15,357143;15,357143
model_3043;58,415243;128,714286;100,000000
model_3044;67,625718;106,275510;100,000000
model_3045;39,410104;39,479592;39,479592
model_3046;11,920910;3,408163;3,408163
model_3047;46,973903;41,918367;41,918367
model_3048;38,324622;18,642857;18,642857
model_3049;23,330767;4,887755;4,887755
model_305;23,058695;5,408163;5,408163
model_3050;29,357745;9,530612;9,530612
model_3051;27,541779;11,653061;11,653061
model_3052;35,276793;28,581633;28,581633
model_3053;34,357704;8,877551;8,877551
model_3054;34,357704;8,877551;8,877551
model_3055;23,350719;16,816327;16,816327
model_3056;15,530786;5,530612;5,530612
model_3057;29,756631;11,826531;11,826531
model_3058;46,897404;40,010204;40,010204
model_3059;30,487373;17,204082;17,204082
model_306;23,058695;5,408163;5,408163
model_3060;30,487373;17,204082;17,204082
model_3061;36,048346;19,846939;19,846939
model_3062;47,955592;29,908163;29,908163
model_3063;45,828464;29,204082;29,204082
model_3064;47,209023;32,938776;32,938776
model_3065;47,507815;26,285714;26,285714
model_3066;47,812513;32,510204;32,510204
model_3067;47,812513;32,510204;32,510204
model_3068;49,387552;31,765306;31,765306
model_3069;63,293338;162,785714;100,000000
model_307;23,058695;5,408163;5,408163
model_3070;41,790455;38,438776;38,438776
model_3071;38,225466;47,693878;47,693878
model_3072;43,223993;20,183673;20,183673
model_3073;43,223993;20,183673;20,183673
model_3074;43,223993;20,183673;20,183673
model_3075;43,223993;20,183673;20,183673
model_3076;43,576881;20,591837;20,591837
model_3077;24,042714;14,418367;14,418367
model_3078;45,289034;18,479592;18,479592
model_3079;46,876293;37,122449;37,122449
model_308;18,892045;4,112245;4,112245
model_3080;48,633904;37,377551;37,377551
model_3081;48,294470;35,561224;35,561224
model_3082;48,294470;35,561224;35,561224
model_3083;25,636419;35,857143;35,857143
model_3084;50,389421;76,663265;76,663265
model_3085;45,610142;104,367347;100,000000
model_3086;46,164395;22,459184;22,459184
model_3087;81,035025;438,234694;100,000000
model_3088;90,272705;345,938776;100,000000
model_3089;41,083230;23,132653;23,132653
model_309;24,561948;4,112245;4,112245
model_3090;17,539452;7,653061;7,653061
model_3091;17,250139;7,295918;7,295918
model_3092;17,250139;7,295918;7,295918
model_3093;17,539452;7,653061;7,653061
model_3094;23,799429;7,346939;7,346939
model_3095;23,799429;7,346939;7,346939
model_3096;25,172003;7,122449;7,122449
model_3097;31,772932;9,591837;9,591837
model_3098;15,800239;6,173469;6,173469
model_3099;20,144188;7,581633;7,581633
model_31;25,865966;7,867347;7,867347
model_310;27,541926;7,571429;7,571429
model_3100;20,144188;7,581633;7,581633
model_3101;21,064810;8,520408;8,520408
model_3102;20,366768;7,346939;7,346939
model_3103;20,366768;7,346939;7,346939
model_3104;18,477194;6,632653;6,632653
model_3105;18,477194;6,632653;6,632653
model_3106;22,687106;6,867347;6,867347
model_3107;22,687106;6,867347;6,867347
model_3108;26,646932;6,867347;6,867347
model_3109;26,646932;6,867347;6,867347
model_311;28,219643;7,867347;7,867347
model_3110;15,852986;5,295918;5,295918
model_3111;15,852986;5,295918;5,295918
model_3112;31,191397;17,040816;17,040816
model_3113;31,191397;17,040816;17,040816
model_3114;20,366768;7,346939;7,346939
model_3115;39,853162;13,826531;13,826531
model_3116;25,576526;7,183673;7,183673
model_3117;27,806268;7,642857;7,642857
model_3118;25,576526;7,183673;7,183673
model_3119;25,576526;7,183673;7,183673
model_312;23,175703;5,357143;5,357143
model_3120;30,743869;10,295918;10,295918
model_3121;30,743869;10,295918;10,295918
model_3122;38,631121;19,122449;19,122449
model_3123;38,631121;19,122449;19,122449
model_3124;22,143864;7,183673;7,183673
model_3125;25,416035;10,204082;10,204082
model_3126;26,715906;10,969388;10,969388
model_3127;30,802891;11,377551;11,377551
model_3128;25,790979;8,051020;8,051020
model_3129;22,143864;7,183673;7,183673
model_313;23,175703;5,357143;5,357143
model_3130;21,531127;6,469388;6,469388
model_3131;23,792594;7,234694;7,234694
model_3132;21,673938;11,581633;11,581633
model_3133;21,673938;11,581633;11,581633
model_3134;24,409326;11,173469;11,173469
model_3135;15,268024;2,765306;2,765306
model_3136;32,365767;12,173469;12,173469
model_3137;57,260163;49,581633;49,581633
model_3138;58,690766;51,459184;51,459184
model_3139;58,690766;51,459184;51,459184
model_314;19,114625;3,877551;3,877551
model_3140;32,129503;19,397959;19,397959
model_3141;31,895912;15,806122;15,806122
model_3142;28,838692;13,979592;13,979592
model_3143;42,553553;19,500000;19,500000
model_3144;42,553553;19,500000;19,500000
model_3145;19,901914;3,765306;3,765306
model_3146;43,602443;32,000000;32,000000
model_3147;25,315703;10,183673;10,183673
model_3148;28,600765;19,836735;19,836735
model_3149;69,454336;95,030612;95,030612
model_315;19,114625;3,877551;3,877551
model_3150;53,549067;51,520408;51,520408
model_3151;69,394251;106,010204;100,000000
model_3152;69,488358;107,234694;100,000000
model_3153;69,488358;107,234694;100,000000
model_3154;14,153246;2,591837;2,591837
model_3155;59,488192;144,071429;100,000000
model_3156;54,976240;119,551020;100,000000
model_3157;64,284961;113,561224;100,000000
model_3158;58,635253;108,091837;100,000000
model_3159;70,690884;123,000000;100,000000
model_316;19,114625;3,877551;3,877551
model_3160;45,354448;53,612245;53,612245
model_3161;49,060979;87,867347;87,867347
model_3162;49,060979;87,867347;87,867347
model_3163;46,262573;67,683673;67,683673
model_3164;46,262573;67,683673;67,683673
model_3165;22,554715;6,224490;6,224490
model_3166;27,493844;11,183673;11,183673
model_3167;57,871445;77,632653;77,632653
model_3168;57,871445;77,632653;77,632653
model_3169;36,094813;12,071429;12,071429
model_317;19,114625;3,877551;3,877551
model_3170;26,025110;12,275510;12,275510
model_3171;26,972842;19,959184;19,959184
model_3172;27,524209;21,132653;21,132653
model_3173;27,665056;21,489796;21,489796
model_3174;32,210062;25,500000;25,500000
model_3175;27,665056;21,489796;21,489796
model_3176;29,704256;27,500000;27,500000
model_3177;31,846278;30,581633;30,581633
model_3178;33,020675;32,397959;32,397959
model_3179;32,143166;30,581633;30,581633
model_318;19,114625;3,877551;3,877551
model_3180;34,615646;38,867347;38,867347
model_3181;34,254776;39,091837;39,091837
model_3182;37,830233;30,765306;30,765306
model_3183;29,668609;12,326531;12,326531
model_3184;54,355496;68,214286;68,214286
model_3185;43,796808;77,306122;77,306122
model_3186;40,956830;87,153061;87,153061
model_3187;32,736948;35,020408;35,020408
model_3188;73,854819;122,581633;100,000000
model_3189;72,656904;118,255102;100,000000
model_319;19,114625;3,877551;3,877551
model_3190;73,854819;122,581633;100,000000
model_3191;73,854819;122,581633;100,000000
model_3192;73,751212;121,000000;100,000000
model_3193;73,735867;121,234694;100,000000
model_3194;73,648032;121,469388;100,000000
model_3195;27,726935;27,459184;27,459184
model_3196;65,007614;116,826531;100,000000
model_3197;65,007614;116,826531;100,000000
model_3198;63,981441;94,438776;94,438776
model_3199;63,981441;94,438776;94,438776
model_32;26,189046;8,000000;8,000000
model_320;19,114625;3,877551;3,877551
model_3200;68,463459;138,775510;100,000000
model_3201;80,234586;145,642857;100,000000
model_3202;63,529214;87,183673;87,183673
model_3203;56,637010;209,959184;100,000000
model_3204;56,640061;208,724490;100,000000
model_3205;25,460698;7,112245;7,112245
model_3206;56,950905;52,153061;52,153061
model_3207;56,950905;52,153061;52,153061
model_3208;52,966953;37,214286;37,214286
model_3209;36,966579;19,887755;19,887755
model_321;19,460137;4,112245;4,112245
model_3210;12,661747;4,826531;4,826531
model_3211;61,076606;56,336735;56,336735
model_3212;71,533693;118,979592;100,000000
model_3213;73,935644;165,204082;100,000000
model_3214;73,935644;165,204082;100,000000
model_3215;73,935644;165,204082;100,000000
model_3216;74,234715;168,377551;100,000000
model_3217;74,731513;175,377551;100,000000
model_3218;55,024918;35,459184;35,459184
model_3219;62,655491;105,642857;100,000000
model_322;20,874889;1,071429;1,071429
model_3220;35,829739;26,091837;26,091837
model_3221;52,315060;35,969388;35,969388
model_3222;67,392318;68,806122;68,806122
model_3223;44,523573;159,897959;100,000000
model_3224;43,862503;164,122449;100,000000
model_3225;43,460164;120,765306;100,000000
model_3226;44,749345;88,612245;88,612245
model_3227;42,142749;84,673469;84,673469
model_3228;33,688241;87,489796;87,489796
model_3229;34,140316;89,367347;89,367347
model_323;24,803148;6,418367;6,418367
model_3230;34,140316;89,367347;89,367347
model_3231;33,336719;84,969388;84,969388
model_3232;27,909153;49,714286;49,714286
model_3233;48,402684;121,214286;100,000000
model_3234;48,402684;121,214286;100,000000
model_3235;26,673311;24,938776;24,938776
model_3236;26,673311;24,938776;24,938776
model_3237;26,673311;24,938776;24,938776
model_3238;21,199155;6,663265;6,663265
model_3239;57,215135;23,591837;23,591837
model_324;24,803148;6,418367;6,418367
model_3240;48,513018;35,632653;35,632653
model_3241;48,513018;35,632653;35,632653
model_3242;45,906789;33,959184;33,959184
model_3243;47,314733;30,775510;30,775510
model_3244;45,906789;33,959184;33,959184
model_3245;48,679022;37,714286;37,714286
model_3246;29,312352;4,173469;4,173469
model_3247;31,110288;4,755102;4,755102
model_3248;79,065857;98,387755;98,387755
model_3249;79,065857;98,387755;98,387755
model_325;25,749779;7,061224;7,061224
model_3250;79,065857;98,387755;98,387755
model_3251;79,065857;98,387755;98,387755
model_3252;79,065857;98,387755;98,387755
model_3253;67,667989;72,673469;72,673469
model_3254;67,667989;72,673469;72,673469
model_3255;77,950881;134,030612;100,000000
model_3256;77,734021;134,081633;100,000000
model_3257;77,993156;140,663265;100,000000
model_3258;77,993156;140,663265;100,000000
model_3259;77,993156;140,663265;100,000000
model_326;26,388473;5,806122;5,806122
model_3260;91,506462;412,714286;100,000000
model_3261;91,506462;412,714286;100,000000
model_3262;93,551883;471,163265;100,000000
model_3263;93,551883;471,163265;100,000000
model_3264;93,551883;471,163265;100,000000
model_3265;93,513048;472,387755;100,000000
model_3266;92,133084;487,887755;100,000000
model_3267;92,113919;485,132653;100,000000
model_3268;92,113919;485,132653;100,000000
model_3269;72,348977;125,214286;100,000000
model_327;19,946926;3,642857;3,642857
model_3270;17,568553;3,244898;3,244898
model_3271;20,240024;8,163265;8,163265
model_3272;23,936954;9,000000;9,000000
model_3273;16,349022;4,632653;4,632653
model_3274;16,026823;4,867347;4,867347
model_3275;17,354133;5,632653;5,632653
model_3276;17,819270;7,673469;7,673469
model_3277;17,819270;7,673469;7,673469
model_3278;12,164218;1,357143;1,357143
model_3279;20,784454;1,887755;1,887755
model_328;24,503663;5,397959;5,397959
model_3280;33,477304;8,775510;8,775510
model_3281;25,571912;12,163265;12,163265
model_3282;10,780355;3,000000;3,000000
model_3283;10,780355;3,000000;3,000000
model_3284;18,451435;7,704082;7,704082
model_3285;18,451435;7,704082;7,704082
model_3286;25,989598;6,173469;6,173469
model_3287;18,832018;8,234694;8,234694
model_3288;23,065910;19,663265;19,663265
model_3289;30,787159;15,020408;15,020408
model_329;25,482657;6,346939;6,346939
model_3290;19,033234;1,122449;1,122449
model_3291;51,883268;47,734694;47,734694
model_3292;32,030911;18,255102;18,255102
model_3293;14,403257;7,489796;7,489796
model_3294;21,357787;7,591837;7,591837
model_3295;31,620878;26,673469;26,673469
model_3296;24,136029;12,357143;12,357143
model_3297;12,396584;8,704082;8,704082
model_3298;47,731932;64,142857;64,142857
model_3299;9,289280;2,061224;2,061224
model_33;30,515395;13,510204;13,510204
model_330;41,950364;21,102041;21,102041
model_3300;21,765466;6,234694;6,234694
model_3301;26,083623;17,020408;17,020408
model_3302;18,978765;2,653061;2,653061
model_3303;23,425031;8,091837;8,091837
model_3304;26,190398;9,765306;9,765306
model_3305;21,170998;9,183673;9,183673
model_3306;13,989348;8,755102;8,755102
model_3307;10,612322;1,357143;1,357143
model_3308;17,481338;1,122449;1,122449
model_3309;17,481338;1,122449;1,122449
model_331;17,808128;5,285714;5,285714
model_3310;19,872349;7,612245;7,612245
model_3311;17,870948;9,632653;9,632653
model_3312;18,978765;2,653061;2,653061
model_3313;23,039753;4,183673;4,183673
model_3314;23,039753;4,183673;4,183673
model_3315;23,039753;4,183673;4,183673
model_3316;23,039753;4,183673;4,183673
model_3317;13,589178;3,000000;3,000000
model_3318;13,589178;3,000000;3,000000
model_3319;32,088746;63,081633;63,081633
model_332;43,012237;23,061224;23,061224
model_3320;31,170193;63,306122;63,306122
model_3321;32,318104;66,448980;66,448980
model_3322;41,123355;67,346939;67,346939
model_3323;28,047072;21,010204;21,010204
model_3324;32,820068;26,714286;26,714286
model_3325;21,011989;10,112245;10,112245
model_3326;20,426104;6,173469;6,173469
model_3327;21,127564;9,877551;9,877551
model_3328;19,158538;6,408163;6,408163
model_3329;32,874562;26,479592;26,479592
model_333;43,012237;23,061224;23,061224
model_3330;41,350883;9,959184;9,959184
model_3331;39,380551;11,244898;11,244898
model_3332;62,560317;71,336735;71,336735
model_3333;56,378965;38,979592;38,979592
model_3334;39,367280;15,051020;15,051020
model_3335;38,421762;15,612245;15,612245
model_3336;38,421762;15,612245;15,612245
model_3337;62,560317;71,336735;71,336735
model_3338;62,560317;71,336735;71,336735
model_3339;54,542070;40,744898;40,744898
model_334;42,554617;21,918367;21,918367
model_3340;54,542070;40,744898;40,744898
model_3341;53,871486;146,938776;100,000000
model_3342;53,850289;36,918367;36,918367
model_3343;53,154722;36,918367;36,918367
model_3344;53,850289;36,918367;36,918367
model_3345;53,154722;36,918367;36,918367
model_3346;64,148358;70,897959;70,897959
model_3347;13,391841;2,765306;2,765306
model_3348;42,086715;85,500000;85,500000
model_3349;35,843782;30,153061;30,153061
model_335;42,554617;21,918367;21,918367
model_3350;35,843782;30,153061;30,153061
model_3351;43,603256;78,816327;78,816327
model_3352;42,181064;39,367347;39,367347
model_3353;14,153246;2,591837;2,591837
model_3354;24,363613;7,244898;7,244898
model_3355;25,778475;8,653061;8,653061
model_3356;18,609922;7,775510;7,775510
model_3357;22,984623;7,132653;7,132653
model_3358;18,331064;1,887755;1,887755
model_3359;41,348547;18,612245;18,612245
model_336;42,993750;23,704082;23,704082
model_3360;37,732313;10,163265;10,163265
model_3361;33,116303;12,734694;12,734694
model_3362;59,454554;38,622449;38,622449
model_3363;60,003674;40,204082;40,204082
model_3364;28,201291;6,357143;6,357143
model_3365;29,115665;7,938776;7,938776
model_3366;58,428525;123,734694;100,000000
model_3367;40,855194;41,836735;41,836735
model_3368;58,309800;122,561224;100,000000
model_3369;58,309800;122,561224;100,000000
model_337;42,554617;21,918367;21,918367
model_3370;22,742425;13,826531;13,826531
model_3371;22,742425;13,826531;13,826531
model_3372;33,888140;55,591837;55,591837
model_3373;33,457949;56,826531;56,826531
model_3374;34,364252;57,469388;57,469388
model_3375;35,138086;57,765306;57,765306
model_3376;35,087418;58,000000;58,000000
model_3377;35,305582;59,000000;59,000000
model_3378;29,791486;14,112245;14,112245
model_3379;29,791486;14,112245;14,112245
model_338;42,554617;21,918367;21,918367
model_3380;40,938966;47,030612;47,030612
model_3381;27,891327;8,591837;8,591837
model_3382;18,047671;4,346939;4,346939
model_3383;20,136628;9,000000;9,000000
model_3384;22,696329;8,591837;8,591837
model_3385;22,696329;8,591837;8,591837
model_3386;16,800820;5,653061;5,653061
model_3387;29,791486;14,112245;14,112245
model_3388;35,121506;12,632653;12,632653
model_3389;12,381085;3,642857;3,642857
model_339;42,554617;21,918367;21,918367
model_3390;41,297183;49,326531;49,326531
model_3391;17,601835;4,530612;4,530612
model_3392;10,925797;3,295918;3,295918
model_3393;22,078116;5,704082;5,704082
model_3394;17,674319;4,295918;4,295918
model_3395;16,784789;4,000000;4,000000
model_3396;29,719535;15,061224;15,061224
model_3397;33,369759;16,102041;16,102041
model_3398;15,187365;2,826531;2,826531
model_3399;37,067367;22,642857;22,642857
model_34;19,544068;8,091837;8,091837
model_340;42,554617;21,918367;21,918367
model_3400;36,864119;22,826531;22,826531
model_3401;12,540026;2,000000;2,000000
model_3402;21,626715;7,755102;7,755102
model_3403;21,626715;7,755102;7,755102
model_3404;21,417428;8,397959;8,397959
model_3405;20,113084;2,704082;2,704082
model_3406;20,113084;2,704082;2,704082
model_3407;20,579855;4,122449;4,122449
model_3408;36,584299;11,938776;11,938776
model_3409;36,584299;11,938776;11,938776
model_341;42,554617;21,918367;21,918367
model_3410;13,844180;3,295918;3,295918
model_3411;17,294692;2,408163;2,408163
model_3412;17,294692;2,408163;2,408163
model_3413;19,050910;3,224490;3,224490
model_3414;19,050910;3,224490;3,224490
model_3415;43,932552;19,255102;19,255102
model_3416;44,839212;20,663265;20,663265
model_3417;44,839212;20,663265;20,663265
model_3418;52,788890;29,591837;29,591837
model_3419;70,935722;52,040816;52,040816
model_342;42,554617;21,918367;21,918367
model_3420;52,914527;28,887755;28,887755
model_3421;49,378544;31,183673;31,183673
model_3422;21,384551;4,877551;4,877551
model_3423;21,384551;4,877551;4,877551
model_3424;62,212781;188,948980;100,000000
model_3425;45,641386;34,418367;34,418367
model_3426;21,208748;10,459184;10,459184
model_3427;73,083151;56,448980;56,448980
model_3428;12,164218;1,357143;1,357143
model_3429;25,026612;4,173469;4,173469
model_343;42,554617;21,918367;21,918367
model_3430;24,148210;6,183673;6,183673
model_3431;27,071648;7,653061;7,653061
model_3432;16,457642;4,887755;4,887755
model_3433;22,987472;9,173469;9,173469
model_3434;25,202138;7,765306;7,765306
model_3435;16,386619;3,765306;3,765306
model_3436;16,386619;3,765306;3,765306
model_3437;19,100342;3,765306;3,765306
model_3438;18,277158;5,642857;5,642857
model_3439;17,720098;4,877551;4,877551
model_344;42,554617;21,918367;21,918367
model_3440;25,098115;6,357143;6,357143
model_3441;21,970459;6,357143;6,357143
model_3442;25,665207;8,867347;8,867347
model_3443;17,355853;5,346939;5,346939
model_3444;16,386619;3,765306;3,765306
model_3445;16,386619;3,765306;3,765306
model_3446;16,386619;3,765306;3,765306
model_3447;17,051343;5,408163;5,408163
model_3448;25,184301;5,234694;5,234694
model_3449;44,158085;15,428571;15,428571
model_345;42,993750;23,704082;23,704082
model_3450;62,366517;117,959184;100,000000
model_3451;23,651822;3,469388;3,469388
model_3452;13,915437;2,122449;2,122449
model_3453;17,237702;3,244898;3,244898
model_3454;35,448289;14,836735;14,836735
model_3455;35,448289;14,836735;14,836735
model_3456;36,640962;14,836735;14,836735
model_3457;46,685042;26,346939;26,346939
model_3458;39,833847;18,000000;18,000000
model_3459;42,807722;37,836735;37,836735
model_346;42,686595;22,500000;22,500000
model_3460;56,165718;27,887755;27,887755
model_3461;27,289284;17,122449;17,122449
model_3462;33,987801;11,510204;11,510204
model_3463;33,987801;11,510204;11,510204
model_3464;33,987801;11,510204;11,510204
model_3465;26,323922;9,183673;9,183673
model_3466;58,444292;30,938776;30,938776
model_3467;58,444292;30,938776;30,938776
model_3468;59,804044;31,357143;31,357143
model_3469;39,217833;20,938776;20,938776
model_347;42,686595;22,500000;22,500000
model_3470;40,115404;14,173469;14,173469
model_3471;33,607351;15,816327;15,816327
model_3472;53,018090;23,387755;23,387755
model_3473;49,847115;36,948980;36,948980
model_3474;24,078564;11,806122;11,806122
model_3475;24,078564;11,806122;11,806122
model_3476;28,001477;11,908163;11,908163
model_3477;26,484533;10,846939;10,846939
model_3478;49,170792;31,163265;31,163265
model_3479;49,170792;31,163265;31,163265
model_348;43,472966;23,500000;23,500000
model_3480;23,189296;8,448980;8,448980
model_3481;44,215193;23,397959;23,397959
model_3482;48,487252;29,173469;29,173469
model_3483;39,298591;15,132653;15,132653
model_3484;39,298591;15,132653;15,132653
model_3485;34,234835;14,469388;14,469388
model_3486;43,456671;16,775510;16,775510
model_3487;43,582573;17,010204;17,010204
model_3488;29,057418;12,030612;12,030612
model_3489;32,258642;14,102041;14,102041
model_349;20,935938;6,581633;6,581633
model_3490;30,434452;21,091837;21,091837
model_3491;30,434452;21,091837;21,091837
model_3492;48,470203;128,326531;100,000000
model_3493;48,390636;128,091837;100,000000
model_3494;38,937356;15,846939;15,846939
model_3495;42,826493;30,142857;30,142857
model_3496;56,194575;28,030612;28,030612
model_3497;56,194575;28,030612;28,030612
model_3498;24,149149;11,857143;11,857143
model_3499;33,079681;9,357143;9,357143
model_35;18,726484;8,091837;8,091837
model_350;20,935938;6,581633;6,581633
model_3500;38,900931;19,091837;19,091837
model_3501;24,073013;6,051020;6,051020
model_3502;33,854275;56,887755;56,887755
model_3503;59,620028;205,714286;100,000000
model_3504;41,953934;81,612245;81,612245
model_3505;41,866397;82,081633;82,081633
model_3506;7,290057;0,591837;0,591837
model_3507;10,175022;4,836735;4,836735
model_3508;23,323366;3,061224;3,061224
model_3509;35,019941;23,775510;23,775510
model_351;19,336782;5,112245;5,112245
model_3510;14,893535;0,000000;0,000000
model_3511;30,614216;13,673469;13,673469
model_3512;30,614216;13,673469;13,673469
model_3513;20,620774;4,887755;4,887755
model_3514;18,271294;1,479592;1,479592
model_3515;23,852029;1,836735;1,836735
model_3516;18,271294;1,479592;1,479592
model_3517;15,775795;2,479592;2,479592
model_3518;6,704601;0,826531;0,826531
model_3519;4,385319;1,183673;1,183673
model_352;42,750189;21,918367;21,918367
model_3520;15,132606;0,357143;0,357143
model_3521;10,784684;0,826531;0,826531
model_3522;10,175022;4,836735;4,836735
model_3523;18,271294;1,479592;1,479592
model_3524;14,190449;5,295918;5,295918
model_3525;10,784684;0,826531;0,826531
model_3526;35,019941;23,775510;23,775510
model_3527;7,290057;0,591837;0,591837
model_3528;7,290057;0,591837;0,591837
model_3529;18,271294;1,479592;1,479592
model_353;20,352035;3,877551;3,877551
model_3530;12,164218;1,357143;1,357143
model_3531;20,620774;4,887755;4,887755
model_3532;30,614216;13,673469;13,673469
model_3533;14,190449;5,295918;5,295918
model_3534;4,982864;1,295918;1,295918
model_3535;6,704601;0,826531;0,826531
model_3536;10,784684;0,826531;0,826531
model_3537;4,982864;1,295918;1,295918
model_3538;15,132606;0,357143;0,357143
model_3539;7,290057;0,591837;0,591837
model_354;43,278387;25,765306;25,765306
model_3540;15,775795;2,479592;2,479592
model_3541;14,190449;5,295918;5,295918
model_3542;18,271294;1,479592;1,479592
model_3543;15,132606;0,357143;0,357143
model_3544;15,252038;6,020408;6,020408
model_3545;23,094616;4,132653;4,132653
model_3546;23,323366;3,061224;3,061224
model_3547;10,784684;0,826531;0,826531
model_3548;6,704601;0,826531;0,826531
model_3549;15,871242;0,357143;0,357143
model_355;43,278387;25,765306;25,765306
model_3550;23,323366;3,061224;3,061224
model_3551;15,775795;2,479592;2,479592
model_3552;7,290057;0,591837;0,591837
model_3553;4,982864;1,295918;1,295918
model_3554;19,563409;1,887755;1,887755
model_3555;6,704601;0,826531;0,826531
model_3556;47,972048;78,795918;78,795918
model_3557;43,514568;33,214286;33,214286
model_3558;36,287969;59,418367;59,418367
model_3559;89,130311;547,030612;100,000000
model_356;19,114625;3,877551;3,877551
model_3560;35,485163;13,234694;13,234694
model_3561;27,475788;24,795918;24,795918
model_3562;30,126545;9,010204;9,010204
model_3563;30,126545;9,010204;9,010204
model_3564;30,043176;13,244898;13,244898
model_3565;37,877077;64,755102;64,755102
model_3566;37,721137;151,673469;100,000000
model_3567;32,527071;38,540816;38,540816
model_3568;32,527071;38,540816;38,540816
model_3569;32,906070;40,071429;40,071429
model_357;19,114625;3,877551;3,877551
model_3570;20,835851;9,765306;9,765306
model_3571;32,043403;32,051020;32,051020
model_3572;37,407962;25,255102;25,255102
model_3573;37,407962;25,255102;25,255102
model_3574;37,407962;25,255102;25,255102
model_3575;38,121128;20,857143;20,857143
model_3576;38,308640;21,622449;21,622449
model_3577;37,627491;20,040816;20,040816
model_3578;14,364134;1,765306;1,765306
model_3579;14,364134;1,765306;1,765306
model_358;19,114625;3,877551;3,877551
model_3580;14,364134;1,765306;1,765306
model_3581;14,364134;1,765306;1,765306
model_3582;11,578762;1,591837;1,591837
model_3583;11,578762;1,591837;1,591837
model_3584;12,164218;1,357143;1,357143
model_3585;12,164218;1,357143;1,357143
model_3586;27,383185;10,428571;10,428571
model_3587;26,668612;10,020408;10,020408
model_3588;13,778678;2,000000;2,000000
model_3589;13,778678;2,000000;2,000000
model_359;27,702671;7,948980;7,948980
model_3590;13,778678;2,000000;2,000000
model_3591;13,778678;2,000000;2,000000
model_3592;13,778678;2,000000;2,000000
model_3593;13,778678;2,000000;2,000000
model_3594;13,778678;2,000000;2,000000
model_3595;13,778678;2,000000;2,000000
model_3596;13,778678;2,000000;2,000000
model_3597;13,778678;2,000000;2,000000
model_3598;13,778678;2,000000;2,000000
model_3599;13,778678;2,000000;2,000000
model_36;23,139329;8,234694;8,234694
model_360;27,720942;7,928571;7,928571
model_3600;30,683059;41,551020;41,551020
model_3601;55,503709;106,448980;100,000000
model_3602;55,503709;106,448980;100,000000
model_3603;56,851733;147,979592;100,000000
model_3604;46,277038;132,316327;100,000000
model_3605;53,046522;80,163265;80,163265
model_3606;53,871729;76,540816;76,540816
model_3607;11,578762;1,591837;1,591837
model_3608;6,704601;0,826531;0,826531
model_3609;53,828796;83,438776;83,438776
model_361;15,383728;3,408163;3,408163
model_3610;53,828796;83,438776;83,438776
model_3611;54,748034;84,663265;84,663265
model_3612;54,748034;84,663265;84,663265
model_3613;54,748034;84,663265;84,663265
model_3614;70,871895;194,479592;100,000000
model_3615;70,871895;194,479592;100,000000
model_3616;41,174202;0,000000;0,000000
model_3617;48,871455;33,010204;33,010204
model_3618;70,871895;194,479592;100,000000
model_3619;59,121833;47,163265;47,163265
model_362;15,383728;3,408163;3,408163
model_3620;18,908610;4,010204;4,010204
model_3621;38,028599;49,428571;49,428571
model_3622;36,275025;17,397959;17,397959
model_3623;36,275025;17,397959;17,397959
model_3624;36,288318;17,806122;17,806122
model_3625;36,288318;17,806122;17,806122
model_3626;36,288318;17,806122;17,806122
model_3627;36,288318;17,806122;17,806122
model_3628;37,771840;19,214286;19,214286
model_3629;33,118788;11,938776;11,938776
model_363;14,565401;3,642857;3,642857
model_3630;43,746450;36,755102;36,755102
model_3631;43,746450;36,755102;36,755102
model_3632;38,600754;15,632653;15,632653
model_3633;38,600754;15,632653;15,632653
model_3634;40,127154;20,642857;20,642857
model_3635;42,952332;22,653061;22,653061
model_3636;18,094438;6,581633;6,581633
model_3637;16,130210;5,051020;5,051020
model_3638;31,263727;10,204082;10,204082
model_3639;31,906425;11,173469;11,173469
model_364;26,388473;5,806122;5,806122
model_3640;31,906425;11,173469;11,173469
model_3641;15,063524;2,173469;2,173469
model_3642;24,035720;6,153061;6,153061
model_3643;24,035720;6,153061;6,153061
model_3644;23,188158;4,102041;4,102041
model_3645;28,896239;4,928571;4,928571
model_3646;23,188158;4,102041;4,102041
model_3647;28,896239;4,928571;4,928571
model_3648;21,591938;3,867347;3,867347
model_3649;20,881324;3,867347;3,867347
model_365;38,757280;17,826531;17,826531
model_3650;23,188158;4,102041;4,102041
model_3651;23,188158;4,102041;4,102041
model_3652;23,188158;4,102041;4,102041
model_3653;23,188158;4,102041;4,102041
model_3654;23,188158;4,102041;4,102041
model_3655;28,896239;4,928571;4,928571
model_3656;21,591938;3,867347;3,867347
model_3657;24,437483;12,897959;12,897959
model_3658;28,515106;12,785714;12,785714
model_3659;28,515106;12,785714;12,785714
model_366;20,013338;4,469388;4,469388
model_3660;36,011147;9,908163;9,908163
model_3661;38,618835;16,622449;16,622449
model_3662;38,219851;16,387755;16,387755
model_3663;17,933592;7,173469;7,173469
model_3664;17,933592;7,173469;7,173469
model_3665;40,542786;15,571429;15,571429
model_3666;16,130210;5,051020;5,051020
model_3667;21,307965;6,744898;6,744898
model_3668;21,307965;6,744898;6,744898
model_3669;19,464356;5,163265;5,163265
model_367;29,402231;13,765306;13,765306
model_3670;19,464356;5,163265;5,163265
model_3671;19,464356;5,163265;5,163265
model_3672;19,464356;5,163265;5,163265
model_3673;11,419975;3,000000;3,000000
model_3674;12,314337;3,765306;3,765306
model_3675;28,661658;13,285714;13,285714
model_3676;28,661658;13,285714;13,285714
model_3677;28,661658;13,285714;13,285714
model_3678;24,389545;9,163265;9,163265
model_3679;10,780355;3,000000;3,000000
model_368;15,085395;3,877551;3,877551
model_3680;16,561105;4,357143;4,357143
model_3681;10,780355;3,000000;3,000000
model_3682;23,832714;5,897959;5,897959
model_3683;23,832714;5,897959;5,897959
model_3684;23,832714;5,897959;5,897959
model_3685;23,832714;5,897959;5,897959
model_3686;23,832714;5,897959;5,897959
model_3687;23,832714;5,897959;5,897959
model_3688;23,832714;5,897959;5,897959
model_3689;23,832714;5,897959;5,897959
model_369;15,085395;3,877551;3,877551
model_3690;23,832714;5,897959;5,897959
model_3691;23,832714;5,897959;5,897959
model_3692;23,832714;5,897959;5,897959
model_3693;29,339517;9,704082;9,704082
model_3694;29,339517;9,704082;9,704082
model_3695;29,339517;9,704082;9,704082
model_3696;29,339517;9,704082;9,704082
model_3697;29,339517;9,704082;9,704082
model_3698;29,010411;6,071429;6,071429
model_3699;29,010411;6,071429;6,071429
model_37;18,658442;5,530612;5,530612
model_370;18,320376;5,816327;5,816327
model_3700;29,010411;6,071429;6,071429
model_3701;29,010411;6,071429;6,071429
model_3702;29,010411;6,071429;6,071429
model_3703;29,010411;6,071429;6,071429
model_3704;29,010411;6,071429;6,071429
model_3705;29,010411;6,071429;6,071429
model_3706;29,010411;6,071429;6,071429
model_3707;29,010411;6,071429;6,071429
model_3708;29,010411;6,071429;6,071429
model_3709;25,594774;7,551020;7,551020
model_371;18,320376;5,816327;5,816327
model_3710;14,101492;2,714286;2,714286
model_3711;14,101492;2,714286;2,714286
model_3712;14,101492;2,714286;2,714286
model_3713;14,101492;2,714286;2,714286
model_3714;14,101492;2,714286;2,714286
model_3715;14,101492;2,714286;2,714286
model_3716;14,562374;3,836735;3,836735
model_3717;14,562374;3,836735;3,836735
model_3718;14,562374;3,836735;3,836735
model_3719;14,562374;3,836735;3,836735
model_372;19,177580;5,418367;5,418367
model_3720;14,562374;3,836735;3,836735
model_3721;14,562374;3,836735;3,836735
model_3722;14,562374;3,836735;3,836735
model_3723;14,562374;3,836735;3,836735
model_3724;14,562374;3,836735;3,836735
model_3725;14,562374;3,836735;3,836735
model_3726;12,721674;2,714286;2,714286
model_3727;12,721674;2,714286;2,714286
model_3728;12,721674;2,714286;2,714286
model_3729;12,721674;2,714286;2,714286
model_373;13,528722;2,469388;2,469388
model_3730;12,721674;2,714286;2,714286
model_3731;30,201695;12,204082;12,204082
model_3732;26,769033;12,204082;12,204082
model_3733;26,769033;12,204082;12,204082
model_3734;26,769033;12,204082;12,204082
model_3735;26,769033;12,204082;12,204082
model_3736;30,201695;12,204082;12,204082
model_3737;28,762369;5,714286;5,714286
model_3738;28,762369;5,714286;5,714286
model_3739;27,260219;8,051020;8,051020
model_374;16,242733;5,183673;5,183673
model_3740;29,320413;12,887755;12,887755
model_3741;36,314665;14,438776;14,438776
model_3742;72,573630;75,387755;75,387755
model_3743;72,573630;75,387755;75,387755
model_3744;72,605868;74,857143;74,857143
model_3745;63,769479;39,887755;39,887755
model_3746;71,370694;109,346939;100,000000
model_3747;31,107103;11,693878;11,693878
model_3748;35,811529;11,183673;11,183673
model_3749;38,201189;19,132653;19,132653
model_375;17,656788;6,540816;6,540816
model_3750;38,899364;19,836735;19,836735
model_3751;35,605044;15,500000;15,500000
model_3752;35,605044;15,500000;15,500000
model_3753;21,595783;7,632653;7,632653
model_3754;19,997983;2,591837;2,591837
model_3755;27,689697;7,357143;7,357143
model_3756;27,689697;7,357143;7,357143
model_3757;10,900946;2,469388;2,469388
model_3758;25,817803;6,816327;6,816327
model_3759;47,073603;61,112245;61,112245
model_376;44,885903;184,418367;100,000000
model_3760;29,991091;10,693878;10,693878
model_3761;29,991091;10,693878;10,693878
model_3762;27,208099;7,765306;7,765306
model_3763;10,003780;0,591837;0,591837
model_3764;19,093005;1,530612;1,530612
model_3765;31,033974;8,265306;8,265306
model_3766;11,176930;1,357143;1,357143
model_3767;12,813863;1,061224;1,061224
model_3768;6,704601;0,826531;0,826531
model_3769;16,112330;4,602041;4,602041
model_377;44,885903;184,418367;100,000000
model_3770;7,290057;0,591837;0,591837
model_3771;15,132606;0,357143;0,357143
model_3772;38,687744;19,785714;19,785714
model_3773;12,727808;2,530612;2,530612
model_3774;26,114091;8,183673;8,183673
model_3775;13,594210;3,459184;3,459184
model_3776;13,594210;3,459184;3,459184
model_3777;35,485591;14,081633;14,081633
model_3778;10,346016;2,000000;2,000000
model_3779;20,846203;7,887755;7,887755
model_378;44,885903;184,418367;100,000000
model_3780;20,846203;7,887755;7,887755
model_3781;34,966520;14,224490;14,224490
model_3782;27,841754;22,020408;22,020408
model_3783;24,294025;6,234694;6,234694
model_3784;28,923509;19,214286;19,214286
model_3785;8,305485;1,234694;1,234694
model_3786;15,132606;0,357143;0,357143
model_3787;17,481338;1,122449;1,122449
model_3788;15,132606;0,357143;0,357143
model_3789;23,414789;11,081633;11,081633
model_379;44,885903;184,418367;100,000000
model_3790;44,329042;12,836735;12,836735
model_3791;19,260049;7,734694;7,734694
model_3792;23,731790;13,173469;13,173469
model_3793;15,132606;0,357143;0,357143
model_3794;14,893535;0,000000;0,000000
model_3795;21,100075;2,959184;2,959184
model_3796;15,132606;0,357143;0,357143
model_3797;11,638533;2,000000;2,000000
model_3798;11,638533;2,000000;2,000000
model_3799;13,904522;4,000000;4,000000
model_38;26,704961;11,642857;11,642857
model_380;44,885903;184,418367;100,000000
model_3800;13,904522;4,000000;4,000000
model_3801;53,668407;33,448980;33,448980
model_3802;21,051613;8,091837;8,091837
model_3803;21,051613;8,091837;8,091837
model_3804;25,158830;10,612245;10,612245
model_3805;11,413059;1,714286;1,714286
model_3806;15,935407;4,459184;4,459184
model_3807;7,290057;0,591837;0,591837
model_3808;20,024416;5,816327;5,816327
model_3809;15,272453;0,714286;0,714286
model_381;44,885903;184,418367;100,000000
model_3810;8,463207;1,357143;1,357143
model_3811;9,002225;0,591837;0,591837
model_3812;16,933108;1,938776;1,938776
model_3813;16,908301;1,530612;1,530612
model_3814;19,093005;1,530612;1,530612
model_3815;21,019625;1,071429;1,071429
model_3816;7,290057;0,591837;0,591837
model_3817;7,349827;1,000000;1,000000
model_3818;15,935407;4,459184;4,459184
model_3819;41,636919;31,040816;31,040816
model_382;44,885903;184,418367;100,000000
model_3820;33,243790;11,326531;11,326531
model_3821;22,843938;5,469388;5,469388
model_3822;51,182844;35,744898;35,744898
model_3823;43,511708;33,153061;33,153061
model_3824;50,786089;33,051020;33,051020
model_3825;38,152913;45,989796;45,989796
model_3826;45,943737;40,938776;40,938776
model_3827;43,762050;42,744898;42,744898
model_3828;26,925028;8,540816;8,540816
model_3829;26,925028;8,540816;8,540816
model_383;44,885903;184,418367;100,000000
model_3830;26,925028;8,540816;8,540816
model_3831;46,948256;19,418367;19,418367
model_3832;47,691820;20,846939;20,846939
model_3833;22,189498;7,163265;7,163265
model_3834;26,733622;11,806122;11,806122
model_3835;22,082876;2,295918;2,295918
model_3836;14,153246;2,591837;2,591837
model_3837;17,041558;5,051020;5,051020
model_3838;25,876504;5,234694;5,234694
model_3839;28,483836;13,000000;13,000000
model_384;44,885903;184,418367;100,000000
model_3840;16,942517;4,581633;4,581633
model_3841;16,942517;4,581633;4,581633
model_3842;16,942517;4,581633;4,581633
model_3843;18,053026;6,122449;6,122449
model_3844;17,041558;5,051020;5,051020
model_3845;17,347883;4,581633;4,581633
model_3846;17,347883;4,581633;4,581633
model_3847;42,246882;40,408163;40,408163
model_3848;42,246882;40,408163;40,408163
model_3849;38,321703;19,724490;19,724490
model_385;44,885903;184,418367;100,000000
model_3850;16,623002;5,122449;5,122449
model_3851;16,533511;4,642857;4,642857
model_3852;26,841201;21,520408;21,520408
model_3853;16,911870;5,408163;5,408163
model_3854;17,678440;5,642857;5,642857
model_3855;19,245144;6,469388;6,469388
model_3856;21,433318;4,520408;4,520408
model_3857;60,635178;104,357143;100,000000
model_3858;16,074701;4,285714;4,285714
model_3859;18,215126;6,295918;6,295918
model_386;44,885903;184,418367;100,000000
model_3860;23,292875;5,285714;5,285714
model_3861;17,443719;3,530612;3,530612
model_3862;33,450853;8,418367;8,418367
model_3863;15,272453;0,714286;0,714286
model_3864;45,073381;20,846939;20,846939
model_3865;50,092015;36,051020;36,051020
model_3866;52,281758;41,724490;41,724490
model_3867;49,952429;34,163265;34,163265
model_3868;59,338899;20,846939;20,846939
model_3869;56,592012;20,846939;20,846939
model_387;44,885903;184,418367;100,000000
model_3870;72,712450;109,010204;100,000000
model_3871;68,259455;84,561224;84,561224
model_3872;72,020307;105,020408;100,000000
model_3873;74,402408;119,795918;100,000000
model_3874;74,402408;119,795918;100,000000
model_3875;30,899093;13,459184;13,459184
model_3876;36,398641;12,510204;12,510204
model_3877;36,398641;12,510204;12,510204
model_3878;40,421139;27,908163;27,908163
model_3879;49,648093;44,091837;44,091837
model_388;48,716876;186,000000;100,000000
model_3880;46,335976;28,244898;28,244898
model_3881;32,622743;14,530612;14,530612
model_3882;32,622743;14,530612;14,530612
model_3883;22,332056;4,061224;4,061224
model_3884;55,415751;100,040816;100,000000
model_3885;55,630603;100,857143;100,000000
model_3886;32,584725;17,071429;17,071429
model_3887;48,151507;76,581633;76,581633
model_3888;45,104733;81,581633;81,581633
model_3889;45,079751;84,367347;84,367347
model_389;48,716876;186,000000;100,000000
model_3890;40,766642;20,928571;20,928571
model_3891;31,920253;21,795918;21,795918
model_3892;31,920253;21,795918;21,795918
model_3893;31,920253;21,795918;21,795918
model_3894;54,553903;93,724490;93,724490
model_3895;29,327555;13,326531;13,326531
model_3896;46,460595;22,765306;22,765306
model_3897;27,592075;13,051020;13,051020
model_3898;63,018253;66,867347;66,867347
model_3899;27,637579;2,244898;2,244898
model_39;19,280813;6,693878;6,693878
model_390;48,716876;186,000000;100,000000
model_3900;60,701501;63,102041;63,102041
model_3901;78,758419;269,081633;100,000000
model_3902;22,625087;31,163265;31,163265
model_3903;78,810735;269,081633;100,000000
model_3904;78,908612;271,530612;100,000000
model_3905;70,370170;103,316327;100,000000
model_3906;80,889137;149,806122;100,000000
model_3907;81,792483;158,632653;100,000000
model_3908;76,615318;290,061224;100,000000
model_3909;76,566642;288,530612;100,000000
model_391;48,716876;186,000000;100,000000
model_3910;76,655716;290,826531;100,000000
model_3911;76,607087;289,295918;100,000000
model_3912;76,703905;292,357143;100,000000
model_3913;76,655716;290,826531;100,000000
model_3914;66,259341;76,163265;76,163265
model_3915;49,647804;40,469388;40,469388
model_3916;15,852986;5,295918;5,295918
model_3917;19,985451;8,591837;8,591837
model_3918;19,985451;8,591837;8,591837
model_3919;19,985451;8,591837;8,591837
model_392;48,716876;186,000000;100,000000
model_3920;15,852986;5,295918;5,295918
model_3921;18,669021;6,704082;6,704082
model_3922;17,458320;6,295918;6,295918
model_3923;20,675696;9,591837;9,591837
model_3924;44,067207;52,806122;52,806122
model_3925;48,258025;66,091837;66,091837
model_3926;47,983743;58,275510;58,275510
model_3927;47,983743;58,275510;58,275510
model_3928;29,865241;8,346939;8,346939
model_3929;23,939355;8,183673;8,183673
model_393;48,716876;186,000000;100,000000
model_3930;48,211969;50,020408;50,020408
model_3931;11,123796;3,173469;3,173469
model_3932;28,595518;8,479592;8,479592
model_3933;26,018796;6,234694;6,234694
model_3934;20,813440;5,244898;5,244898
model_3935;40,006377;18,887755;18,887755
model_3936;40,130972;19,122449;19,122449
model_3937;20,659981;8,520408;8,520408
model_3938;21,932128;9,040816;9,040816
model_3939;53,698651;51,897959;51,897959
model_394;48,716876;186,000000;100,000000
model_3940;40,596990;17,642857;17,642857
model_3941;21,862829;9,632653;9,632653
model_3942;23,914888;4,234694;4,234694
model_3943;24,960610;6,000000;6,000000
model_3944;24,960610;6,000000;6,000000
model_3945;25,299756;6,765306;6,765306
model_3946;22,866572;12,010204;12,010204
model_3947;26,110040;9,295918;9,295918
model_3948;22,936941;9,765306;9,765306
model_3949;25,897292;11,061224;11,061224
model_395;48,716876;186,000000;100,000000
model_3950;36,388258;17,387755;17,387755
model_3951;46,532625;30,714286;30,714286
model_3952;46,532625;30,714286;30,714286
model_3953;43,334237;34,193878;34,193878
model_3954;43,334237;34,193878;34,193878
model_3955;60,652596;65,663265;65,663265
model_3956;62,159440;115,642857;100,000000
model_3957;32,444016;22,142857;22,142857
model_3958;37,692669;22,438776;22,438776
model_3959;63,943140;67,265306;67,265306
model_396;48,716876;186,000000;100,000000
model_3960;53,347316;99,826531;99,826531
model_3961;61,861628;72,989796;72,989796
model_3962;44,507513;30,275510;30,275510
model_3963;43,300021;27,979592;27,979592
model_3964;29,260503;20,091837;20,091837
model_3965;45,572509;50,489796;50,489796
model_3966;46,015964;52,785714;52,785714
model_3967;28,650038;29,234694;29,234694
model_3968;38,313650;28,122449;28,122449
model_3969;33,171685;13,683673;13,683673
model_397;48,716876;186,000000;100,000000
model_3970;39,982200;30,000000;30,000000
model_3971;22,890318;28,877551;28,877551
model_3972;22,890318;28,877551;28,877551
model_3973;39,717495;27,346939;27,346939
model_3974;39,717495;27,346939;27,346939
model_3975;17,295329;3,010204;3,010204
model_3976;17,295329;3,010204;3,010204
model_3977;18,852135;7,622449;7,622449
model_3978;19,175645;8,091837;8,091837
model_3979;18,829730;5,928571;5,928571
model_398;48,716876;186,000000;100,000000
model_3980;28,004424;14,142857;14,142857
model_3981;24,216480;11,326531;11,326531
model_3982;24,216480;11,326531;11,326531
model_3983;22,903158;6,816327;6,816327
model_3984;47,932778;29,326531;29,326531
model_3985;47,474256;27,591837;27,591837
model_3986;77,964174;201,979592;100,000000
model_3987;77,792485;199,683673;100,000000
model_3988;77,792485;199,683673;100,000000
model_3989;52,291233;30,989796;30,989796
model_399;43,355211;184,775510;100,000000
model_3990;48,150610;22,877551;22,877551
model_3991;48,150610;22,877551;22,877551
model_3992;55,541062;131,459184;100,000000
model_3993;55,541062;131,459184;100,000000
model_3994;21,476845;4,887755;4,887755
model_3995;17,892800;7,877551;7,877551
model_3996;24,392848;8,051020;8,051020
model_3997;23,792594;7,234694;7,234694
model_3998;10,901550;2,704082;2,704082
model_3999;10,901550;2,704082;2,704082
model_4;18,980641;5,295918;5,295918
model_40;26,047066;7,867347;7,867347
model_400;39,505331;184,418367;100,000000
model_4000;26,222729;8,357143;8,357143
model_4001;21,740634;5,867347;5,867347
model_4002;36,879372;13,224490;13,224490
model_4003;36,879372;13,224490;13,224490
model_4004;39,836107;24,010204;24,010204
model_4005;28,053046;5,591837;5,591837
model_4006;31,747232;7,530612;7,530612
model_4007;11,669111;3,826531;3,826531
model_4008;11,496740;4,061224;4,061224
model_4009;11,496740;4,061224;4,061224
model_401;39,505331;184,418367;100,000000
model_4010;16,124190;4,816327;4,816327
model_4011;38,272955;23,704082;23,704082
model_4012;36,308604;23,704082;23,704082
model_4013;14,328600;3,295918;3,295918
model_4014;13,831047;2,826531;2,826531
model_4015;14,153246;2,591837;2,591837
model_4016;15,461660;5,765306;5,765306
model_4017;14,987695;5,530612;5,530612
model_4018;14,153246;2,591837;2,591837
model_4019;14,137394;4,234694;4,234694
model_402;39,505331;184,418367;100,000000
model_4020;13,780420;4,357143;4,357143
model_4021;10,407691;2,826531;2,826531
model_4022;28,276388;12,091837;12,091837
model_4023;37,913823;23,071429;23,071429
model_4024;37,245665;22,255102;22,255102
model_4025;33,585843;22,255102;22,255102
model_4026;36,843438;21,438776;21,438776
model_4027;36,308604;23,704082;23,704082
model_4028;34,429774;29,642857;29,642857
model_4029;26,952555;7,234694;7,234694
model_403;39,505331;184,418367;100,000000
model_4030;12,567522;3,408163;3,408163
model_4031;58,767630;44,020408;44,020408
model_4032;26,271855;20,183673;20,183673
model_4033;52,375698;43,581633;43,581633
model_4034;33,939871;6,816327;6,816327
model_4035;25,518889;7,867347;7,867347
model_4036;25,518889;7,867347;7,867347
model_4037;49,194055;24,612245;24,612245
model_4038;47,301682;19,581633;19,581633
model_4039;29,706450;14,479592;14,479592
model_404;39,505331;184,418367;100,000000
model_4040;37,784237;21,183673;21,183673
model_4041;34,281973;20,459184;20,459184
model_4042;45,392812;21,469388;21,469388
model_4043;45,392812;21,469388;21,469388
model_4044;46,127775;22,183673;22,183673
model_4045;46,127775;22,183673;22,183673
model_4046;40,506997;38,489796;38,489796
model_4047;28,267397;14,622449;14,622449
model_4048;21,483083;6,520408;6,520408
model_4049;21,483083;6,520408;6,520408
model_405;39,505331;184,418367;100,000000
model_4050;26,027180;9,275510;9,275510
model_4051;26,027180;9,275510;9,275510
model_4052;35,321781;19,102041;19,102041
model_4053;30,743015;18,846939;18,846939
model_4054;25,767643;14,642857;14,642857
model_4055;28,571025;14,683673;14,683673
model_4056;35,878165;14,673469;14,673469
model_4057;21,419593;4,877551;4,877551
model_4058;30,019833;12,806122;12,806122
model_4059;33,115807;12,040816;12,040816
model_406;39,505331;184,418367;100,000000
model_4060;34,944552;9,040816;9,040816
model_4061;24,303445;9,571429;9,571429
model_4062;29,070241;11,336735;11,336735
model_4063;32,854820;12,153061;12,153061
model_4064;32,854820;12,153061;12,153061
model_4065;32,854820;12,153061;12,153061
model_4066;32,854820;12,153061;12,153061
model_4067;35,713811;18,938776;18,938776
model_4068;35,713811;18,938776;18,938776
model_4069;32,626014;8,581633;8,581633
model_407;39,505331;184,418367;100,000000
model_4070;32,854820;12,153061;12,153061
model_4071;32,854820;12,153061;12,153061
model_4072;16,986089;5,346939;5,346939
model_4073;24,033961;6,897959;6,897959
model_4074;20,113744;5,346939;5,346939
model_4075;20,113744;5,346939;5,346939
model_4076;32,197896;11,336735;11,336735
model_4077;15,845086;4,704082;4,704082
model_4078;21,633038;9,387755;9,387755
model_4079;21,896294;9,153061;9,153061
model_408;39,505331;184,418367;100,000000
model_4080;26,184122;12,387755;12,387755
model_4081;26,184122;12,387755;12,387755
model_4082;32,974821;8,959184;8,959184
model_4083;17,333097;3,938776;3,938776
model_4084;17,333097;3,938776;3,938776
model_4085;15,213859;2,530612;2,530612
model_4086;17,333097;3,938776;3,938776
model_4087;29,880337;13,387755;13,387755
model_4088;16,130816;2,122449;2,122449
model_4089;29,239694;8,857143;8,857143
model_409;39,505331;184,418367;100,000000
model_4090;31,842809;14,142857;14,142857
model_4091;54,676208;23,887755;23,887755
model_4092;54,676208;23,887755;23,887755
model_4093;15,132606;0,357143;0,357143
model_4094;29,210680;8,040816;8,040816
model_4095;29,210680;8,040816;8,040816
model_4096;29,210680;8,040816;8,040816
model_4097;43,759890;23,693878;23,693878
model_4098;36,445739;12,275510;12,275510
model_4099;37,398681;13,265306;13,265306
model_41;22,691589;9,346939;9,346939
model_410;49,505736;185,765306;100,000000
model_4100;38,519705;16,479592;16,479592
model_4101;38,519705;16,479592;16,479592
model_4102;32,951379;12,683673;12,683673
model_4103;37,130232;15,081633;15,081633
model_4104;37,130232;15,081633;15,081633
model_4105;55,824731;31,959184;31,959184
model_4106;30,776598;12,214286;12,214286
model_4107;33,235473;7,816327;7,816327
model_4108;26,112344;17,765306;17,765306
model_4109;27,855750;24,734694;24,734694
model_411;49,505736;185,765306;100,000000
model_4110;25,776624;12,377551;12,377551
model_4111;35,269475;27,316327;27,316327
model_4112;19,263911;7,836735;7,836735
model_4113;27,395060;24,336735;24,336735
model_4114;27,598555;25,051020;25,051020
model_4115;25,981970;24,826531;24,826531
model_4116;28,847723;33,224490;33,224490
model_4117;18,993587;7,520408;7,520408
model_4118;16,580245;4,357143;4,357143
model_4119;24,957058;22,520408;22,520408
model_412;63,316937;265,775510;100,000000
model_4120;24,920295;16,744898;16,744898
model_4121;25,987354;21,081633;21,081633
model_4122;30,166809;26,683673;26,683673
model_4123;29,353090;28,377551;28,377551
model_4124;29,808433;30,806122;30,806122
model_4125;12,164218;1,357143;1,357143
model_4126;28,857040;13,500000;13,500000
model_4127;26,515551;11,102041;11,102041
model_4128;24,148989;8,653061;8,653061
model_4129;29,532844;22,030612;22,030612
model_413;63,316937;265,775510;100,000000
model_4130;30,046849;24,693878;24,693878
model_4131;26,623367;11,561224;11,561224
model_4132;37,936205;47,479592;47,479592
model_4133;25,989950;15,744898;15,744898
model_4134;23,945219;13,857143;13,857143
model_4135;16,946004;6,469388;6,469388
model_4136;26,216110;13,561224;13,561224
model_4137;24,168898;13,948980;13,948980
model_4138;23,648346;7,938776;7,938776
model_4139;24,503613;8,806122;8,806122
model_414;63,316937;265,775510;100,000000
model_4140;24,503613;8,806122;8,806122
model_4141;28,427394;19,030612;19,030612
model_4142;24,503613;8,806122;8,806122
model_4143;32,309218;17,387755;17,387755
model_4144;31,952055;17,214286;17,214286
model_4145;31,952055;17,214286;17,214286
model_4146;31,952055;17,214286;17,214286
model_4147;29,509742;13,275510;13,275510
model_4148;12,164218;1,357143;1,357143
model_4149;17,628323;3,653061;3,653061
model_415;63,316937;265,775510;100,000000
model_4150;17,663287;4,061224;4,061224
model_4151;17,663287;4,061224;4,061224
model_4152;12,164218;1,357143;1,357143
model_4153;12,164218;1,357143;1,357143
model_4154;12,164218;1,357143;1,357143
model_4155;12,164218;1,357143;1,357143
model_4156;12,164218;1,357143;1,357143
model_4157;12,164218;1,357143;1,357143
model_4158;12,164218;1,357143;1,357143
model_4159;12,164218;1,357143;1,357143
model_416;63,316937;265,775510;100,000000
model_4160;12,164218;1,357143;1,357143
model_4161;12,164218;1,357143;1,357143
model_4162;12,164218;1,357143;1,357143
model_4163;12,164218;1,357143;1,357143
model_4164;12,223988;1,765306;1,765306
model_4165;12,223988;1,765306;1,765306
model_4166;12,164218;1,357143;1,357143
model_4167;12,164218;1,357143;1,357143
model_4168;12,164218;1,357143;1,357143
model_4169;12,164218;1,357143;1,357143
model_417;54,635340;236,632653;100,000000
model_4170;12,164218;1,357143;1,357143
model_4171;12,164218;1,357143;1,357143
model_4172;12,164218;1,357143;1,357143
model_4173;12,223988;1,765306;1,765306
model_4174;12,164218;1,357143;1,357143
model_4175;12,164218;1,357143;1,357143
model_4176;12,164218;1,357143;1,357143
model_4177;12,164218;1,357143;1,357143
model_4178;12,164218;1,357143;1,357143
model_4179;12,164218;1,357143;1,357143
model_418;54,635340;236,632653;100,000000
model_4180;12,164218;1,357143;1,357143
model_4181;12,164218;1,357143;1,357143
model_4182;12,164218;1,357143;1,357143
model_4183;12,164218;1,357143;1,357143
model_4184;12,164218;1,357143;1,357143
model_4185;12,164218;1,357143;1,357143
model_4186;12,223988;1,765306;1,765306
model_4187;12,164218;1,357143;1,357143
model_4188;12,164218;1,357143;1,357143
model_4189;12,164218;1,357143;1,357143
model_419;54,635340;236,632653;100,000000
model_4190;12,164218;1,357143;1,357143
model_4191;12,164218;1,357143;1,357143
model_4192;12,164218;1,357143;1,357143
model_4193;12,164218;1,357143;1,357143
model_4194;12,981454;2,306122;2,306122
model_4195;19,882960;1,887755;1,887755
model_4196;12,164218;1,357143;1,357143
model_4197;12,164218;1,357143;1,357143
model_4198;12,574990;2,408163;2,408163
model_4199;7,349827;1,000000;1,000000
model_42;45,907250;20,602041;20,602041
model_420;54,635340;236,632653;100,000000
model_4200;13,667140;2,357143;2,357143
model_4201;15,275595;3,306122;3,306122
model_4202;13,667140;2,357143;2,357143
model_4203;16,836970;3,938776;3,938776
model_4204;16,836970;3,938776;3,938776
model_4205;19,606301;4,244898;4,244898
model_4206;10,720584;2,591837;2,591837
model_4207;17,110161;5,061224;5,061224
model_4208;15,649278;6,714286;6,714286
model_4209;23,302253;13,408163;13,408163
model_421;54,875069;238,091837;100,000000
model_4210;7,817981;1,183673;1,183673
model_4211;17,628323;3,653061;3,653061
model_4212;12,989970;5,357143;5,357143
model_4213;14,381965;6,418367;6,418367
model_4214;20,170523;3,887755;3,887755
model_4215;12,126026;2,357143;2,357143
model_4216;12,126026;2,357143;2,357143
model_4217;12,126026;2,357143;2,357143
model_4218;7,092491;1,642857;1,642857
model_4219;10,720584;2,591837;2,591837
model_422;54,875069;238,091837;100,000000
model_4220;15,572812;4,061224;4,061224
model_4221;12,410901;4,346939;4,346939
model_4222;12,410901;4,346939;4,346939
model_4223;19,480478;5,122449;5,122449
model_4224;13,363954;4,285714;4,285714
model_4225;13,363954;4,285714;4,285714
model_4226;21,129143;6,224490;6,224490
model_4227;15,503470;5,642857;5,642857
model_4228;47,329927;20,846939;20,846939
model_4229;47,885044;22,663265;22,663265
model_423;54,875069;238,091837;100,000000
model_4230;16,595511;4,408163;4,408163
model_4231;13,816222;4,530612;4,530612
model_4232;19,072616;6,183673;6,183673
model_4233;18,657229;6,418367;6,418367
model_4234;13,831047;2,826531;2,826531
model_4235;10,577919;2,295918;2,295918
model_4236;18,463740;5,295918;5,295918
model_4237;19,881246;4,234694;4,234694
model_4238;21,641262;3,408163;3,408163
model_4239;20,199526;5,530612;5,530612
model_424;54,875069;238,091837;100,000000
model_4240;20,199526;5,530612;5,530612
model_4241;20,199526;5,530612;5,530612
model_4242;14,225070;5,173469;5,173469
model_4243;15,367187;1,530612;1,530612
model_4244;15,367187;1,530612;1,530612
model_4245;19,093005;1,530612;1,530612
model_4246;19,093005;1,530612;1,530612
model_4247;10,841175;2,061224;2,061224
model_4248;40,243003;24,653061;24,653061
model_4249;18,919844;5,112245;5,112245
model_425;55,873970;239,030612;100,000000
model_4250;18,919844;5,112245;5,112245
model_4251;7,730713;1,826531;1,826531
model_4252;7,730713;1,826531;1,826531
model_4253;11,461610;2,051020;2,051020
model_4254;8,681278;2,061224;2,061224
model_4255;11,489329;2,714286;2,714286
model_4256;33,504566;14,928571;14,928571
model_4257;28,661658;13,285714;13,285714
model_4258;14,668790;5,826531;5,826531
model_4259;14,668790;5,826531;5,826531
model_426;55,873970;239,030612;100,000000
model_4260;9,036806;2,295918;2,295918
model_4261;26,734989;10,020408;10,020408
model_4262;31,703602;6,826531;6,826531
model_4263;31,512197;5,877551;5,877551
model_4264;30,522891;5,469388;5,469388
model_4265;30,522891;5,469388;5,469388
model_4266;30,522891;5,469388;5,469388
model_4267;30,522891;5,469388;5,469388
model_4268;31,162918;6,285714;6,285714
model_4269;31,632553;5,938776;5,938776
model_427;55,873970;239,030612;100,000000
model_4270;29,768569;5,877551;5,877551
model_4271;35,195477;7,459184;7,459184
model_4272;36,772203;8,346939;8,346939
model_4273;48,298309;17,846939;17,846939
model_4274;48,298309;17,846939;17,846939
model_4275;38,679168;8,163265;8,163265
model_4276;30,522891;5,469388;5,469388
model_4277;36,145220;7,938776;7,938776
model_4278;19,242554;4,765306;4,765306
model_4279;19,889166;4,765306;4,765306
model_428;55,873970;239,030612;100,000000
model_4280;20,762500;4,765306;4,765306
model_4281;37,180295;8,918367;8,918367
model_4282;14,632102;2,295918;2,295918
model_4283;7,730713;1,826531;1,826531
model_4284;50,086595;30,928571;30,928571
model_4285;50,086595;30,928571;30,928571
model_4286;51,126379;33,275510;33,275510
model_4287;45,404447;20,846939;20,846939
model_4288;45,404447;20,846939;20,846939
model_4289;54,714808;33,040816;33,040816
model_429;46,151488;218,010204;100,000000
model_4290;48,938742;16,367347;16,367347
model_4291;31,808985;8,632653;8,632653
model_4292;23,706060;8,540816;8,540816
model_4293;21,305158;5,948980;5,948980
model_4294;14,893535;0,000000;0,000000
model_4295;14,893535;0,000000;0,000000
model_4296;45,008915;16,489796;16,489796
model_4297;45,008915;16,489796;16,489796
model_4298;35,451084;17,479592;17,479592
model_4299;36,593827;19,653061;19,653061
model_43;18,726484;8,091837;8,091837
model_430;44,601951;218,010204;100,000000
model_4300;41,138121;28,030612;28,030612
model_4301;41,656316;28,438776;28,438776
model_4302;41,656316;28,438776;28,438776
model_4303;41,656316;28,438776;28,438776
model_4304;41,656316;28,438776;28,438776
model_4305;43,429858;33,500000;33,500000
model_4306;8,418022;2,295918;2,295918
model_4307;11,163375;1,826531;1,826531
model_4308;11,163375;1,826531;1,826531
model_4309;11,163375;1,826531;1,826531
model_431;44,601951;218,010204;100,000000
model_4310;24,220838;15,581633;15,581633
model_4311;15,694263;7,061224;7,061224
model_4312;15,601076;7,295918;7,295918
model_4313;19,899632;7,642857;7,642857
model_4314;23,948536;5,357143;5,357143
model_4315;65,876857;97,183673;97,183673
model_4316;31,430218;11,693878;11,693878
model_4317;14,893535;0,000000;0,000000
model_4318;14,893535;0,000000;0,000000
model_4319;14,893535;0,000000;0,000000
model_432;44,601951;218,010204;100,000000
model_4320;14,662438;3,938776;3,938776
model_4321;14,662438;3,938776;3,938776
model_4322;19,946309;6,295918;6,295918
model_4323;19,946309;6,295918;6,295918
model_4324;23,339578;5,887755;5,887755
model_4325;33,884766;11,510204;11,510204
model_4326;39,053969;9,877551;9,877551
model_4327;33,274441;20,571429;20,571429
model_4328;68,357312;102,061224;100,000000
model_4329;68,357312;102,061224;100,000000
model_433;44,601951;218,010204;100,000000
model_4330;60,911267;99,000000;99,000000
model_4331;52,547758;52,010204;52,010204
model_4332;52,547758;52,010204;52,010204
model_4333;52,729508;52,010204;52,010204
model_4334;61,836600;87,612245;87,612245
model_4335;61,836600;87,612245;87,612245
model_4336;55,117769;27,714286;27,714286
model_4337;8,638587;3,173469;3,173469
model_4338;26,689985;7,877551;7,877551
model_4339;34,787806;52,785714;52,785714
model_434;44,601951;218,010204;100,000000
model_4340;37,387033;47,285714;47,285714
model_4341;65,769631;75,989796;75,989796
model_4342;65,769631;75,989796;75,989796
model_4343;39,950929;18,500000;18,500000
model_4344;60,990864;52,704082;52,704082
model_4345;61,866538;55,877551;55,877551
model_4346;35,537023;11,602041;11,602041
model_4347;29,713501;7,653061;7,653061
model_4348;35,810421;8,357143;8,357143
model_4349;39,357200;30,397959;30,397959
model_435;44,601951;218,010204;100,000000
model_4350;51,162089;129,734694;100,000000
model_4351;50,254373;111,367347;100,000000
model_4352;51,278272;131,591837;100,000000
model_4353;57,602188;89,255102;89,255102
model_4354;57,602188;89,255102;89,255102
model_4355;44,212656;21,632653;21,632653
model_4356;41,332259;35,846939;35,846939
model_4357;36,881525;27,622449;27,622449
model_4358;35,513618;14,989796;14,989796
model_4359;75,111877;151,887755;100,000000
model_436;44,601951;218,010204;100,000000
model_4360;40,864024;17,459184;17,459184
model_4361;48,776769;45,326531;45,326531
model_4362;31,153552;12,948980;12,948980
model_4363;57,758798;40,867347;40,867347
model_4364;57,283385;40,867347;40,867347
model_4365;41,245245;12,714286;12,714286
model_4366;34,208874;25,020408;25,020408
model_4367;41,090690;23,632653;23,632653
model_4368;48,230304;23,632653;23,632653
model_4369;31,985165;33,408163;33,408163
model_437;44,601951;218,010204;100,000000
model_4370;51,997768;15,489796;15,489796
model_4371;83,557529;504,500000;100,000000
model_4372;35,294525;24,020408;24,020408
model_4373;33,591882;11,306122;11,306122
model_4374;48,317636;38,030612;38,030612
model_4375;44,106673;14,969388;14,969388
model_4376;9,002225;0,591837;0,591837
model_4377;47,705605;44,081633;44,081633
model_4378;33,656082;21,693878;21,693878
model_4379;38,563172;35,367347;35,367347
model_438;44,601951;218,010204;100,000000
model_4380;35,195863;11,102041;11,102041
model_4381;39,203152;81,642857;81,642857
model_4382;61,671483;98,265306;98,265306
model_4383;32,104894;31,530612;31,530612
model_4384;44,074346;24,714286;24,714286
model_4385;47,251580;36,704082;36,704082
model_4386;48,821011;36,938776;36,938776
model_4387;70,193653;69,581633;69,581633
model_4388;70,193653;69,581633;69,581633
model_4389;70,193653;69,581633;69,581633
model_439;44,601951;218,010204;100,000000
model_4390;70,193653;69,581633;69,581633
model_4391;70,193653;69,581633;69,581633
model_4392;69,984784;69,581633;69,581633
model_4393;69,984784;69,581633;69,581633
model_4394;69,685046;70,408163;70,408163
model_4395;69,685046;70,408163;70,408163
model_4396;60,282006;27,173469;27,173469
model_4397;60,282006;27,173469;27,173469
model_4398;71,297046;100,010204;100,000000
model_4399;71,297046;100,010204;100,000000
model_44;25,781031;10,214286;10,214286
model_440;57,936365;265,775510;100,000000
model_4400;60,309506;54,561224;54,561224
model_4401;40,671392;39,112245;39,112245
model_4402;40,671392;39,112245;39,112245
model_4403;41,820180;14,265306;14,265306
model_4404;55,784845;43,806122;43,806122
model_4405;52,364872;42,346939;42,346939
model_4406;66,151814;85,806122;85,806122
model_4407;61,788083;68,765306;68,765306
model_4408;61,715135;68,408163;68,408163
model_4409;62,159635;70,051020;70,051020
model_441;57,936365;265,775510;100,000000
model_4410;62,252823;69,816327;69,816327
model_4411;63,960661;60,887755;60,887755
model_4412;56,086476;48,938776;48,938776
model_4413;49,672056;26,938776;26,938776
model_4414;38,316978;12,295918;12,295918
model_4415;44,982930;23,979592;23,979592
model_4416;45,098416;33,846939;33,846939
model_4417;40,573381;23,540816;23,540816
model_4418;41,945273;50,295918;50,295918
model_4419;41,945273;50,295918;50,295918
model_442;57,936365;265,775510;100,000000
model_4420;50,273959;20,142857;20,142857
model_4421;46,592914;20,510204;20,510204
model_4422;37,530923;14,122449;14,122449
model_4423;34,331096;7,418367;7,418367
model_4424;31,203440;7,418367;7,418367
model_4425;50,686368;42,846939;42,846939
model_4426;55,559025;42,622449;42,622449
model_4427;57,867862;52,020408;52,020408
model_4428;30,435780;20,306122;20,306122
model_4429;39,038098;53,693878;53,693878
model_443;57,936365;265,775510;100,000000
model_4430;41,726520;45,193878;45,193878
model_4431;44,255390;20,306122;20,306122
model_4432;26,690019;13,836735;13,836735
model_4433;19,437370;7,010204;7,010204
model_4434;19,437370;7,010204;7,010204
model_4435;35,397529;9,826531;9,826531
model_4436;28,046495;6,775510;6,775510
model_4437;52,034780;33,367347;33,367347
model_4438;52,034780;33,367347;33,367347
model_4439;52,034780;33,367347;33,367347
model_444;57,936365;265,775510;100,000000
model_4440;47,785113;40,928571;40,928571
model_4441;51,100454;40,979592;40,979592
model_4442;23,591610;10,755102;10,755102
model_4443;30,909867;29,224490;29,224490
model_4444;29,288810;19,724490;19,724490
model_4445;41,700986;17,908163;17,908163
model_4446;44,777701;25,520408;25,520408
model_4447;41,034582;73,234694;73,234694
model_4448;29,816428;26,173469;26,173469
model_4449;17,219415;4,112245;4,112245
model_445;57,258758;305,183673;100,000000
model_4450;16,799410;6,479592;6,479592
model_4451;15,559216;5,714286;5,714286
model_4452;56,746067;43,469388;43,469388
model_4453;52,591169;40,775510;40,775510
model_4454;35,103908;56,469388;56,469388
model_4455;32,526368;36,948980;36,948980
model_4456;27,987026;10,938776;10,938776
model_4457;36,278382;13,642857;13,642857
model_4458;43,447688;22,418367;22,418367
model_4459;32,335532;22,653061;22,653061
model_446;57,258758;305,183673;100,000000
model_4460;40,675142;15,214286;15,214286
model_4461;41,458228;16,683673;16,683673
model_4462;40,724913;20,653061;20,653061
model_4463;38,935812;16,357143;16,357143
model_4464;40,989303;32,755102;32,755102
model_4465;40,989303;32,755102;32,755102
model_4466;31,666792;21,244898;21,244898
model_4467;42,618064;21,948980;21,948980
model_4468;21,203114;9,602041;9,602041
model_4469;41,632416;30,806122;30,806122
model_447;57,258758;305,183673;100,000000
model_4470;41,999955;31,214286;31,214286
model_4471;42,167199;24,510204;24,510204
model_4472;45,729764;32,642857;32,642857
model_4473;45,729764;32,642857;32,642857
model_4474;45,729764;32,642857;32,642857
model_4475;45,729764;32,642857;32,642857
model_4476;45,432617;31,214286;31,214286
model_4477;44,074308;36,469388;36,469388
model_4478;42,282801;41,448980;41,448980
model_4479;42,282801;41,448980;41,448980
model_448;57,258758;305,183673;100,000000
model_4480;42,282801;41,448980;41,448980
model_4481;42,282801;41,448980;41,448980
model_4482;43,359578;30,857143;30,857143
model_4483;30,952540;29,897959;29,897959
model_4484;36,237861;19,867347;19,867347
model_4485;40,066141;20,877551;20,877551
model_4486;22,093042;4,714286;4,714286
model_4487;37,246809;14,918367;14,918367
model_4488;39,450145;16,265306;16,265306
model_4489;42,868319;29,714286;29,714286
model_449;57,258758;305,183673;100,000000
model_4490;38,323784;20,357143;20,357143
model_4491;36,690273;9,397959;9,397959
model_4492;32,149295;14,479592;14,479592
model_4493;42,499119;20,561224;20,561224
model_4494;26,485311;10,051020;10,051020
model_4495;31,225933;14,673469;14,673469
model_4496;30,353300;10,224490;10,224490
model_4497;30,353300;10,224490;10,224490
model_4498;27,243693;11,520408;11,520408
model_4499;55,717867;57,367347;57,367347
model_45;30,515395;13,510204;13,510204
model_450;77,471597;417,326531;100,000000
model_4500;43,064255;56,693878;56,693878
model_4501;43,064255;56,693878;56,693878
model_4502;15,521982;4,704082;4,704082
model_4503;57,063035;37,795918;37,795918
model_4504;57,063035;37,795918;37,795918
model_4505;46,668008;37,795918;37,795918
model_4506;32,405783;28,714286;28,714286
model_4507;38,225930;15,653061;15,653061
model_4508;29,182767;9,234694;9,234694
model_4509;30,120908;18,928571;18,928571
model_451;77,471597;417,326531;100,000000
model_4510;30,120908;18,928571;18,928571
model_4511;43,043345;20,765306;20,765306
model_4512;40,863888;29,877551;29,877551
model_4513;37,881430;13,816327;13,816327
model_4514;57,256873;56,020408;56,020408
model_4515;57,256873;56,020408;56,020408
model_4516;40,294645;18,051020;18,051020
model_4517;35,402363;33,153061;33,153061
model_4518;37,586563;8,826531;8,826531
model_4519;38,818922;8,061224;8,061224
model_452;77,436911;417,561224;100,000000
model_4520;19,759142;8,295918;8,295918
model_4521;36,662061;47,244898;47,244898
model_4522;34,718532;5,663265;5,663265
model_4523;12,618875;6,173469;6,173469
model_4524;16,501365;6,408163;6,408163
model_4525;41,448654;20,255102;20,255102
model_4526;46,715391;59,163265;59,163265
model_4527;22,279836;17,020408;17,020408
model_4528;22,950963;12,244898;12,244898
model_4529;44,773264;33,326531;33,326531
model_453;77,436911;417,561224;100,000000
model_4530;44,559039;33,326531;33,326531
model_4531;40,687859;23,489796;23,489796
model_4532;40,708575;33,836735;33,836735
model_4533;33,764237;24,122449;24,122449
model_4534;43,185540;14,234694;14,234694
model_4535;33,754479;16,744898;16,744898
model_4536;29,494691;11,989796;11,989796
model_4537;29,494691;11,989796;11,989796
model_4538;26,037877;11,959184;11,959184
model_4539;41,647357;20,285714;20,285714
model_454;85,435307;403,500000;100,000000
model_4540;34,557306;24,071429;24,071429
model_4541;34,557306;24,071429;24,071429
model_4542;43,051038;45,163265;45,163265
model_4543;48,019799;45,163265;45,163265
model_4544;48,019799;45,163265;45,163265
model_4545;48,714795;43,234694;43,234694
model_4546;48,714795;43,234694;43,234694
model_4547;46,516493;31,510204;31,510204
model_4548;36,402917;29,704082;29,704082
model_4549;32,068443;13,112245;13,112245
model_455;84,266555;455,948980;100,000000
model_4550;40,329298;25,306122;25,306122
model_4551;40,329298;25,306122;25,306122
model_4552;33,328580;12,653061;12,653061
model_4553;23,235339;4,887755;4,887755
model_4554;13,950588;4,051020;4,051020
model_4555;15,063967;4,765306;4,765306
model_4556;16,464450;9,183673;9,183673
model_4557;31,538181;14,132653;14,132653
model_4558;27,050272;11,122449;11,122449
model_4559;26,432027;12,479592;12,479592
model_456;84,266555;455,948980;100,000000
model_4560;29,559682;12,479592;12,479592
model_4561;27,216747;13,367347;13,367347
model_4562;35,965384;19,867347;19,867347
model_4563;34,330372;21,428571;21,428571
model_4564;37,604982;21,520408;21,520408
model_4565;33,963026;18,367347;18,367347
model_4566;60,625043;38,448980;38,448980
model_4567;42,359117;16,020408;16,020408
model_4568;31,017020;12,520408;12,520408
model_4569;54,985205;39,704082;39,704082
model_457;77,923215;398,244898;100,000000
model_4570;39,701929;78,928571;78,928571
model_4571;50,331784;79,693878;79,693878
model_4572;39,701929;78,928571;78,928571
model_4573;39,701929;78,928571;78,928571
model_4574;64,082131;149,734694;100,000000
model_4575;33,845820;39,244898;39,244898
model_4576;37,834914;57,336735;57,336735
model_4577;37,834914;57,336735;57,336735
model_4578;52,664277;127,979592;100,000000
model_4579;34,813617;42,183673;42,183673
model_458;43,403706;100,204082;100,000000
model_4580;23,638983;8,602041;8,602041
model_4581;30,062078;55,061224;55,061224
model_4582;28,616457;35,969388;35,969388
model_4583;24,208091;7,540816;7,540816
model_4584;38,067569;33,642857;33,642857
model_4585;48,424433;34,663265;34,663265
model_4586;65,469427;88,989796;88,989796
model_4587;48,650963;48,061224;48,061224
model_4588;49,312570;32,785714;32,785714
model_4589;50,166606;35,295918;35,295918
model_459;39,111793;70,255102;70,255102
model_4590;32,494025;22,306122;22,306122
model_4591;32,494025;22,306122;22,306122
model_4592;34,549183;17,336735;17,336735
model_4593;31,682778;13,020408;13,020408
model_4594;31,682778;13,020408;13,020408
model_4595;22,134257;8,408163;8,408163
model_4596;32,817374;13,806122;13,806122
model_4597;35,841883;17,867347;17,867347
model_4598;45,038721;43,693878;43,693878
model_4599;50,945917;29,785714;29,785714
model_46;19,280813;6,693878;6,693878
model_460;42,839847;70,612245;70,612245
model_4600;38,073925;14,112245;14,112245
model_4601;47,975876;29,785714;29,785714
model_4602;40,957244;25,357143;25,357143
model_4603;55,173647;83,173469;83,173469
model_4604;52,761816;82,938776;82,938776
model_4605;66,841202;100,908163;100,000000
model_4606;66,841202;100,908163;100,000000
model_4607;68,587906;110,622449;100,000000
model_4608;63,741161;92,397959;92,397959
model_4609;63,741161;92,397959;92,397959
model_461;74,786748;208,806122;100,000000
model_4610;63,741161;92,397959;92,397959
model_4611;78,975028;233,010204;100,000000
model_4612;79,220813;208,928571;100,000000
model_4613;78,980263;211,632653;100,000000
model_4614;79,383344;208,234694;100,000000
model_4615;79,365634;207,112245;100,000000
model_4616;79,375243;208,887755;100,000000
model_4617;55,552213;66,479592;66,479592
model_4618;32,046600;20,622449;20,622449
model_4619;43,583967;37,163265;37,163265
model_462;73,176750;188,551020;100,000000
model_4620;46,145180;60,061224;60,061224
model_4621;63,741161;92,397959;92,397959
model_4622;64,353304;95,561224;95,561224
model_4623;64,353304;95,561224;95,561224
model_4624;56,331397;48,224490;48,224490
model_4625;54,519832;46,602041;46,602041
model_4626;54,087603;45,367347;45,367347
model_4627;53,072379;41,142857;41,142857
model_4628;53,072379;41,142857;41,142857
model_4629;53,546344;42,551020;42,551020
model_463;73,176750;188,551020;100,000000
model_4630;54,852014;97,163265;97,163265
model_4631;54,852014;97,163265;97,163265
model_4632;54,621975;92,857143;92,857143
model_4633;52,537486;89,806122;89,806122
model_4634;51,264724;89,448980;89,448980
model_4635;51,362497;90,214286;90,214286
model_4636;44,108840;40,010204;40,010204
model_4637;38,957339;20,255102;20,255102
model_4638;37,585031;19,255102;19,255102
model_4639;72,026348;99,938776;99,938776
model_464;74,786748;208,806122;100,000000
model_4640;72,064545;101,469388;100,000000
model_4641;72,064545;101,469388;100,000000
model_4642;72,064545;101,469388;100,000000
model_4643;71,991947;101,234694;100,000000
model_4644;70,862235;83,265306;83,265306
model_4645;31,004904;18,408163;18,408163
model_4646;72,006981;99,173469;99,173469
model_4647;29,256674;15,704082;15,704082
model_4648;29,256674;15,704082;15,704082
model_4649;49,027129;26,602041;26,602041
model_465;74,889256;209,928571;100,000000
model_4650;25,049119;8,520408;8,520408
model_4651;25,049119;8,520408;8,520408
model_4652;35,942025;14,102041;14,102041
model_4653;30,262093;12,622449;12,622449
model_4654;43,874669;18,928571;18,928571
model_4655;43,874669;18,928571;18,928571
model_4656;37,743351;15,755102;15,755102
model_4657;37,743351;15,755102;15,755102
model_4658;37,743351;15,755102;15,755102
model_4659;36,234050;19,265306;19,265306
model_466;74,992090;211,867347;100,000000
model_4660;35,467707;18,326531;18,326531
model_4661;35,467707;18,326531;18,326531
model_4662;35,467707;18,326531;18,326531
model_4663;35,467707;18,326531;18,326531
model_4664;35,467707;18,326531;18,326531
model_4665;35,775007;8,010204;8,010204
model_4666;34,814721;6,836735;6,836735
model_4667;34,814721;6,836735;6,836735
model_4668;19,952874;3,295918;3,295918
model_4669;43,476969;49,938776;49,938776
model_467;74,992090;211,867347;100,000000
model_4670;43,476969;49,938776;49,938776
model_4671;43,476969;49,938776;49,938776
model_4672;44,151066;28,255102;28,255102
model_4673;44,151066;28,255102;28,255102
model_4674;53,938033;58,397959;58,397959
model_4675;58,667981;58,632653;58,632653
model_4676;58,667981;58,632653;58,632653
model_4677;58,667981;58,632653;58,632653
model_4678;58,667981;58,632653;58,632653
model_4679;58,667981;58,632653;58,632653
model_468;40,290642;59,540816;59,540816
model_4680;50,909821;41,479592;41,479592
model_4681;38,967082;18,051020;18,051020
model_4682;38,967082;18,051020;18,051020
model_4683;41,904640;22,214286;22,214286
model_4684;65,170834;57,346939;57,346939
model_4685;30,856383;13,653061;13,653061
model_4686;30,856383;13,653061;13,653061
model_4687;48,627328;27,010204;27,010204
model_4688;30,432751;14,469388;14,469388
model_4689;27,454678;10,071429;10,071429
model_469;41,407712;59,948980;59,948980
model_4690;19,117653;7,571429;7,571429
model_4691;21,790649;5,112245;5,112245
model_4692;21,790649;5,112245;5,112245
model_4693;21,790649;5,112245;5,112245
model_4694;21,790649;5,112245;5,112245
model_4695;21,790649;5,112245;5,112245
model_4696;21,790649;5,112245;5,112245
model_4697;10,406934;2,408163;2,408163
model_4698;29,662146;6,755102;6,755102
model_4699;19,603996;7,397959;7,397959
model_47;28,023485;11,704082;11,704082
model_470;41,407712;59,948980;59,948980
model_4700;15,280880;2,642857;2,642857
model_4701;34,001455;52,265306;52,265306
model_4702;34,870289;44,938776;44,938776
model_4703;46,013906;34,448980;34,448980
model_4704;45,783957;32,153061;32,153061
model_4705;45,783957;32,153061;32,153061
model_4706;45,783957;32,153061;32,153061
model_4707;73,955467;185,561224;100,000000
model_4708;73,955467;185,561224;100,000000
model_4709;35,080117;15,030612;15,030612
model_471;40,325606;59,948980;59,948980
model_4710;49,628015;49,918367;49,918367
model_4711;49,628015;49,918367;49,918367
model_4712;49,628015;49,918367;49,918367
model_4713;76,787368;137,489796;100,000000
model_4714;39,823846;26,020408;26,020408
model_4715;44,842806;25,081633;25,081633
model_4716;44,842806;25,081633;25,081633
model_4717;35,018708;17,887755;17,887755
model_4718;37,323682;17,887755;17,887755
model_4719;39,035851;17,887755;17,887755
model_472;40,312630;59,418367;59,418367
model_4720;33,027305;24,479592;24,479592
model_4721;33,027305;24,479592;24,479592
model_4722;36,124773;23,418367;23,418367
model_4723;33,850288;24,071429;24,071429
model_4724;41,027051;43,224490;43,224490
model_4725;73,770678;163,357143;100,000000
model_4726;75,031166;172,642857;100,000000
model_4727;34,340008;17,448980;17,448980
model_4728;34,340008;17,448980;17,448980
model_4729;47,508987;61,744898;61,744898
model_473;38,238310;61,071429;61,071429
model_4730;54,579282;82,979592;82,979592
model_4731;42,701360;23,612245;23,612245
model_4732;52,866947;37,091837;37,091837
model_4733;41,160775;20,459184;20,459184
model_4734;47,784517;30,571429;30,571429
model_4735;28,541743;12,530612;12,530612
model_4736;28,541743;12,530612;12,530612
model_4737;35,827544;14,530612;14,530612
model_4738;36,174698;13,653061;13,653061
model_4739;36,174698;13,653061;13,653061
model_474;15,553280;4,448980;4,448980
model_4740;36,174698;13,653061;13,653061
model_4741;36,174698;13,653061;13,653061
model_4742;33,047043;13,653061;13,653061
model_4743;34,876604;13,653061;13,653061
model_4744;48,268279;33,316327;33,316327
model_4745;21,799619;6,000000;6,000000
model_4746;21,799619;6,000000;6,000000
model_4747;28,857104;13,122449;13,122449
model_4748;41,160775;20,459184;20,459184
model_4749;45,163602;18,112245;18,112245
model_475;15,553280;4,448980;4,448980
model_4750;32,937630;9,877551;9,877551
model_4751;17,528974;4,122449;4,122449
model_4752;18,778142;4,000000;4,000000
model_4753;22,072763;11,061224;11,061224
model_4754;38,263303;18,051020;18,051020
model_4755;41,557396;19,530612;19,530612
model_4756;41,557396;19,530612;19,530612
model_4757;41,557396;19,530612;19,530612
model_4758;41,557396;19,530612;19,530612
model_4759;42,676769;20,887755;20,887755
model_476;15,553280;4,448980;4,448980
model_4760;55,364102;58,153061;58,153061
model_4761;40,864700;18,765306;18,765306
model_4762;39,317383;16,530612;16,530612
model_4763;27,115735;9,357143;9,357143
model_4764;31,945569;9,408163;9,408163
model_4765;48,639450;34,244898;34,244898
model_4766;33,328645;12,163265;12,163265
model_4767;19,633084;15,775510;15,775510
model_4768;33,315876;32,132653;32,132653
model_4769;34,857828;26,357143;26,357143
model_477;15,553280;4,448980;4,448980
model_4770;34,857828;26,357143;26,357143
model_4771;33,969305;23,265306;23,265306
model_4772;46,534713;43,377551;43,377551
model_4773;24,296844;11,704082;11,704082
model_4774;39,766855;26,397959;26,397959
model_4775;41,389283;35,887755;35,887755
model_4776;48,956782;110,061224;100,000000
model_4777;43,393107;28,265306;28,265306
model_4778;43,195355;28,030612;28,030612
model_4779;47,349878;35,500000;35,500000
model_478;15,553280;4,448980;4,448980
model_4780;43,622452;29,377551;29,377551
model_4781;38,457857;22,744898;22,744898
model_4782;43,849730;25,867347;25,867347
model_4783;41,231377;22,755102;22,755102
model_4784;43,497058;26,581633;26,581633
model_4785;42,012428;21,336735;21,336735
model_4786;36,708777;15,928571;15,928571
model_4787;32,341518;10,693878;10,693878
model_4788;40,817770;33,489796;33,489796
model_4789;61,107066;68,255102;68,255102
model_479;15,553280;4,448980;4,448980
model_4790;59,692463;64,428571;64,428571
model_4791;59,692463;64,428571;64,428571
model_4792;32,341518;10,693878;10,693878
model_4793;49,730938;41,887755;41,887755
model_4794;43,912232;55,887755;55,887755
model_4795;39,152836;37,000000;37,000000
model_4796;39,152836;37,000000;37,000000
model_4797;45,822735;25,979592;25,979592
model_4798;30,131869;11,367347;11,367347
model_4799;24,049684;7,163265;7,163265
model_48;75,748324;193,469388;100,000000
model_480;15,553280;4,448980;4,448980
model_4800;39,509193;12,336735;12,336735
model_4801;39,334688;12,102041;12,102041
model_4802;30,470822;9,397959;9,397959
model_4803;28,196547;23,142857;23,142857
model_4804;19,648444;6,938776;6,938776
model_4805;19,648444;6,938776;6,938776
model_4806;37,793787;20,091837;20,091837
model_4807;48,000323;24,000000;24,000000
model_4808;48,000323;24,000000;24,000000
model_4809;48,037731;24,061224;24,061224
model_481;15,553280;4,448980;4,448980
model_4810;18,890422;4,295918;4,295918
model_4811;78,574891;366,387755;100,000000
model_4812;54,611274;71,142857;71,142857
model_4813;27,150937;8,693878;8,693878
model_4814;67,086995;116,816327;100,000000
model_4815;67,086995;116,816327;100,000000
model_4816;65,534639;111,765306;100,000000
model_4817;65,534639;111,765306;100,000000
model_4818;72,192698;167,744898;100,000000
model_4819;63,434778;75,693878;75,693878
model_482;15,553280;4,448980;4,448980
model_4820;49,203676;80,030612;80,030612
model_4821;49,203676;80,030612;80,030612
model_4822;34,683790;18,081633;18,081633
model_4823;24,290365;8,173469;8,173469
model_4824;71,201608;160,755102;100,000000
model_4825;71,192578;159,102041;100,000000
model_4826;71,192578;159,102041;100,000000
model_4827;71,172818;159,744898;100,000000
model_4828;71,172818;159,744898;100,000000
model_4829;71,192578;159,102041;100,000000
model_483;15,553280;4,448980;4,448980
model_4830;71,401669;162,908163;100,000000
model_4831;40,180483;54,061224;54,061224
model_4832;40,180483;54,061224;54,061224
model_4833;48,150668;64,959184;64,959184
model_4834;48,720038;92,255102;92,255102
model_4835;76,617132;139,326531;100,000000
model_4836;74,384130;133,326531;100,000000
model_4837;74,221168;130,520408;100,000000
model_4838;74,384130;133,326531;100,000000
model_4839;74,789351;134,969388;100,000000
model_484;15,553280;4,448980;4,448980
model_4840;74,789351;134,969388;100,000000
model_4841;75,157589;138,857143;100,000000
model_4842;48,944369;28,163265;28,163265
model_4843;36,104573;18,316327;18,316327
model_4844;35,581051;16,785714;16,785714
model_4845;37,639583;23,673469;23,673469
model_4846;10,063550;1,000000;1,000000
model_4847;71,528743;63,520408;63,520408
model_4848;64,522919;61,000000;61,000000
model_4849;49,975160;98,346939;98,346939
model_485;15,553280;4,448980;4,448980
model_4850;49,975160;98,346939;98,346939
model_4851;35,418273;21,469388;21,469388
model_4852;23,338310;6,826531;6,826531
model_4853;23,338310;6,826531;6,826531
model_4854;23,338310;6,826531;6,826531
model_4855;23,338310;6,826531;6,826531
model_4856;23,338310;6,826531;6,826531
model_4857;20,789083;9,479592;9,479592
model_4858;22,072555;10,244898;10,244898
model_4859;22,468237;11,775510;11,775510
model_486;15,553280;4,448980;4,448980
model_4860;20,286315;7,948980;7,948980
model_4861;21,605219;8,714286;8,714286
model_4862;22,072555;10,244898;10,244898
model_4863;31,542697;7,408163;7,408163
model_4864;31,542697;7,408163;7,408163
model_4865;31,542697;7,408163;7,408163
model_4866;17,755553;9,867347;9,867347
model_4867;17,755553;9,867347;9,867347
model_4868;18,179543;10,867347;10,867347
model_4869;34,056647;11,122449;11,122449
model_487;16,955972;5,163265;5,163265
model_4870;34,056647;11,122449;11,122449
model_4871;52,777412;64,642857;64,642857
model_4872;26,099446;11,581633;11,581633
model_4873;53,860453;43,071429;43,071429
model_4874;53,860453;43,071429;43,071429
model_4875;53,728456;42,836735;42,836735
model_4876;53,728456;42,836735;42,836735
model_4877;52,970645;65,408163;65,408163
model_4878;51,178928;60,071429;60,071429
model_4879;51,178928;60,071429;60,071429
model_488;24,508557;6,693878;6,693878
model_4880;26,099446;11,581633;11,581633
model_4881;11,163375;1,826531;1,826531
model_4882;11,163375;1,826531;1,826531
model_4883;53,195467;43,867347;43,867347
model_4884;53,195467;43,867347;43,867347
model_4885;73,616210;132,122449;100,000000
model_4886;72,642463;108,551020;100,000000
model_4887;59,595190;61,897959;61,897959
model_4888;59,595190;61,897959;61,897959
model_4889;59,595190;61,897959;61,897959
model_489;17,151317;5,448980;5,448980
model_4890;77,769754;128,806122;100,000000
model_4891;77,900266;129,275510;100,000000
model_4892;77,900266;129,275510;100,000000
model_4893;77,900266;129,275510;100,000000
model_4894;77,769754;128,806122;100,000000
model_4895;78,284615;105,479592;100,000000
model_4896;77,923268;103,020408;100,000000
model_4897;77,923268;103,020408;100,000000
model_4898;77,974168;103,489796;100,000000
model_4899;44,621026;27,336735;27,336735
model_49;75,748324;193,469388;100,000000
model_490;15,553280;4,448980;4,448980
model_4900;43,995956;25,448980;25,448980
model_4901;70,858834;97,642857;97,642857
model_4902;28,436215;6,469388;6,469388
model_4903;23,653081;13,459184;13,459184
model_4904;11,163375;1,826531;1,826531
model_4905;11,163375;1,826531;1,826531
model_4906;33,787153;18,928571;18,928571
model_4907;33,928001;19,285714;19,285714
model_4908;42,413460;28,071429;28,071429
model_4909;42,413460;28,071429;28,071429
model_491;19,250113;6,163265;6,163265
model_4910;42,413460;28,071429;28,071429
model_4911;42,413460;28,071429;28,071429
model_4912;44,843256;33,183673;33,183673
model_4913;44,701788;33,183673;33,183673
model_4914;39,671786;22,336735;22,336735
model_4915;39,671786;22,336735;22,336735
model_4916;61,736385;86,275510;86,275510
model_4917;37,649339;24,785714;24,785714
model_4918;32,119013;15,234694;15,234694
model_4919;20,358558;7,357143;7,357143
model_492;16,540585;5,397959;5,397959
model_4920;23,540970;7,724490;7,724490
model_4921;23,540970;7,724490;7,724490
model_4922;48,989358;40,765306;40,765306
model_4923;48,989358;40,765306;40,765306
model_4924;44,321245;25,163265;25,163265
model_4925;44,469700;25,397959;25,397959
model_4926;65,630268;121,448980;100,000000
model_4927;30,770108;18,520408;18,520408
model_4928;30,770108;18,520408;18,520408
model_4929;36,472260;32,540816;32,540816
model_493;16,955972;5,163265;5,163265
model_4930;36,472260;32,540816;32,540816
model_4931;37,909125;19,397959;19,397959
model_4932;37,909125;19,397959;19,397959
model_4933;37,909125;19,397959;19,397959
model_4934;38,071609;16,071429;16,071429
model_4935;38,071609;16,071429;16,071429
model_4936;41,803197;16,724490;16,724490
model_4937;35,941471;23,295918;23,295918
model_4938;35,899426;15,877551;15,877551
model_4939;70,602551;106,867347;100,000000
model_494;17,879902;5,877551;5,877551
model_4940;70,602551;106,867347;100,000000
model_4941;70,602551;106,867347;100,000000
model_4942;70,602551;106,867347;100,000000
model_4943;37,290259;31,224490;31,224490
model_4944;37,290259;31,224490;31,224490
model_4945;25,429512;10,469388;10,469388
model_4946;57,214470;85,489796;85,489796
model_4947;25,394549;10,061224;10,061224
model_4948;23,402763;11,816327;11,816327
model_4949;46,686723;26,755102;26,755102
model_495;21,380902;6,693878;6,693878
model_4950;46,686723;26,755102;26,755102
model_4951;47,979049;29,153061;29,153061
model_4952;47,979049;29,153061;29,153061
model_4953;41,520978;23,346939;23,346939
model_4954;42,035495;21,061224;21,061224
model_4955;12,349345;2,183673;2,183673
model_4956;30,568401;8,724490;8,724490
model_4957;17,127681;3,295918;3,295918
model_4958;29,112407;10,295918;10,295918
model_4959;29,112407;10,295918;10,295918
model_496;21,655607;7,642857;7,642857
model_4960;54,809435;58,887755;58,887755
model_4961;55,873876;62,000000;62,000000
model_4962;45,988990;28,632653;28,632653
model_4963;45,274481;42,989796;42,989796
model_4964;42,980933;24,244898;24,244898
model_4965;36,447015;26,061224;26,061224
model_4966;27,344876;16,163265;16,163265
model_4967;27,294726;15,755102;15,755102
model_4968;40,200693;27,030612;27,030612
model_4969;40,200693;27,030612;27,030612
model_497;18,111956;5,928571;5,928571
model_4970;33,150263;9,346939;9,346939
model_4971;39,438310;18,000000;18,000000
model_4972;22,317719;1,071429;1,071429
model_4973;32,088667;10,000000;10,000000
model_4974;32,088667;10,000000;10,000000
model_4975;28,961012;10,000000;10,000000
model_4976;29,624359;4,183673;4,183673
model_4977;32,303719;20,602041;20,602041
model_4978;29,624359;4,183673;4,183673
model_4979;46,317462;67,010204;67,010204
model_498;24,508557;6,693878;6,693878
model_4980;46,333946;63,724490;63,724490
model_4981;47,554857;72,765306;72,765306
model_4982;45,265791;59,510204;59,510204
model_4983;45,265791;59,510204;59,510204
model_4984;47,739058;73,234694;73,234694
model_4985;26,496704;4,183673;4,183673
model_4986;35,751346;16,051020;16,051020
model_4987;35,751346;16,051020;16,051020
model_4988;27,684541;13,224490;13,224490
model_4989;53,885606;42,887755;42,887755
model_499;19,553483;7,142857;7,142857
model_4990;52,763964;44,418367;44,418367
model_4991;52,763964;44,418367;44,418367
model_4992;81,237077;199,469388;100,000000
model_4993;81,143853;205,928571;100,000000
model_4994;55,163782;58,306122;58,306122
model_4995;48,704715;55,704082;55,704082
model_4996;46,245496;44,612245;44,612245
model_4997;37,541067;31,734694;31,734694
model_4998;37,541067;31,734694;31,734694
model_4999;37,141279;30,857143;30,857143
model_5;30,515395;13,510204;13,510204
model_50;75,748324;193,469388;100,000000
model_500;13,577711;4,448980;4,448980
model_5000;39,077572;39,571429;39,571429
model_5001;38,218658;34,571429;34,571429
model_5002;38,218658;34,571429;34,571429
model_5003;49,650681;48,632653;48,632653
model_5004;30,019872;20,683673;20,683673
model_5005;35,758554;22,397959;22,397959
model_5006;55,274295;58,775510;58,775510
model_5007;36,701549;13,979592;13,979592
model_5008;33,258207;13,979592;13,979592
model_5009;33,258207;13,979592;13,979592
model_501;26,503098;7,867347;7,867347
model_5010;33,258207;13,979592;13,979592
model_5011;33,258207;13,979592;13,979592
model_5012;33,258207;13,979592;13,979592
model_5013;34,305269;15,683673;15,683673
model_5014;34,305269;15,683673;15,683673
model_5015;32,601531;12,622449;12,622449
model_5016;17,026456;7,989796;7,989796
model_5017;17,346059;5,581633;5,581633
model_5018;14,361526;5,938776;5,938776
model_5019;13,902716;5,581633;5,581633
model_502;26,503098;7,867347;7,867347
model_5020;13,902716;5,581633;5,581633
model_5021;13,902716;5,581633;5,581633
model_5022;14,586441;5,581633;5,581633
model_5023;37,765571;19,551020;19,551020
model_5024;44,053878;19,836735;19,836735
model_5025;42,736723;18,785714;18,785714
model_5026;41,324496;15,265306;15,265306
model_5027;41,324496;15,265306;15,265306
model_5028;27,813997;9,102041;9,102041
model_5029;49,462700;23,020408;23,020408
model_503;26,503098;7,867347;7,867347
model_5030;29,220378;8,571429;8,571429
model_5031;39,582617;14,214286;14,214286
model_5032;28,177026;10,275510;10,275510
model_5033;28,403999;8,000000;8,000000
model_5034;32,547412;11,346939;11,346939
model_5035;37,768906;25,755102;25,755102
model_5036;40,312500;14,030612;14,030612
model_5037;40,312500;14,030612;14,030612
model_5038;37,478352;10,561224;10,561224
model_5039;35,405384;10,561224;10,561224
model_504;37,679864;16,775510;16,775510
model_5040;35,405384;10,561224;10,561224
model_5041;43,137972;36,795918;36,795918
model_5042;61,360249;88,826531;88,826531
model_5043;28,177026;10,275510;10,275510
model_5044;57,381853;36,551020;36,551020
model_5045;47,078604;36,551020;36,551020
model_5046;47,078604;36,551020;36,551020
model_5047;47,078604;36,551020;36,551020
model_5048;47,078604;36,551020;36,551020
model_5049;47,078604;36,551020;36,551020
model_505;37,679864;16,775510;16,775510
model_5050;47,078604;36,551020;36,551020
model_5051;26,147861;8,704082;8,704082
model_5052;27,267933;8,285714;8,285714
model_5053;27,267933;8,285714;8,285714
model_5054;39,863903;19,214286;19,214286
model_5055;19,704548;6,459184;6,459184
model_5056;50,863945;24,551020;24,551020
model_5057;38,974955;11,408163;11,408163
model_5058;78,940685;230,071429;100,000000
model_5059;78,940685;230,071429;100,000000
model_506;17,582426;5,622449;5,622449
model_5060;78,940685;230,071429;100,000000
model_5061;78,913069;229,020408;100,000000
model_5062;78,618515;226,673469;100,000000
model_5063;78,461186;290,153061;100,000000
model_5064;77,929636;288,622449;100,000000
model_5065;37,325893;12,275510;12,275510
model_5066;37,325893;12,275510;12,275510
model_5067;32,387293;14,979592;14,979592
model_5068;32,387293;14,979592;14,979592
model_5069;29,217675;13,857143;13,857143
model_507;17,582426;5,622449;5,622449
model_5070;29,217675;13,857143;13,857143
model_5071;29,217675;13,857143;13,857143
model_5072;27,092214;6,571429;6,571429
model_5073;27,092214;6,571429;6,571429
model_5074;32,480514;18,408163;18,408163
model_5075;42,271943;15,602041;15,602041
model_5076;32,480514;18,408163;18,408163
model_5077;34,234097;15,602041;15,602041
model_5078;35,144337;16,826531;16,826531
model_5079;9,114762;1,418367;1,418367
model_508;14,415461;4,867347;4,867347
model_5080;28,621292;7,234694;7,234694
model_5081;36,886405;14,704082;14,704082
model_5082;25,551537;6,469388;6,469388
model_5083;28,933806;8,877551;8,877551
model_5084;28,933806;8,877551;8,877551
model_5085;31,625567;10,816327;10,816327
model_5086;35,663144;19,571429;19,571429
model_5087;31,985291;16,051020;16,051020
model_5088;25,574738;7,755102;7,755102
model_5089;27,344925;9,163265;9,163265
model_509;14,415461;4,867347;4,867347
model_5090;31,592314;11,051020;11,051020
model_5091;26,886293;10,040816;10,040816
model_5092;26,886293;10,040816;10,040816
model_5093;26,886293;10,040816;10,040816
model_5094;36,886405;14,704082;14,704082
model_5095;36,886405;14,704082;14,704082
model_5096;24,599413;6,581633;6,581633
model_5097;34,560286;10,061224;10,061224
model_5098;21,103366;2,887755;2,887755
model_5099;17,551891;1,530612;1,530612
model_51;75,748324;193,469388;100,000000
model_510;18,091846;6,030612;6,030612
model_5100;15,332224;1,122449;1,122449
model_5101;17,551891;1,530612;1,530612
model_5102;17,551891;1,530612;1,530612
model_5103;17,753580;4,183673;4,183673
model_5104;19,504214;3,418367;3,418367
model_5105;21,194810;3,775510;3,775510
model_5106;21,194810;3,775510;3,775510
model_5107;21,194810;3,775510;3,775510
model_5108;15,272453;0,714286;0,714286
model_5109;12,718942;3,122449;3,122449
model_511;19,716277;7,397959;7,397959
model_5110;17,753580;4,183673;4,183673
model_5111;20,736559;3,010204;3,010204
model_5112;22,246826;1,479592;1,479592
model_5113;14,910889;5,826531;5,826531
model_5114;14,910889;5,826531;5,826531
model_5115;21,593558;3,010204;3,010204
model_5116;26,218118;9,744898;9,744898
model_5117;56,367585;64,448980;64,448980
model_5118;56,367585;64,448980;64,448980
model_5119;56,367585;64,448980;64,448980
model_512;20,926088;8,571429;8,571429
model_5120;54,992807;59,326531;59,326531
model_5121;66,042947;61,571429;61,571429
model_5122;66,953584;64,622449;64,622449
model_5123;67,859293;68,326531;68,326531
model_5124;67,859293;68,326531;68,326531
model_5125;52,037178;42,663265;42,663265
model_5126;29,377677;17,346939;17,346939
model_5127;29,377677;17,346939;17,346939
model_5128;23,231351;8,642857;8,642857
model_5129;39,328334;18,561224;18,561224
model_513;12,093974;4,051020;4,051020
model_5130;60,849966;69,265306;69,265306
model_5131;61,635442;73,387755;73,387755
model_5132;22,108385;10,877551;10,877551
model_5133;22,108385;10,877551;10,877551
model_5134;10,623104;1,357143;1,357143
model_5135;10,827604;1,948980;1,948980
model_5136;10,827604;1,948980;1,948980
model_5137;15,845086;4,704082;4,704082
model_5138;15,429698;4,938776;4,938776
model_5139;15,248823;2,938776;2,938776
model_514;45,138127;22,581633;22,581633
model_5140;15,248823;2,938776;2,938776
model_5141;16,062408;1,071429;1,071429
model_5142;18,070445;3,704082;3,704082
model_5143;11,578762;1,591837;1,591837
model_5144;11,636223;3,234694;3,234694
model_5145;20,690933;2,653061;2,653061
model_5146;11,780379;3,357143;3,357143
model_5147;15,653972;4,714286;4,714286
model_5148;11,402277;1,714286;1,714286
model_5149;65,200347;147,428571;100,000000
model_515;45,138127;22,581633;22,581633
model_5150;65,200347;147,428571;100,000000
model_5151;16,262704;3,714286;3,714286
model_5152;29,305353;5,663265;5,663265
model_5153;22,670371;3,887755;3,887755
model_5154;21,873203;13,775510;13,775510
model_5155;14,893535;0,000000;0,000000
model_5156;16,908301;1,530612;1,530612
model_5157;16,908301;1,530612;1,530612
model_5158;15,367187;1,530612;1,530612
model_5159;10,742645;2,581633;2,581633
model_516;17,112515;5,989796;5,989796
model_5160;17,586855;1,938776;1,938776
model_5161;17,485176;3,530612;3,530612
model_5162;18,070632;3,295918;3,295918
model_5163;22,655594;2,653061;2,653061
model_5164;20,769986;6,102041;6,102041
model_5165;27,659959;3,826531;3,826531
model_5166;23,287209;4,704082;4,704082
model_5167;14,218844;0,765306;0,765306
model_5168;18,862415;12,112245;12,112245
model_5169;12,164218;1,357143;1,357143
model_517;18,328063;3,408163;3,408163
model_5170;12,164218;1,357143;1,357143
model_5171;14,153246;2,591837;2,591837
model_5172;11,155723;2,765306;2,765306
model_5173;19,480478;5,122449;5,122449
model_5174;52,312381;34,275510;34,275510
model_5175;16,262704;3,714286;3,714286
model_5176;7,290057;0,591837;0,591837
model_5177;24,860857;3,367347;3,367347
model_5178;13,567791;3,061224;3,061224
model_5179;16,424084;4,295918;4,295918
model_518;22,828690;5,061224;5,061224
model_5180;16,128195;4,714286;4,714286
model_5181;32,871073;13,091837;13,091837
model_5182;33,259111;12,530612;12,530612
model_5183;16,781709;5,357143;5,357143
model_5184;31,271536;6,479592;6,479592
model_5185;20,676788;2,602041;2,602041
model_5186;20,676788;2,602041;2,602041
model_5187;22,727948;3,775510;3,775510
model_5188;25,008800;6,326531;6,326531
model_5189;29,041029;6,785714;6,785714
model_519;44,918336;21,867347;21,867347
model_5190;23,094616;4,132653;4,132653
model_5191;22,644812;2,244898;2,244898
model_5192;22,644812;2,244898;2,244898
model_5193;25,102679;2,602041;2,602041
model_5194;25,102679;2,602041;2,602041
model_5195;12,188732;1,306122;1,306122
model_5196;36,602090;15,285714;15,285714
model_5197;22,700960;3,367347;3,367347
model_5198;18,884031;1,836735;1,836735
model_5199;18,884031;1,836735;1,836735
model_52;75,892188;195,867347;100,000000
model_520;44,601062;21,765306;21,765306
model_5200;26,017624;4,438776;4,438776
model_5201;16,675145;1,428571;1,428571
model_5202;14,681170;3,775510;3,775510
model_5203;14,681170;3,775510;3,775510
model_5204;28,079353;4,285714;4,285714
model_5205;9,280444;2,306122;2,306122
model_5206;8,540097;2,836735;2,836735
model_5207;22,102591;1,428571;1,428571
model_5208;16,734029;4,826531;4,826531
model_5209;16,675145;1,428571;1,428571
model_521;49,057294;23,693878;23,693878
model_5210;27,565225;3,010204;3,010204
model_5211;22,023106;1,887755;1,887755
model_5212;22,023106;1,887755;1,887755
model_5213;20,501744;2,295918;2,295918
model_5214;20,501744;2,295918;2,295918
model_5215;14,354248;5,530612;5,530612
model_5216;14,153246;2,591837;2,591837
model_5217;14,153246;2,591837;2,591837
model_5218;14,153246;2,591837;2,591837
model_5219;14,153246;2,591837;2,591837
model_522;15,414497;2,816327;2,816327
model_5220;13,831047;2,826531;2,826531
model_5221;13,253992;4,887755;4,887755
model_5222;15,272453;0,714286;0,714286
model_5223;18,033752;4,693878;4,693878
model_5224;35,103184;12,530612;12,530612
model_5225;22,922959;2,500000;2,500000
model_5226;17,965743;2,500000;2,500000
model_5227;15,132606;0,357143;0,357143
model_5228;20,996774;8,040816;8,040816
model_5229;38,694666;10,234694;10,234694
model_523;27,730407;9,683673;9,683673
model_5230;15,132606;0,357143;0,357143
model_5231;15,132606;0,357143;0,357143
model_5232;15,132606;0,357143;0,357143
model_5233;15,332224;1,122449;1,122449
model_5234;6,704601;0,826531;0,826531
model_5235;6,289214;1,061224;1,061224
model_5236;5,967015;1,295918;1,295918
model_5237;5,967015;1,295918;1,295918
model_5238;13,876386;1,357143;1,357143
model_5239;15,764573;5,122449;5,122449
model_524;29,537602;8,683673;8,683673
model_5240;15,714111;3,000000;3,000000
model_5241;11,578762;1,591837;1,591837
model_5242;19,097112;5,428571;5,428571
model_5243;22,641628;7,051020;7,051020
model_5244;17,597320;4,173469;4,173469
model_5245;26,586450;10,224490;10,224490
model_5246;63,528423;235,612245;100,000000
model_5247;64,098727;234,530612;100,000000
model_5248;64,098727;234,530612;100,000000
model_5249;64,098727;234,530612;100,000000
model_525;28,895358;10,265306;10,265306
model_5250;64,098727;234,530612;100,000000
model_5251;37,175198;71,214286;71,214286
model_5252;41,368643;69,428571;69,428571
model_5253;41,368643;69,428571;69,428571
model_5254;41,368643;69,428571;69,428571
model_5255;41,368643;69,428571;69,428571
model_5256;41,343836;68,612245;68,612245
model_5257;41,343836;68,612245;68,612245
model_5258;37,175198;71,214286;71,214286
model_5259;31,610779;22,224490;22,224490
model_526;28,895358;10,265306;10,265306
model_5260;31,610779;22,224490;22,224490
model_5261;31,610779;22,224490;22,224490
model_5262;40,466639;69,428571;69,428571
model_5263;17,492121;1,122449;1,122449
model_5264;17,492121;1,122449;1,122449
model_5265;23,303801;2,244898;2,244898
model_5266;11,566448;3,051020;3,051020
model_5267;20,619776;1,122449;1,122449
model_5268;15,332224;1,122449;1,122449
model_5269;15,332224;1,122449;1,122449
model_527;15,886808;3,581633;3,581633
model_5270;18,946943;5,959184;5,959184
model_5271;11,710639;2,591837;2,591837
model_5272;14,253808;1,173469;1,173469
model_5273;8,702670;2,357143;2,357143
model_5274;14,326871;2,806122;2,806122
model_5275;17,862979;2,836735;2,836735
model_5276;12,702195;3,051020;3,051020
model_5277;15,332224;1,122449;1,122449
model_5278;16,157143;1,887755;1,887755
model_5279;23,803808;3,244898;3,244898
model_528;15,886808;3,581633;3,581633
model_5280;27,442247;5,000000;5,000000
model_5281;5,659939;1,591837;1,591837
model_5282;19,711789;1,938776;1,938776
model_5283;19,711789;1,938776;1,938776
model_5284;12,745916;5,173469;5,173469
model_5285;15,520652;3,306122;3,306122
model_5286;16,262704;3,714286;3,714286
model_5287;16,262704;3,714286;3,714286
model_5288;16,262704;3,714286;3,714286
model_5289;7,290057;0,591837;0,591837
model_529;15,414497;2,816327;2,816327
model_5290;34,301684;13,357143;13,357143
model_5291;24,003411;6,061224;6,061224
model_5292;22,780150;4,826531;4,826531
model_5293;22,780150;4,826531;4,826531
model_5294;15,272453;0,714286;0,714286
model_5295;15,132606;0,357143;0,357143
model_5296;21,398949;1,479592;1,479592
model_5297;37,676562;54,897959;54,897959
model_5298;17,568553;3,244898;3,244898
model_5299;13,778678;2,000000;2,000000
model_53;75,748324;193,469388;100,000000
model_530;17,427921;3,581633;3,581633
model_5300;13,778678;2,000000;2,000000
model_5301;13,778678;2,000000;2,000000
model_5302;13,778678;2,000000;2,000000
model_5303;18,840195;3,571429;3,571429
model_5304;21,159846;3,367347;3,367347
model_5305;12,164218;1,357143;1,357143
model_5306;12,164218;1,357143;1,357143
model_5307;15,213859;2,530612;2,530612
model_5308;15,213859;2,530612;2,530612
model_5309;22,054292;9,836735;9,836735
model_531;16,932299;7,642857;7,642857
model_5310;21,339718;9,428571;9,428571
model_5311;4,385319;1,183673;1,183673
model_5312;4,385319;1,183673;1,183673
model_5313;10,037649;1,591837;1,591837
model_5314;8,463207;1,357143;1,357143
model_5315;35,804015;19,816327;19,816327
model_5316;38,525605;16,765306;16,765306
model_5317;15,272453;0,714286;0,714286
model_5318;16,122179;1,479592;1,479592
model_5319;23,303801;2,244898;2,244898
model_532;31,482772;11,530612;11,530612
model_5320;15,272453;0,714286;0,714286
model_5321;14,146098;2,714286;2,714286
model_5322;16,122179;1,479592;1,479592
model_5323;8,192549;1,775510;1,775510
model_5324;15,272453;0,714286;0,714286
model_5325;15,575065;6,193878;6,193878
model_5326;15,272453;0,714286;0,714286
model_5327;16,062408;1,071429;1,071429
model_5328;15,132606;0,357143;0,357143
model_5329;16,062408;1,071429;1,071429
model_533;31,482772;11,530612;11,530612
model_5330;15,132606;0,357143;0,357143
model_5331;15,132606;0,357143;0,357143
model_5332;15,132606;0,357143;0,357143
model_5333;15,132606;0,357143;0,357143
model_5334;15,132606;0,357143;0,357143
model_5335;15,132606;0,357143;0,357143
model_5336;17,492121;1,122449;1,122449
model_5337;15,871242;0,357143;0,357143
model_5338;3,873202;1,061224;1,061224
model_5339;15,272453;0,714286;0,714286
model_534;31,482772;11,530612;11,530612
model_5340;11,578762;1,591837;1,591837
model_5341;11,710639;2,591837;2,591837
model_5342;21,777030;2,653061;2,653061
model_5343;7,290057;0,591837;0,591837
model_5344;7,290057;0,591837;0,591837
model_5345;7,290057;0,591837;0,591837
model_5346;7,290057;0,591837;0,591837
model_5347;26,980322;1,887755;1,887755
model_5348;14,893535;0,000000;0,000000
model_5349;14,893535;0,000000;0,000000
model_535;31,482772;11,530612;11,530612
model_5350;15,132606;0,357143;0,357143
model_5351;15,132606;0,357143;0,357143
model_5352;15,272453;0,714286;0,714286
model_5353;29,714886;8,693878;8,693878
model_5354;29,621698;8,928571;8,928571
model_5355;36,650676;9,602041;9,602041
model_5356;28,184850;10,295918;10,295918
model_5357;14,628404;2,765306;2,765306
model_5358;15,132606;0,357143;0,357143
model_5359;7,290057;0,591837;0,591837
model_536;31,482772;11,530612;11,530612
model_5360;7,290057;0,591837;0,591837
model_5361;7,290057;0,591837;0,591837
model_5362;11,402277;1,714286;1,714286
model_5363;19,755136;4,122449;4,122449
model_5364;15,132606;0,357143;0,357143
model_5365;16,157143;1,887755;1,887755
model_5366;13,502712;4,765306;4,765306
model_5367;5,967015;1,295918;1,295918
model_5368;30,862796;13,010204;13,010204
model_5369;12,922422;3,591837;3,591837
model_537;15,886808;3,581633;3,581633
model_5370;10,037649;1,591837;1,591837
model_5371;8,463207;1,357143;1,357143
model_5372;8,463207;1,357143;1,357143
model_5373;6,704601;0,826531;0,826531
model_5374;6,704601;0,826531;0,826531
model_5375;7,290057;0,591837;0,591837
model_5376;7,290057;0,591837;0,591837
model_5377;22,023106;1,887755;1,887755
model_5378;39,266948;18,122449;18,122449
model_5379;39,037490;15,948980;15,948980
model_538;17,427921;3,581633;3,581633
model_5380;42,238181;21,285714;21,285714
model_5381;15,272453;0,714286;0,714286
model_5382;18,271294;1,479592;1,479592
model_5383;8,403436;0,948980;0,948980
model_5384;8,403436;0,948980;0,948980
model_5385;22,405740;2,142857;2,142857
model_5386;16,675145;1,428571;1,428571
model_5387;15,132606;0,357143;0,357143
model_5388;15,132606;0,357143;0,357143
model_5389;7,290057;0,591837;0,591837
model_539;17,427921;3,581633;3,581633
model_5390;17,677091;2,428571;2,428571
model_5391;22,160889;1,122449;1,122449
model_5392;20,176146;2,244898;2,244898
model_5393;17,481338;1,122449;1,122449
model_5394;10,026866;1,591837;1,591837
model_5395;21,290690;4,938776;4,938776
model_5396;15,132606;0,357143;0,357143
model_5397;6,289214;1,061224;1,061224
model_5398;39,394823;46,071429;46,071429
model_5399;42,074363;58,102041;58,102041
model_54;75,748324;193,469388;100,000000
model_540;39,952443;16,969388;16,969388
model_5400;32,416072;18,163265;18,163265
model_5401;7,290057;0,591837;0,591837
model_5402;27,340907;7,377551;7,377551
model_5403;12,164218;1,357143;1,357143
model_5404;16,608794;5,132653;5,132653
model_5405;24,990682;3,122449;3,122449
model_5406;37,805223;17,530612;17,530612
model_5407;23,001844;11,724490;11,724490
model_5408;31,234686;5,520408;5,520408
model_5409;22,758043;6,173469;6,173469
model_541;13,649471;6,530612;6,530612
model_5410;34,810407;28,428571;28,428571
model_5411;30,530178;16,632653;16,632653
model_542;21,771407;4,704082;4,704082
model_543;17,923358;4,938776;4,938776
model_544;18,991664;5,173469;5,173469
model_545;18,991664;5,173469;5,173469
model_546;11,920910;3,408163;3,408163
model_547;11,920910;3,408163;3,408163
model_548;39,826429;18,806122;18,806122
model_549;16,980781;5,581633;5,581633
model_55;75,748324;193,469388;100,000000
model_550;19,204644;5,000000;5,000000
model_551;18,080553;6,336735;6,336735
model_552;20,059621;5,469388;5,469388
model_553;62,642417;75,877551;75,877551
model_554;17,763270;4,346939;4,346939
model_555;39,040802;20,632653;20,632653
model_556;39,040802;20,632653;20,632653
model_557;18,457967;5,867347;5,867347
model_558;18,457967;5,867347;5,867347
model_559;20,455417;6,683673;6,683673
model_56;75,748324;193,469388;100,000000
model_560;20,455417;6,683673;6,683673
model_561;20,455417;6,683673;6,683673
model_562;20,455417;6,683673;6,683673
model_563;20,455417;6,683673;6,683673
model_564;20,455417;6,683673;6,683673
model_565;20,455417;6,683673;6,683673
model_566;20,455417;6,683673;6,683673
model_567;23,898760;6,683673;6,683673
model_568;20,455417;6,683673;6,683673
model_569;20,455417;6,683673;6,683673
model_57;75,748324;193,469388;100,000000
model_570;28,621097;11,530612;11,530612
model_571;28,621097;11,530612;11,530612
model_572;19,109789;5,867347;5,867347
model_573;15,553280;4,448980;4,448980
model_574;37,229181;17,030612;17,030612
model_575;36,794887;16,908163;16,908163
model_576;37,229181;17,030612;17,030612
model_577;37,659353;17,438776;17,438776
model_578;33,211063;17,500000;17,500000
model_579;31,517612;20,081633;20,081633
model_58;75,748324;193,469388;100,000000
model_580;29,900345;18,673469;18,673469
model_581;33,748934;18,265306;18,265306
model_582;37,229181;17,030612;17,030612
model_583;37,117086;16,673469;16,673469
model_584;37,112649;17,673469;17,673469
model_585;36,780357;15,908163;15,908163
model_586;36,222300;17,030612;17,030612
model_587;37,723891;17,030612;17,030612
model_588;37,253988;17,438776;17,438776
model_589;37,229181;17,030612;17,030612
model_59;75,748324;193,469388;100,000000
model_590;36,496667;16,734694;16,734694
model_591;37,609604;16,387755;16,387755
model_592;36,294392;14,785714;14,785714
model_593;25,726293;17,734694;17,734694
model_594;25,948873;17,500000;17,500000
model_595;36,294392;14,785714;14,785714
model_596;24,510215;15,795918;15,795918
model_597;24,739175;16,510204;16,510204
model_598;69,220643;265,663265;100,000000
model_599;69,220643;265,663265;100,000000
model_6;20,575825;5,877551;5,877551
model_60;75,748324;193,469388;100,000000
model_600;42,185170;19,846939;19,846939
model_601;33,701207;19,867347;19,867347
model_602;41,293818;17,795918;17,795918
model_603;40,513408;28,673469;28,673469
model_604;62,352342;63,295918;63,295918
model_605;38,432047;17,581633;17,581633
model_606;38,349515;17,816327;17,816327
model_607;55,723916;50,979592;50,979592
model_608;35,197099;18,806122;18,806122
model_609;60,894714;50,214286;50,214286
model_61;75,748324;193,469388;100,000000
model_610;39,353181;25,204082;25,204082
model_611;48,881723;63,795918;63,795918
model_612;50,916715;32,326531;32,326531
model_613;51,196727;46,153061;46,153061
model_614;20,455417;6,683673;6,683673
model_615;20,455417;6,683673;6,683673
model_616;19,649739;6,275510;6,275510
model_617;19,109789;5,867347;5,867347
model_618;18,367450;5,632653;5,632653
model_619;16,897576;5,459184;5,459184
model_62;75,748324;193,469388;100,000000
model_620;16,897576;5,459184;5,459184
model_621;16,897576;5,459184;5,459184
model_622;16,897576;5,459184;5,459184
model_623;15,990916;5,224490;5,224490
model_624;17,044926;5,224490;5,224490
model_625;18,100641;6,806122;6,806122
model_626;34,137838;15,653061;15,653061
model_627;35,083978;19,000000;19,000000
model_628;48,232662;24,581633;24,581633
model_629;24,387404;4,989796;4,989796
model_63;75,748324;193,469388;100,000000
model_630;16,421582;4,173469;4,173469
model_631;29,280506;7,877551;7,877551
model_632;29,280506;7,877551;7,877551
model_633;17,664146;5,693878;5,693878
model_634;14,852637;3,000000;3,000000
model_635;14,852637;3,000000;3,000000
model_636;16,411723;5,408163;5,408163
model_637;16,411723;5,408163;5,408163
model_638;24,431015;6,693878;6,693878
model_639;22,866909;8,520408;8,520408
model_64;75,748324;193,469388;100,000000
model_640;22,866909;8,520408;8,520408
model_641;41,478663;15,918367;15,918367
model_642;17,000877;4,408163;4,408163
model_643;17,000877;4,408163;4,408163
model_644;45,386361;29,295918;29,295918
model_645;18,155402;5,459184;5,459184
model_646;18,155402;5,459184;5,459184
model_647;46,265938;53,591837;53,591837
model_648;14,530437;3,234694;3,234694
model_649;18,343811;5,051020;5,051020
model_65;75,748324;193,469388;100,000000
model_650;14,893535;0,000000;0,000000
model_651;14,893535;0,000000;0,000000
model_652;14,893535;0,000000;0,000000
model_653;14,893535;0,000000;0,000000
model_654;14,893535;0,000000;0,000000
model_655;14,893535;0,000000;0,000000
model_656;14,893535;0,000000;0,000000
model_657;14,893535;0,000000;0,000000
model_658;14,893535;0,000000;0,000000
model_659;14,893535;0,000000;0,000000
model_66;75,748324;193,469388;100,000000
model_660;14,893535;0,000000;0,000000
model_661;14,893535;0,000000;0,000000
model_662;14,893535;0,000000;0,000000
model_663;14,893535;0,000000;0,000000
model_664;14,893535;0,000000;0,000000
model_665;14,893535;0,000000;0,000000
model_666;14,893535;0,000000;0,000000
model_667;14,893535;0,000000;0,000000
model_668;33,186983;0,357143;0,357143
model_669;14,893535;0,000000;0,000000
model_67;75,748324;193,469388;100,000000
model_670;14,893535;0,000000;0,000000
model_671;14,893535;0,000000;0,000000
model_672;14,893535;0,000000;0,000000
model_673;14,893535;0,000000;0,000000
model_674;27,113536;13,459184;13,459184
model_675;36,129729;13,275510;13,275510
model_676;42,762691;32,061224;32,061224
model_677;41,997363;28,846939;28,846939
model_678;41,997363;28,846939;28,846939
model_679;51,179092;34,591837;34,591837
model_68;75,748324;193,469388;100,000000
model_680;51,185482;35,000000;35,000000
model_681;51,185482;35,000000;35,000000
model_682;51,185482;35,000000;35,000000
model_683;51,185482;35,000000;35,000000
model_684;63,509634;61,010204;61,010204
model_685;65,585149;161,367347;100,000000
model_686;65,460230;159,122449;100,000000
model_687;65,460230;159,122449;100,000000
model_688;65,494238;159,112245;100,000000
model_689;65,449807;159,346939;100,000000
model_69;75,748324;193,469388;100,000000
model_690;79,981935;229,122449;100,000000
model_691;88,799657;240,265306;100,000000
model_692;88,799657;240,265306;100,000000
model_693;66,255039;131,581633;100,000000
model_694;88,659171;238,377551;100,000000
model_695;88,799657;240,265306;100,000000
model_696;88,799657;240,265306;100,000000
model_697;18,299804;7,122449;7,122449
model_698;18,299804;7,122449;7,122449
model_699;18,299804;7,122449;7,122449
model_7;33,579312;10,785714;10,785714
model_70;75,748324;193,469388;100,000000
model_700;18,299804;7,122449;7,122449
model_701;18,299804;7,122449;7,122449
model_702;18,299804;7,122449;7,122449
model_703;18,299804;7,122449;7,122449
model_704;18,299804;7,122449;7,122449
model_705;66,255039;131,581633;100,000000
model_706;88,799657;240,265306;100,000000
model_707;88,799657;240,265306;100,000000
model_708;28,525398;16,112245;16,112245
model_709;14,893535;0,000000;0,000000
model_71;75,748324;193,469388;100,000000
model_710;88,899259;184,846939;100,000000
model_711;88,926869;185,255102;100,000000
model_712;88,926869;185,255102;100,000000
model_713;84,425044;194,204082;100,000000
model_714;88,596129;195,734694;100,000000
model_715;88,134141;208,306122;100,000000
model_716;88,084398;208,540816;100,000000
model_717;56,081070;51,938776;51,938776
model_718;69,548735;102,520408;100,000000
model_719;69,944812;112,102041;100,000000
model_72;75,748324;193,469388;100,000000
model_720;69,944812;112,102041;100,000000
model_721;69,179344;165,877551;100,000000
model_722;69,179344;165,877551;100,000000
model_723;69,179344;165,877551;100,000000
model_724;75,931667;83,306122;83,306122
model_725;75,931667;83,306122;83,306122
model_726;58,365034;67,051020;67,051020
model_727;58,365034;67,051020;67,051020
model_728;59,773788;71,683673;71,683673
model_729;59,773788;71,683673;71,683673
model_73;75,748324;193,469388;100,000000
model_730;19,520061;2,948980;2,948980
model_731;19,638817;2,948980;2,948980
model_732;56,924898;48,040816;48,040816
model_733;57,822361;48,571429;48,571429
model_734;69,179344;165,877551;100,000000
model_735;61,187057;59,193878;59,193878
model_736;61,187057;59,193878;59,193878
model_737;61,523926;61,193878;61,193878
model_738;62,340054;65,000000;65,000000
model_739;79,951990;118,336735;100,000000
model_74;75,748324;193,469388;100,000000
model_740;79,951990;118,336735;100,000000
model_741;79,951990;118,336735;100,000000
model_742;79,951990;118,336735;100,000000
model_743;14,893535;0,000000;0,000000
model_744;27,107846;29,469388;29,469388
model_745;27,107846;29,469388;29,469388
model_746;27,107846;29,469388;29,469388
model_747;27,107846;29,469388;29,469388
model_748;27,107846;29,469388;29,469388
model_749;27,107846;29,469388;29,469388
model_75;75,748324;193,469388;100,000000
model_750;27,107846;29,469388;29,469388
model_751;27,107846;29,469388;29,469388
model_752;27,107846;29,469388;29,469388
model_753;27,229326;30,234694;30,234694
model_754;27,229326;30,234694;30,234694
model_755;37,737644;29,642857;29,642857
model_756;34,098342;30,000000;30,000000
model_757;34,098342;30,000000;30,000000
model_758;35,734772;30,765306;30,765306
model_759;39,206505;33,061224;33,061224
model_76;75,748324;193,469388;100,000000
model_760;39,206505;33,061224;33,061224
model_761;39,206505;33,061224;33,061224
model_762;39,206505;33,061224;33,061224
model_763;39,206505;33,061224;33,061224
model_764;39,206505;33,061224;33,061224
model_765;39,206505;33,061224;33,061224
model_766;39,206505;33,061224;33,061224
model_767;39,206505;33,061224;33,061224
model_768;39,206505;33,061224;33,061224
model_769;39,206505;33,061224;33,061224
model_77;75,713529;193,704082;100,000000
model_770;37,904016;44,387755;44,387755
model_771;35,195520;43,479592;43,479592
model_772;35,195520;43,479592;43,479592
model_773;35,195520;43,479592;43,479592
model_774;35,195520;43,479592;43,479592
model_775;35,195520;43,479592;43,479592
model_776;44,527301;48,704082;48,704082
model_777;44,527301;48,704082;48,704082
model_778;44,527301;48,704082;48,704082
model_779;44,527301;48,704082;48,704082
model_78;75,723596;193,061224;100,000000
model_780;44,527301;48,704082;48,704082
model_781;27,107846;29,469388;29,469388
model_782;15,456791;5,040816;5,040816
model_783;15,456791;5,040816;5,040816
model_784;17,092497;5,275510;5,275510
model_785;17,092497;5,275510;5,275510
model_786;20,106881;7,040816;7,040816
model_787;17,168959;5,040816;5,040816
model_788;27,425135;9,275510;9,275510
model_789;15,456791;5,040816;5,040816
model_79;77,517645;194,234694;100,000000
model_790;15,456791;5,040816;5,040816
model_791;28,620568;14,653061;14,653061
model_792;23,955885;7,214286;7,214286
model_793;17,999157;5,510204;5,510204
model_794;24,010856;7,336735;7,336735
model_795;22,541984;8,102041;8,102041
model_796;15,883828;5,857143;5,857143
model_797;16,416832;6,683673;6,683673
model_798;18,129001;6,683673;6,683673
model_799;18,129001;6,683673;6,683673
model_8;43,233492;31,438776;31,438776
model_80;75,892188;195,867347;100,000000
model_800;18,129001;6,683673;6,683673
model_801;16,340516;4,693878;4,693878
model_802;15,120008;6,622449;6,622449
model_803;27,425135;9,275510;9,275510
model_804;16,668574;6,040816;6,040816
model_805;27,294607;8,091837;8,091837
model_806;27,294607;8,091837;8,091837
model_807;27,294607;8,091837;8,091837
model_808;27,294607;8,091837;8,091837
model_809;24,115596;6,979592;6,979592
model_81;80,192104;193,826531;100,000000
model_810;28,839816;10,377551;10,377551
model_811;33,427636;11,724490;11,724490
model_812;33,427636;11,724490;11,724490
model_813;33,687891;11,724490;11,724490
model_814;33,687891;11,724490;11,724490
model_815;15,146106;5,683673;5,683673
model_816;14,912407;3,816327;3,816327
model_817;16,416832;6,683673;6,683673
model_818;16,416832;6,683673;6,683673
model_819;15,146106;5,683673;5,683673
model_82;75,361085;189,795918;100,000000
model_820;37,997221;19,459184;19,459184
model_821;37,997221;19,459184;19,459184
model_822;31,621434;18,816327;18,816327
model_823;31,621434;18,816327;18,816327
model_824;15,948213;4,163265;4,163265
model_825;25,116439;6,510204;6,510204
model_826;13,419550;5,040816;5,040816
model_827;36,430529;17,887755;17,887755
model_828;33,904588;15,193878;15,193878
model_829;18,395294;8,336735;8,336735
model_83;75,361085;189,795918;100,000000
model_830;17,586097;6,806122;6,806122
model_831;32,787466;17,244898;17,244898
model_832;35,879334;17,887755;17,887755
model_833;35,879334;17,887755;17,887755
model_834;33,443821;17,887755;17,887755
model_835;38,482670;17,653061;17,653061
model_836;38,482670;17,653061;17,653061
model_837;38,482670;17,653061;17,653061
model_838;33,050722;17,010204;17,010204
model_839;33,050722;17,010204;17,010204
model_84;75,361085;189,795918;100,000000
model_840;39,349128;18,357143;18,357143
model_841;39,349128;18,357143;18,357143
model_842;39,349128;18,357143;18,357143
model_843;39,349128;18,357143;18,357143
model_844;38,478168;17,010204;17,010204
model_845;39,349128;18,357143;18,357143
model_846;43,239884;43,530612;43,530612
model_847;20,505973;7,336735;7,336735
model_848;57,703226;48,030612;48,030612
model_849;24,934987;6,928571;6,928571
model_85;75,361085;189,795918;100,000000
model_850;19,619261;6,755102;6,755102
model_851;21,160884;6,755102;6,755102
model_852;15,433856;4,459184;4,459184
model_853;25,614236;17,336735;17,336735
model_854;31,100975;21,336735;21,336735
model_855;20,053493;10,663265;10,663265
model_856;20,053493;10,663265;10,663265
model_857;20,053493;10,663265;10,663265
model_858;18,065058;4,816327;4,816327
model_859;23,088960;14,346939;14,346939
model_86;75,469255;187,214286;100,000000
model_860;22,979336;14,581633;14,581633
model_861;13,309453;3,704082;3,704082
model_862;20,494458;6,928571;6,928571
model_863;40,139001;27,275510;27,275510
model_864;24,052587;10,000000;10,000000
model_865;24,052587;10,000000;10,000000
model_866;23,830007;10,234694;10,234694
model_867;56,636537;43,928571;43,928571
model_868;56,636537;43,928571;43,928571
model_869;27,789414;6,755102;6,755102
model_87;75,748324;193,469388;100,000000
model_870;27,108104;8,459184;8,459184
model_871;29,771106;10,744898;10,744898
model_872;28,864446;10,275510;10,275510
model_873;28,864446;10,275510;10,275510
model_874;30,791599;12,153061;12,153061
model_875;31,836554;11,622449;11,622449
model_876;30,585946;11,153061;11,153061
model_877;29,679286;10,683673;10,683673
model_878;32,237959;12,969388;12,969388
model_879;35,155209;17,438776;17,438776
model_88;75,748324;193,469388;100,000000
model_880;28,707184;10,214286;10,214286
model_881;29,415985;10,622449;10,622449
model_882;28,303057;10,214286;10,214286
model_883;28,931947;10,622449;10,622449
model_884;30,708537;12,438776;12,438776
model_885;28,931947;10,622449;10,622449
model_886;28,285541;6,755102;6,755102
model_887;28,285541;6,755102;6,755102
model_888;28,285541;6,755102;6,755102
model_889;28,285541;6,755102;6,755102
model_89;78,462047;193,469388;100,000000
model_890;28,708100;10,622449;10,622449
model_891;27,209693;9,806122;9,806122
model_892;28,298834;7,163265;7,163265
model_893;28,298834;7,163265;7,163265
model_894;28,298834;7,163265;7,163265
model_895;28,298834;7,163265;7,163265
model_896;30,122818;12,204082;12,204082
model_897;25,157886;6,755102;6,755102
model_898;31,649591;11,969388;11,969388
model_899;44,406848;18,775510;18,775510
model_9;18,658442;5,530612;5,530612
model_90;80,884829;193,469388;100,000000
model_900;20,808349;4,224490;4,224490
model_901;32,954371;12,969388;12,969388
model_902;32,367811;8,112245;8,112245
model_903;76,580096;152,469388;100,000000
model_904;76,088807;144,173469;100,000000
model_905;76,088807;144,173469;100,000000
model_906;76,088807;144,173469;100,000000
model_907;76,955260;152,816327;100,000000
model_908;23,060874;5,530612;5,530612
model_909;23,060874;5,530612;5,530612
model_91;81,671454;193,469388;100,000000
model_910;23,060874;5,530612;5,530612
model_911;22,123497;8,530612;8,530612
model_912;22,123497;8,530612;8,530612
model_913;22,234861;8,112245;8,112245
model_914;22,234861;8,112245;8,112245
model_915;22,234861;8,112245;8,112245
model_916;40,495588;24,071429;24,071429
model_917;44,154218;29,479592;29,479592
model_918;44,154218;29,479592;29,479592
model_919;40,495588;24,071429;24,071429
model_92;81,671454;193,469388;100,000000
model_920;40,495588;24,071429;24,071429
model_921;21,161744;8,479592;8,479592
model_922;23,239323;5,275510;5,275510
model_923;44,232286;29,244898;29,244898
model_924;40,653328;19,602041;19,602041
model_925;70,627226;187,142857;100,000000
model_926;70,627226;187,142857;100,000000
model_927;70,827873;191,224490;100,000000
model_928;70,827873;191,224490;100,000000
model_929;76,448246;186,275510;100,000000
model_93;83,320341;193,469388;100,000000
model_930;76,758286;189,142857;100,000000
model_931;76,758286;189,142857;100,000000
model_932;73,830085;183,387755;100,000000
model_933;52,264689;137,642857;100,000000
model_934;52,264689;137,642857;100,000000
model_935;52,264689;137,642857;100,000000
model_936;52,264689;137,642857;100,000000
model_937;80,169107;294,306122;100,000000
model_938;80,156907;295,071429;100,000000
model_939;80,094055;294,948980;100,000000
model_94;85,818443;193,469388;100,000000
model_940;80,175948;294,948980;100,000000
model_941;80,081930;295,714286;100,000000
model_942;80,163823;295,714286;100,000000
model_943;80,330122;300,346939;100,000000
model_944;80,317941;301,112245;100,000000
model_945;15,327794;3,581633;3,581633
model_946;15,327794;3,581633;3,581633
model_947;13,556828;3,816327;3,816327
model_948;15,913250;3,346939;3,346939
model_949;15,913250;3,346939;3,346939
model_95;73,571133;145,479592;100,000000
model_950;15,913250;3,346939;3,346939
model_951;15,913250;3,346939;3,346939
model_952;15,913250;3,346939;3,346939
model_953;15,913250;3,346939;3,346939
model_954;15,913250;3,346939;3,346939
model_955;15,913250;3,346939;3,346939
model_956;15,913250;3,346939;3,346939
model_957;26,791286;9,632653;9,632653
model_958;20,018199;8,561224;8,561224
model_959;15,913250;3,346939;3,346939
model_96;63,965813;148,591837;100,000000
model_960;21,390983;5,755102;5,755102
model_961;21,390983;5,755102;5,755102
model_962;22,418042;8,693878;8,693878
model_963;49,700535;41,581633;41,581633
model_964;21,806371;5,520408;5,520408
model_965;21,806371;5,520408;5,520408
model_966;21,806371;5,520408;5,520408
model_967;21,806371;5,520408;5,520408
model_968;21,806371;5,520408;5,520408
model_969;21,806371;5,520408;5,520408
model_97;63,965813;148,591837;100,000000
model_970;21,806371;5,520408;5,520408
model_971;22,376104;4,877551;4,877551
model_972;27,861602;7,867347;7,867347
model_973;63,282998;52,775510;52,775510
model_974;63,282998;52,775510;52,775510
model_975;63,282998;52,775510;52,775510
model_976;63,328323;52,775510;52,775510
model_977;55,749702;46,918367;46,918367
model_978;63,339532;54,010204;54,010204
model_979;57,466152;52,540816;52,540816
model_98;82,065485;195,744898;100,000000
model_980;55,698436;48,387755;48,387755
model_981;57,321641;53,010204;53,010204
model_982;51,395548;46,244898;46,244898
model_983;53,532220;44,081633;44,081633
model_984;53,532220;44,081633;44,081633
model_985;21,495301;6,459184;6,459184
model_986;21,495301;6,459184;6,459184
model_987;31,966215;14,224490;14,224490
model_988;30,899304;12,785714;12,785714
model_989;16,183961;6,448980;6,448980
model_99;82,065485;195,744898;100,000000
model_990;27,360679;15,683673;15,683673
model_991;28,931208;8,571429;8,571429
model_992;19,955058;6,102041;6,102041
model_993;18,373709;5,520408;5,520408
model_994;19,908262;6,102041;6,102041
model_995;23,585199;5,520408;5,520408
model_996;31,088901;7,571429;7,571429
model_997;14,707416;3,989796;3,989796
model_998;17,197794;6,693878;6,693878
model_999;14,247980;3,408163;3,408163
